record_id,ordinal,code,name,sector,agency,level,competence,annex,page,source,as_of,verified_details,code_needs_verification,file
PL1-0001,1,1.000477,Cấp Giấy phép quá cảnh hàng hóa cấm xuất khẩu. cấm nhập khẩu; hàng hóa tạm ngừng xuất khẩu. tạm ngừng nhập khẩu; hàng hóa cấm kinh doanh theo quy định pháp luật,Xuất nhập khẩu,Sở Công Thương,Toàn trình,Cấp tỉnh,1,1,https://datafiles.hanoi.gov.vn/gov-hni/8123/VanBan/2026/4/22/QD%20492%20PL1.pdf,2026-04-14,False,False,PL1-0001_1_000477.md
PL1-0002,2,1.001419,Cấp Giấy phép nhập khẩu sản phẩm thuốc lá để kinh doanh hàng miễn thuế,Xuất nhập khẩu,Sở Công Thương,Toàn trình,Cấp tỉnh,1,1,https://datafiles.hanoi.gov.vn/gov-hni/8123/VanBan/2026/4/22/QD%20492%20PL1.pdf,2026-04-14,False,False,PL1-0002_1_001419.md
PL1-0003,3,1.001062,Cấp Giấy phép kinh doanh tạm nhập. tái xuất,Xuất nhập khẩu,Sở Công Thương,Toàn trình,Cấp tỉnh,1,1,https://datafiles.hanoi.gov.vn/gov-hni/8123/VanBan/2026/4/22/QD%20492%20PL1.pdf,2026-04-14,False,False,PL1-0003_1_001062.md
PL1-0004,4,1.000957,Thủ tục cấp Giấy phép tạm nhập. tái xuất theo hình thức khác,Xuất nhập khẩu,Sở Công Thương,Toàn trình,Cấp tỉnh,1,1,https://datafiles.hanoi.gov.vn/gov-hni/8123/VanBan/2026/4/22/QD%20492%20PL1.pdf,2026-04-14,False,False,PL1-0004_1_000957.md
PL1-0005,5,1.000905,Thủ tục cấp Giấy phép tạm xuất. tái nhập,Xuất nhập khẩu,Sở Công Thương,Toàn trình,Cấp tỉnh,1,1,https://datafiles.hanoi.gov.vn/gov-hni/8123/VanBan/2026/4/22/QD%20492%20PL1.pdf,2026-04-14,False,False,PL1-0005_1_000905.md
PL1-0006,6,1.000890,Cấp Giấy phép kinh doanh chuyển khẩu,Xuất nhập khẩu,Sở Công Thương,Toàn trình,Cấp tỉnh,1,1,https://datafiles.hanoi.gov.vn/gov-hni/8123/VanBan/2026/4/22/QD%20492%20PL1.pdf,2026-04-14,False,False,PL1-0006_1_000890.md
PL1-0007,7,1.004155,Cấp Mã số kinh doanh tạm nhập. tái xuất hàng thực phẩm đông lạnh,Xuất nhập khẩu,Sở Công Thương,Toàn trình,Cấp tỉnh,1,1,https://datafiles.hanoi.gov.vn/gov-hni/8123/VanBan/2026/4/22/QD%20492%20PL1.pdf,2026-04-14,False,False,PL1-0007_1_004155.md
PL1-0008,8,1.004181,Cấp Mã số kinh doanh tạm nhập. tái xuất hàng hóa có thuế tiêu thụ đặc biệt,Xuất nhập khẩu,Sở Công Thương,Toàn trình,Cấp tỉnh,1,1,https://datafiles.hanoi.gov.vn/gov-hni/8123/VanBan/2026/4/22/QD%20492%20PL1.pdf,2026-04-14,False,False,PL1-0008_1_004181.md
PL1-0009,9,2.001758,Cấp Mã số kinh doanh tạm nhập. tái xuất hàng hóa đã qua sử dụng,Xuất nhập khẩu,Sở Công Thương,Toàn trình,Cấp tỉnh,1,1,https://datafiles.hanoi.gov.vn/gov-hni/8123/VanBan/2026/4/22/QD%20492%20PL1.pdf,2026-04-14,False,False,PL1-0009_2_001758.md
PL1-0010,10,1.000551,Sửa đổi. bổ sung/ cấp lại Mã số kinh doanh tạm nhập. tái xuất,Xuất nhập khẩu,Sở Công Thương,Toàn trình,Cấp tỉnh,1,1,https://datafiles.hanoi.gov.vn/gov-hni/8123/VanBan/2026/4/22/QD%20492%20PL1.pdf,2026-04-14,False,False,PL1-0010_1_000551.md
PL1-0011,11,1.003438,Cấp phép nhập khẩu mặt hàng có ảnh hưởng đến quốc phòng. an ninh nhưng không phục vụ quốc phòng. an ninh,Xuất nhập khẩu,Sở Công Thương,Toàn trình,Cấp tỉnh,1,1,https://datafiles.hanoi.gov.vn/gov-hni/8123/VanBan/2026/4/22/QD%20492%20PL1.pdf,2026-04-14,False,False,PL1-0011_1_003438.md
PL1-0012,12,1.001238,Thủ tục cấp Giấy chứng nhận lưu hành tự do (CFS) đối với hàng hóa xuất khẩu,Xuất nhập khẩu,Sở Công Thương,Toàn trình,Cấp tỉnh,1,1,https://datafiles.hanoi.gov.vn/gov-hni/8123/VanBan/2026/4/22/QD%20492%20PL1.pdf,2026-04-14,False,False,PL1-0012_1_001238.md
PL1-0013,13,1.001104,Thủ tục sửa đổi. bổ sung/ cấp lại Giấy chứng nhận lưu hành tự do (CFS) đối với hàng hóa xuất khẩu,Xuất nhập khẩu,Sở Công Thương,Toàn trình,Cấp tỉnh,1,1,https://datafiles.hanoi.gov.vn/gov-hni/8123/VanBan/2026/4/22/QD%20492%20PL1.pdf,2026-04-14,False,False,PL1-0013_1_001104.md
PL1-0014,14,1.004191,Sửa đổi. bổ sung/cấp lại Giấy phép kinh doanh tạm nhập. tái xuất; Giấy phép tạm nhập. tái xuất; Giấy phép tạm xuất. tái nhập; Giấy phép kinh doanh chuyển khẩu,Xuất nhập khẩu,Sở Công Thương,Toàn trình,Cấp tỉnh,1,1,https://datafiles.hanoi.gov.vn/gov-hni/8123/VanBan/2026/4/22/QD%20492%20PL1.pdf,2026-04-14,False,False,PL1-0014_1_004191.md
PL1-0015,15,1.000421,Thủ tục sửa đổi. bổ sung/cấp lại Giấy phép quá cảnh hàng hóa,Xuất nhập khẩu,Sở Công Thương,Toàn trình,Cấp tỉnh,1,1,https://datafiles.hanoi.gov.vn/gov-hni/8123/VanBan/2026/4/22/QD%20492%20PL1.pdf,2026-04-14,False,False,PL1-0015_1_000421.md
PL1-0016,16,2.001573,Chấm dứt hoạt động bán hàng đa cấp,Quản lý bán hàng đa cấp,Sở Công Thương,Toàn trình,Cấp tỉnh,1,1,https://datafiles.hanoi.gov.vn/gov-hni/8123/VanBan/2026/4/22/QD%20492%20PL1.pdf,2026-04-14,False,False,PL1-0016_2_001573.md
PL1-0017,17,1.003705,Công nhận chương trình đào tạo kiến thức pháp luật về bán hàng đa cấp,Quản lý bán hàng đa cấp,Sở Công Thương,Toàn trình,Cấp tỉnh,1,1,https://datafiles.hanoi.gov.vn/gov-hni/8123/VanBan/2026/4/22/QD%20492%20PL1.pdf,2026-04-14,False,False,PL1-0017_1_003705.md
PL1-0018,18,1.000376,Cấp Giấy phép thành lập Chi nhánh của thương nhân nước ngoài tại Việt Nam,Thương mại quốc tế,Sở Công Thương,Toàn trình,Cấp tỉnh,1,1,https://datafiles.hanoi.gov.vn/gov-hni/8123/VanBan/2026/4/22/QD%20492%20PL1.pdf,2026-04-14,False,False,PL1-0018_1_000376.md
PL1-0019,19,1.000667,Nhập khẩu máy móc. thiết bị chuyên ngành thuốc lá,Công nghiệp tiêu dùng,Sở Công Thương,Toàn trình,Cấp tỉnh,1,1,https://datafiles.hanoi.gov.vn/gov-hni/8123/VanBan/2026/4/22/QD%20492%20PL1.pdf,2026-04-14,False,False,PL1-0019_1_000667.md
PL1-0020,20,2.000209,Nhập khẩu thuốc lá nhằm mục đích phi thương mại,Công nghiệp tiêu dùng,Sở Công Thương,Toàn trình,Cấp tỉnh,1,1,https://datafiles.hanoi.gov.vn/gov-hni/8123/VanBan/2026/4/22/QD%20492%20PL1.pdf,2026-04-14,False,False,PL1-0020_2_000209.md
PL1-0021,21,1.000162,Chấp thuận đầu tư đổi mới thiết bị. công nghệ. đầu tư sản xuất thuốc lá xuất khẩu. gia công thuốc lá xuất khẩu. di chuyển địa điểm theo quy hoạch; đầu tư chế biến nguyên liệu thuốc lá,Công nghiệp tiêu dùng,Sở Công Thương,Toàn trình,Cấp tỉnh,1,1,https://datafiles.hanoi.gov.vn/gov-hni/8123/VanBan/2026/4/22/QD%20492%20PL1.pdf,2026-04-14,False,False,PL1-0021_1_000162.md
PL1-0022,22,1.000172,Chấp thuận nhập khẩu nguyên liệu thuốc lá. giấy cuốn điếu thuốc lá để sản xuất sản phẩm thuốc lá xuất khẩu hoặc gia công xuất khẩu sản phẩm thuốc lá,Công nghiệp tiêu dùng,Sở Công Thương,Toàn trình,Cấp tỉnh,1,1,https://datafiles.hanoi.gov.vn/gov-hni/8123/VanBan/2026/4/22/QD%20492%20PL1.pdf,2026-04-14,False,False,PL1-0022_1_000172.md
PL1-0023,23,1.000949,Chấp thuận nhập khẩu nguyên liệu thuốc lá để chế biến nguyên liệu thuốc lá xuất khẩu hoặc gia công chế biến nguyên liệu thuốc lá xuất khẩu,Công nghiệp tiêu dùng,Sở Công Thương,Toàn trình,Cấp tỉnh,1,1,https://datafiles.hanoi.gov.vn/gov-hni/8123/VanBan/2026/4/22/QD%20492%20PL1.pdf,2026-04-14,False,False,PL1-0023_1_000949.md
PL1-0024,24,1.001335,Nhập khẩu nguyên liệu thuốc lá. giấy cuốn điếu thuốc lá để sản xuất sản phẩm thuốc lá tiêu thụ trong nước,Công nghiệp tiêu dùng,Sở Công Thương,Toàn trình,Cấp tỉnh,1,1,https://datafiles.hanoi.gov.vn/gov-hni/8123/VanBan/2026/4/22/QD%20492%20PL1.pdf,2026-04-14,False,False,PL1-0024_1_001335.md
PL1-0025,25,1.003977,Cấp Giấy phép phân phối rượu,Lưu thông hàng hóa trong nước,Sở Công Thương,Toàn trình,Cấp tỉnh,1,1,https://datafiles.hanoi.gov.vn/gov-hni/8123/VanBan/2026/4/22/QD%20492%20PL1.pdf,2026-04-14,False,False,PL1-0025_1_003977.md
PL1-0026,26,1.005376,Cấp sửa đổi. bổ sung Giấy phép phân phối rượu,Lưu thông hàng hóa trong nước,Sở Công Thương,Toàn trình,Cấp tỉnh,1,1,https://datafiles.hanoi.gov.vn/gov-hni/8123/VanBan/2026/4/22/QD%20492%20PL1.pdf,2026-04-14,False,False,PL1-0026_1_005376.md
PL1-0027,27,1.003101,Cấp lại Giấy phép phân phối rượu,Lưu thông hàng hóa trong nước,Sở Công Thương,Toàn trình,Cấp tỉnh,1,1,https://datafiles.hanoi.gov.vn/gov-hni/8123/VanBan/2026/4/22/QD%20492%20PL1.pdf,2026-04-14,False,False,PL1-0027_1_003101.md
PL1-0028,28,1.001338,Cấp Giấy phép phân phối sản phẩm thuốc lá,Lưu thông hàng hóa trong nước,Sở Công Thương,Toàn trình,Cấp tỉnh,1,1,https://datafiles.hanoi.gov.vn/gov-hni/8123/VanBan/2026/4/22/QD%20492%20PL1.pdf,2026-04-14,False,False,PL1-0028_1_001338.md
PL1-0029,29,1.001323,Cấp sửa đổi. bổ sung Giấy phép phân phối sản phẩm thuốc lá,Lưu thông hàng hóa trong nước,Sở Công Thương,Toàn trình,Cấp tỉnh,1,1,https://datafiles.hanoi.gov.vn/gov-hni/8123/VanBan/2026/4/22/QD%20492%20PL1.pdf,2026-04-14,False,False,PL1-0029_1_001323.md
PL1-0030,30,2.000598,Cấp lại Giấy phép phân phối sản phẩm thuốc lá,Lưu thông hàng hóa trong nước,Sở Công Thương,Toàn trình,Cấp tỉnh,1,1,https://datafiles.hanoi.gov.vn/gov-hni/8123/VanBan/2026/4/22/QD%20492%20PL1.pdf,2026-04-14,False,False,PL1-0030_2_000598.md
PL1-0031,31,1.003390,Thông báo ứng dụng thương mại điện tử bán hàng,Thương mại điện tử,Sở Công Thương,Toàn trình,Cấp tỉnh,1,2,https://datafiles.hanoi.gov.vn/gov-hni/8123/VanBan/2026/4/22/QD%20492%20PL1.pdf,2026-04-14,False,False,PL1-0031_1_003390.md
PL1-0032,32,1.000880,Đăng ký hoạt động đánh giá tín nhiệm website thương mại điện tử,Thương mại điện tử,Sở Công Thương,Toàn trình,Cấp tỉnh,1,2,https://datafiles.hanoi.gov.vn/gov-hni/8123/VanBan/2026/4/22/QD%20492%20PL1.pdf,2026-04-14,False,False,PL1-0032_1_000880.md
PL1-0033,33,2.000243,Thông báo website thương mại điện tử bán hàng,Thương mại điện tử,Sở Công Thương,Toàn trình,Cấp tỉnh,1,2,https://datafiles.hanoi.gov.vn/gov-hni/8123/VanBan/2026/4/22/QD%20492%20PL1.pdf,2026-04-14,False,False,PL1-0033_2_000243.md
PL1-0034,34,1.002968,Thay đổi. chấm dứt thông tin đã thông báo về ứng dụng TMĐT bán hàng,Thương mại điện tử,Sở Công Thương,Toàn trình,Cấp tỉnh,1,2,https://datafiles.hanoi.gov.vn/gov-hni/8123/VanBan/2026/4/22/QD%20492%20PL1.pdf,2026-04-14,False,False,PL1-0034_1_002968.md
PL1-0035,35,1.000758,Thay đổi. chấm dứt thông tin đã thông báo về website TMĐT bán hàng,Thương mại điện tử,Sở Công Thương,Toàn trình,Cấp tỉnh,1,2,https://datafiles.hanoi.gov.vn/gov-hni/8123/VanBan/2026/4/22/QD%20492%20PL1.pdf,2026-04-14,False,False,PL1-0035_1_000758.md
PL1-0036,36,1.000799,Sửa đổi. bổ sung thông tin đăng ký hoạt động đánh giá tín nhiệm website TMĐT,Thương mại điện tử,Sở Công Thương,Toàn trình,Cấp tỉnh,1,2,https://datafiles.hanoi.gov.vn/gov-hni/8123/VanBan/2026/4/22/QD%20492%20PL1.pdf,2026-04-14,False,False,PL1-0036_1_000799.md
PL1-0037,37,2.000026,Đăng ký tổ chức Hội chợ. Triển lãm thương mại tại nước ngoài,Xúc tiến thương mại,Sở Công Thương,Toàn trình,Cấp tỉnh,1,2,https://datafiles.hanoi.gov.vn/gov-hni/8123/VanBan/2026/4/22/QD%20492%20PL1.pdf,2026-04-14,False,False,PL1-0037_2_000026.md
PL1-0038,38,2.000133,Đăng ký sửa đổi. bổ sung nội dung tổ chức hội chợ. triển lãm thương mại tại nước ngoài,Xúc tiến thương mại,Sở Công Thương,Toàn trình,Cấp tỉnh,1,2,https://datafiles.hanoi.gov.vn/gov-hni/8123/VanBan/2026/4/22/QD%20492%20PL1.pdf,2026-04-14,False,False,PL1-0038_2_000133.md
PL1-0039,39,1.005190,Đăng ký dấu nghiệp vụ giám định thương mại,Giám định thương mại/Dịch vụ Thương mại,Sở Công Thương,Toàn trình,Cấp tỉnh,1,2,https://datafiles.hanoi.gov.vn/gov-hni/8123/VanBan/2026/4/22/QD%20492%20PL1.pdf,2026-04-14,False,False,PL1-0039_1_005190.md
PL1-0040,40,2.000110,Đăng ký thay đổi dấu nghiệp vụ giám định thương mại,Giám định thương mại/Dịch vụ Thương mại,Sở Công Thương,Toàn trình,Cấp tỉnh,1,2,https://datafiles.hanoi.gov.vn/gov-hni/8123/VanBan/2026/4/22/QD%20492%20PL1.pdf,2026-04-14,False,False,PL1-0040_2_000110.md
PL1-0041,41,2.000117,Cấp Giấy chứng nhận đủ điều kiện an toàn thực phẩm đối với cơ sở kinh doanh thực phẩm,An toàn thực phẩm,Sở Công Thương,Toàn trình,Cấp tỉnh,1,2,https://datafiles.hanoi.gov.vn/gov-hni/8123/VanBan/2026/4/22/QD%20492%20PL1.pdf,2026-04-14,False,False,PL1-0041_2_000117.md
PL1-0042,42,2.000115,Cấp lại Giấy chứng nhận đủ điều kiện an toàn thực phẩm đối với cơ sở kinh doanh thực phẩm,An toàn thực phẩm,Sở Công Thương,Toàn trình,Cấp tỉnh,1,2,https://datafiles.hanoi.gov.vn/gov-hni/8123/VanBan/2026/4/22/QD%20492%20PL1.pdf,2026-04-14,False,False,PL1-0042_2_000115.md
PL1-0043,43,2.000591,Cấp Giấy chứng nhận cơ sở đủ điều kiện an toàn thực phẩm đối với cơ sở sản xuất. kinh doanh thực phẩm,An toàn thực phẩm,Sở Công Thương,Toàn trình,Cấp tỉnh và cấp xã,1,2,https://datafiles.hanoi.gov.vn/gov-hni/8123/VanBan/2026/4/22/QD%20492%20PL1.pdf,2026-04-14,False,False,PL1-0043_2_000591.md
PL1-0044,44,2.000535,Cấp lại Giấy chứng nhận đủ điều kiện an toàn thực phẩm đối với cơ sở sản xuất. kinh doanh thực phẩm,An toàn thực phẩm,Sở Công Thương,Toàn trình,Cấp tỉnh và cấp xã,1,2,https://datafiles.hanoi.gov.vn/gov-hni/8123/VanBan/2026/4/22/QD%20492%20PL1.pdf,2026-04-14,False,False,PL1-0044_2_000535.md
PL1-0045,45,1.013990,Cấp lại quyết định chỉ định tổ chức đánh giá sự phù hợp,Chất lượng sản phẩm hàng hóa,Sở Công Thương,Toàn trình,Cấp tỉnh,1,2,https://datafiles.hanoi.gov.vn/gov-hni/8123/VanBan/2026/4/22/QD%20492%20PL1.pdf,2026-04-14,False,False,PL1-0045_1_013990.md
PL1-0046,46,2.000604,Cấp Giấy chứng nhận đăng ký hoạt động kiểm định,Chất lượng sản phẩm hàng hóa,Sở Công Thương,Toàn trình,Cấp tỉnh,1,2,https://datafiles.hanoi.gov.vn/gov-hni/8123/VanBan/2026/4/22/QD%20492%20PL1.pdf,2026-04-14,False,False,PL1-0046_2_000604.md
PL1-0047,47,2.001665,Cấp lại Giấy chứng nhận đăng ký hoạt động kiểm định,Chất lượng sản phẩm hàng hóa,Sở Công Thương,Toàn trình,Cấp tỉnh,1,2,https://datafiles.hanoi.gov.vn/gov-hni/8123/VanBan/2026/4/22/QD%20492%20PL1.pdf,2026-04-14,False,False,PL1-0047_2_001665.md
PL1-0048,48,2.001675,Cấp bổ sung. sửa đổi Giấy chứng nhận đăng ký hoạt động kiểm định,Chất lượng sản phẩm hàng hóa,Sở Công Thương,Toàn trình,Cấp tỉnh,1,2,https://datafiles.hanoi.gov.vn/gov-hni/8123/VanBan/2026/4/22/QD%20492%20PL1.pdf,2026-04-14,False,False,PL1-0048_2_001675.md
PL1-0049,49,2.000046,Cấp thông báo xác nhận công bố sản phẩm hàng hóa nhóm 2 phù hợp với quy chuẩn kỹ thuật tương ứng,Chất lượng sản phẩm hàng hóa,Sở Công Thương,Toàn trình,Cấp tỉnh,1,2,https://datafiles.hanoi.gov.vn/gov-hni/8123/VanBan/2026/4/22/QD%20492%20PL1.pdf,2026-04-14,False,False,PL1-0049_2_000046.md
PL1-0050,50,1.001271,Cấp Giấy chứng nhận đăng ký hoạt động thử nghiệm,Tiêu chuẩn đo lường chất lượng,Sở Công Thương,Toàn trình,Cấp tỉnh,1,2,https://datafiles.hanoi.gov.vn/gov-hni/8123/VanBan/2026/4/22/QD%20492%20PL1.pdf,2026-04-14,False,False,PL1-0050_1_001271.md
PL1-0051,51,2.000618,Cấp bổ sung. sửa đổi Giấy chứng nhận đăng ký hoạt động thử nghiệm,Tiêu chuẩn đo lường chất lượng,Sở Công Thương,Toàn trình,Cấp tỉnh,1,2,https://datafiles.hanoi.gov.vn/gov-hni/8123/VanBan/2026/4/22/QD%20492%20PL1.pdf,2026-04-14,False,False,PL1-0051_2_000618.md
PL1-0052,52,2.000613,Cấp lại Giấy chứng nhận đăng ký hoạt động thử nghiệm,Tiêu chuẩn đo lường chất lượng,Sở Công Thương,Toàn trình,Cấp tỉnh,1,2,https://datafiles.hanoi.gov.vn/gov-hni/8123/VanBan/2026/4/22/QD%20492%20PL1.pdf,2026-04-14,False,False,PL1-0052_2_000613.md
PL1-0053,53,1.000878,Cấp Giấy chứng nhận đăng ký hoạt động giám định,Tiêu chuẩn đo lường chất lượng,Sở Công Thương,Toàn trình,Cấp tỉnh,1,2,https://datafiles.hanoi.gov.vn/gov-hni/8123/VanBan/2026/4/22/QD%20492%20PL1.pdf,2026-04-14,False,False,PL1-0053_1_000878.md
PL1-0054,54,2.000401,Cấp bổ sung. sửa đổi Giấy chứng nhận đăng ký hoạt động giám định,Tiêu chuẩn đo lường chất lượng,Sở Công Thương,Toàn trình,Cấp tỉnh,1,2,https://datafiles.hanoi.gov.vn/gov-hni/8123/VanBan/2026/4/22/QD%20492%20PL1.pdf,2026-04-14,False,False,PL1-0054_2_000401.md
PL1-0055,55,2.000251,Cấp lại Giấy chứng nhận đăng ký hoạt động giám định,Tiêu chuẩn đo lường chất lượng,Sở Công Thương,Toàn trình,Cấp tỉnh,1,2,https://datafiles.hanoi.gov.vn/gov-hni/8123/VanBan/2026/4/22/QD%20492%20PL1.pdf,2026-04-14,False,False,PL1-0055_2_000251.md
PL1-0056,56,1.001292,Cấp Giấy chứng nhận đăng ký hoạt động chứng nhận,Tiêu chuẩn đo lường chất lượng,Sở Công Thương,Toàn trình,Cấp tỉnh,1,2,https://datafiles.hanoi.gov.vn/gov-hni/8123/VanBan/2026/4/22/QD%20492%20PL1.pdf,2026-04-14,False,False,PL1-0056_1_001292.md
PL1-0057,57,2.000628,Cấp bổ sung. sửa đổi Giấy chứng nhận đăng ký hoạt động chứng nhận,Tiêu chuẩn đo lường chất lượng,Sở Công Thương,Toàn trình,Cấp tỉnh,1,2,https://datafiles.hanoi.gov.vn/gov-hni/8123/VanBan/2026/4/22/QD%20492%20PL1.pdf,2026-04-14,False,False,PL1-0057_2_000628.md
PL1-0058,58,2.000624,Cấp lại Giấy chứng nhận đăng ký hoạt động chứng nhận,Tiêu chuẩn đo lường chất lượng,Sở Công Thương,Toàn trình,Cấp tỉnh,1,2,https://datafiles.hanoi.gov.vn/gov-hni/8123/VanBan/2026/4/22/QD%20492%20PL1.pdf,2026-04-14,False,False,PL1-0058_2_000624.md
PL1-0059,59,2.000140,Cấp chứng chỉ kiểm định viên,An toàn Vệ sinh lao động,Sở Công Thương,Toàn trình,Cấp tỉnh,1,2,https://datafiles.hanoi.gov.vn/gov-hni/8123/VanBan/2026/4/22/QD%20492%20PL1.pdf,2026-04-14,False,False,PL1-0059_2_000140.md
PL1-0060,60,2.000066,Cấp lại chứng chỉ kiểm định viên,An toàn Vệ sinh lao động,Sở Công Thương,Toàn trình,Cấp tỉnh,1,2,https://datafiles.hanoi.gov.vn/gov-hni/8123/VanBan/2026/4/22/QD%20492%20PL1.pdf,2026-04-14,False,False,PL1-0060_2_000066.md
PL1-0061,61,1.013417,Cấp lại giấy phép hoạt động điện lực thuộc thẩm quyền cấp của Ủy ban nhân dân cấp tỉnh (trừ trường hợp giấy phép bị mất. bị hỏng),Điện lực,Sở Công Thương,Toàn trình,Cấp tỉnh,1,2,https://datafiles.hanoi.gov.vn/gov-hni/8123/VanBan/2026/4/22/QD%20492%20PL1.pdf,2026-04-14,False,False,PL1-0061_1_013417.md
PL1-0062,62,1.013418,Cấp gia hạn giấy phép hoạt động điện lực thuộc thẩm quyền cấp của UBND cấp tỉnh,Điện lực,Sở Công Thương,Toàn trình,Cấp tỉnh,1,2,https://datafiles.hanoi.gov.vn/gov-hni/8123/VanBan/2026/4/22/QD%20492%20PL1.pdf,2026-04-14,False,False,PL1-0062_1_013418.md
PL1-0063,63,1.013419,Cấp sửa đổi. bổ sung giấy phép hoạt động điện lực thuộc thẩm quyền cấp của UBND cấp tỉnh,Điện lực,Sở Công Thương,Toàn trình,Cấp tỉnh,1,3,https://datafiles.hanoi.gov.vn/gov-hni/8123/VanBan/2026/4/22/QD%20492%20PL1.pdf,2026-04-14,False,False,PL1-0063_1_013419.md
PL1-0064,64,1.013420,Cấp lại giấy phép hoạt động điện lực thuộc thẩm quyền cấp của UBND cấp tỉnh trong trường hợp giấy phép bị mất. bị hỏng,Điện lực,Sở Công Thương,Toàn trình,Cấp tỉnh,1,3,https://datafiles.hanoi.gov.vn/gov-hni/8123/VanBan/2026/4/22/QD%20492%20PL1.pdf,2026-04-14,False,False,PL1-0064_1_013420.md
PL1-0065,65,1.000363,Cấp phép nhập khẩu tự động thuốc lá điếu. xì gà,Xuất nhập khẩu,Sở Công Thương,Toàn trình,Cấp tỉnh,1,3,https://datafiles.hanoi.gov.vn/gov-hni/8123/VanBan/2026/4/22/QD%20492%20PL1.pdf,2026-04-14,False,False,PL1-0065_1_000363.md
PL1-0066,66,1.000264,Đăng ký Giấy chứng nhận hạn ngạch thuế quan xuất khẩu mật ong tự nhiên sang Nhật Bản,Xuất nhập khẩu,Sở Công Thương,Toàn trình,Cấp tỉnh,1,3,https://datafiles.hanoi.gov.vn/gov-hni/8123/VanBan/2026/4/22/QD%20492%20PL1.pdf,2026-04-14,False,False,PL1-0066_1_000264.md
PL1-0067,67,1.000400,Cấp Chứng thư xuất khẩu cho hàng dệt may xuất khẩu sang Mêhico,Xuất nhập khẩu,Sở Công Thương,Toàn trình,Cấp tỉnh,1,3,https://datafiles.hanoi.gov.vn/gov-hni/8123/VanBan/2026/4/22/QD%20492%20PL1.pdf,2026-04-14,False,False,PL1-0067_1_000400.md
PL1-0068,68,1.000665,Cấp Giấy chứng nhận xuất xứ hàng hóa (C/O) ưu đãi Mẫu D,Xuất nhập khẩu,Sở Công Thương,Toàn trình,Cấp tỉnh,1,3,https://datafiles.hanoi.gov.vn/gov-hni/8123/VanBan/2026/4/22/QD%20492%20PL1.pdf,2026-04-14,False,False,PL1-0068_1_000665.md
PL1-0069,69,1.000695,Cấp Giấy chứng nhận xuất xứ hàng hóa (C/O) ưu đãi Mẫu E,Xuất nhập khẩu,Sở Công Thương,Toàn trình,Cấp tỉnh,1,3,https://datafiles.hanoi.gov.vn/gov-hni/8123/VanBan/2026/4/22/QD%20492%20PL1.pdf,2026-04-14,False,False,PL1-0069_1_000695.md
PL1-0070,70,1.000603,Cấp Giấy chứng nhận xuất xứ hàng hóa (C/O) ưu đãi Mẫu AK,Xuất nhập khẩu,Sở Công Thương,Toàn trình,Cấp tỉnh,1,3,https://datafiles.hanoi.gov.vn/gov-hni/8123/VanBan/2026/4/22/QD%20492%20PL1.pdf,2026-04-14,False,False,PL1-0070_1_000603.md
PL1-0071,71,1.000432,Cấp Giấy chứng nhận xuất xứ hàng hóa (C/O) ưu đãi Mẫu AJ,Xuất nhập khẩu,Sở Công Thương,Toàn trình,Cấp tỉnh,1,3,https://datafiles.hanoi.gov.vn/gov-hni/8123/VanBan/2026/4/22/QD%20492%20PL1.pdf,2026-04-14,False,False,PL1-0071_1_000432.md
PL1-0072,72,2.000303,Cấp Giấy chứng nhận xuất xứ hàng hóa (C/O) ưu đãi Mẫu AI,Xuất nhập khẩu,Sở Công Thương,Toàn trình,Cấp tỉnh,1,3,https://datafiles.hanoi.gov.vn/gov-hni/8123/VanBan/2026/4/22/QD%20492%20PL1.pdf,2026-04-14,False,False,PL1-0072_2_000303.md
PL1-0073,73,1.000694,Cấp Giấy chứng nhận xuất xứ hàng hóa (C/O) ưu đãi Mẫu AANZ,Xuất nhập khẩu,Sở Công Thương,Toàn trình,Cấp tỉnh,1,3,https://datafiles.hanoi.gov.vn/gov-hni/8123/VanBan/2026/4/22/QD%20492%20PL1.pdf,2026-04-14,False,False,PL1-0073_1_000694.md
PL1-0074,74,1.000676,Cấp Giấy chứng nhận xuất xứ hàng hóa (C/O) ưu đãi Mẫu S,Xuất nhập khẩu,Sở Công Thương,Toàn trình,Cấp tỉnh,1,3,https://datafiles.hanoi.gov.vn/gov-hni/8123/VanBan/2026/4/22/QD%20492%20PL1.pdf,2026-04-14,False,False,PL1-0074_1_000676.md
PL1-0075,75,2.000260,Cấp Giấy chứng nhận xuất xứ hàng hóa (C/O) ưu đãi Mẫu X,Xuất nhập khẩu,Sở Công Thương,Toàn trình,Cấp tỉnh,1,3,https://datafiles.hanoi.gov.vn/gov-hni/8123/VanBan/2026/4/22/QD%20492%20PL1.pdf,2026-04-14,False,False,PL1-0075_2_000260.md
PL1-0076,76,1.000686,Cấp Giấy chứng nhận xuất xứ hàng hóa (C/O) ưu đãi Mẫu VJ,Xuất nhập khẩu,Sở Công Thương,Toàn trình,Cấp tỉnh,1,3,https://datafiles.hanoi.gov.vn/gov-hni/8123/VanBan/2026/4/22/QD%20492%20PL1.pdf,2026-04-14,False,False,PL1-0076_1_000686.md
PL1-0077,77,1.000664,Cấp Giấy chứng nhận xuất xứ hàng hóa (C/O) ưu đãi Mẫu VC,Xuất nhập khẩu,Sở Công Thương,Toàn trình,Cấp tỉnh,1,3,https://datafiles.hanoi.gov.vn/gov-hni/8123/VanBan/2026/4/22/QD%20492%20PL1.pdf,2026-04-14,False,False,PL1-0077_1_000664.md
PL1-0078,78,1.000431,Cấp Giấy chứng nhận xuất xứ hàng hóa (C/O) ưu đãi Mẫu VK,Xuất nhập khẩu,Sở Công Thương,Toàn trình,Cấp tỉnh,1,3,https://datafiles.hanoi.gov.vn/gov-hni/8123/VanBan/2026/4/22/QD%20492%20PL1.pdf,2026-04-14,False,False,PL1-0078_1_000431.md
PL1-0079,79,1.000382,Cấp Giấy chứng nhận xuất xứ hàng hóa (C/O) ưu đãi Mẫu EAV,Xuất nhập khẩu,Sở Công Thương,Toàn trình,Cấp tỉnh,1,3,https://datafiles.hanoi.gov.vn/gov-hni/8123/VanBan/2026/4/22/QD%20492%20PL1.pdf,2026-04-14,False,False,PL1-0079_1_000382.md
PL1-0080,80,1.000450,Cấp Giấy chứng nhận xuất xứ hàng hóa (C/O) không ưu đãi Mẫu B,Xuất nhập khẩu,Sở Công Thương,Toàn trình,Cấp tỉnh,1,3,https://datafiles.hanoi.gov.vn/gov-hni/8123/VanBan/2026/4/22/QD%20492%20PL1.pdf,2026-04-14,False,False,PL1-0080_1_000450.md
PL1-0081,81,1.001298,Cấp Giấy chứng nhận xuất xứ hàng hóa (C/O) cho hàng hóa gửi kho ngoại quan đến các nước thành viên theo điều ước quốc tế mà Việt Nam ký kết hoặc gia nhập,Xuất nhập khẩu,Sở Công Thương,Toàn trình,Cấp tỉnh,1,3,https://datafiles.hanoi.gov.vn/gov-hni/8123/VanBan/2026/4/22/QD%20492%20PL1.pdf,2026-04-14,False,False,PL1-0081_1_001298.md
PL1-0082,82,1.001370,Cấp Giấy chứng nhận xuất xứ hàng hóa (C/O) cho hàng hóa xuất khẩu. nhập khẩu từ doanh nghiệp chế xuất. khu chế xuất. kho ngoại quan. khu phi thuế quan và các khu vực hải quan riêng khác có quan hệ xuất nhập khẩu với nội địa,Xuất nhập khẩu,Sở Công Thương,Toàn trình,Cấp tỉnh,1,3,https://datafiles.hanoi.gov.vn/gov-hni/8123/VanBan/2026/4/22/QD%20492%20PL1.pdf,2026-04-14,False,False,PL1-0082_1_001370.md
PL1-0083,83,1.001380,Cấp Giấy chứng nhận xuất xứ hàng hóa (C/O) cấp sau,Xuất nhập khẩu,Sở Công Thương,Toàn trình,Cấp tỉnh,1,3,https://datafiles.hanoi.gov.vn/gov-hni/8123/VanBan/2026/4/22/QD%20492%20PL1.pdf,2026-04-14,False,False,PL1-0083_1_001380.md
PL1-0084,84,1.001383,Cấp lại Giấy chứng nhận xuất xứ hàng hóa (C/O),Xuất nhập khẩu,Sở Công Thương,Toàn trình,Cấp tỉnh,1,3,https://datafiles.hanoi.gov.vn/gov-hni/8123/VanBan/2026/4/22/QD%20492%20PL1.pdf,2026-04-14,False,False,PL1-0084_1_001383.md
PL1-0085,85,1.003522,Cấp Giấy chứng nhận xuất xứ hàng hóa (C/O) giáp lưng,Xuất nhập khẩu,Sở Công Thương,Toàn trình,Cấp tỉnh,1,3,https://datafiles.hanoi.gov.vn/gov-hni/8123/VanBan/2026/4/22/QD%20492%20PL1.pdf,2026-04-14,False,False,PL1-0085_1_003522.md
PL1-0086,86,2.001372,Cấp Giấy chứng nhận xuất xứ hàng hóa (C/O) ưu đãi Mẫu CPTPP,Xuất nhập khẩu,Sở Công Thương,Toàn trình,Cấp tỉnh,1,3,https://datafiles.hanoi.gov.vn/gov-hni/8123/VanBan/2026/4/22/QD%20492%20PL1.pdf,2026-04-14,False,False,PL1-0086_2_001372.md
PL1-0087,87,1.007968,Cấp Giấy chứng nhận xuất xứ hàng hóa (C/O) ưu đãi Mẫu AHK,Xuất nhập khẩu,Sở Công Thương,Toàn trình,Cấp tỉnh,1,3,https://datafiles.hanoi.gov.vn/gov-hni/8123/VanBan/2026/4/22/QD%20492%20PL1.pdf,2026-04-14,False,False,PL1-0087_1_007968.md
PL1-0088,88,1.008361,Cấp Giấy chứng nhận xuất xứ hàng hóa (C/O) ưu đãi Mẫu VN-CU,Xuất nhập khẩu,Sở Công Thương,Toàn trình,Cấp tỉnh,1,3,https://datafiles.hanoi.gov.vn/gov-hni/8123/VanBan/2026/4/22/QD%20492%20PL1.pdf,2026-04-14,False,False,PL1-0088_1_008361.md
PL1-0089,89,1.008667,Cấp Giấy chứng nhận xuất xứ hàng hóa (C/O) Mẫu EUR.1,Xuất nhập khẩu,Sở Công Thương,Toàn trình,Cấp tỉnh,1,3,https://datafiles.hanoi.gov.vn/gov-hni/8123/VanBan/2026/4/22/QD%20492%20PL1.pdf,2026-04-14,False,False,PL1-0089_1_008667.md
PL1-0090,90,1.010056,Cấp Giấy chứng nhận xuất xứ hàng hóa (C/O) ưu đãi Mẫu EUR.1 trong UKVFTA,Xuất nhập khẩu,Sở Công Thương,Toàn trình,Cấp tỉnh,1,3,https://datafiles.hanoi.gov.vn/gov-hni/8123/VanBan/2026/4/22/QD%20492%20PL1.pdf,2026-04-14,False,False,PL1-0090_1_010056.md
PL1-0091,91,1.010762,Cấp Giấy chứng nhận xuất xứ hàng hóa (C/O) ưu đãi Mẫu RCEP,Xuất nhập khẩu,Sở Công Thương,Toàn trình,Cấp tỉnh,1,3,https://datafiles.hanoi.gov.vn/gov-hni/8123/VanBan/2026/4/22/QD%20492%20PL1.pdf,2026-04-14,False,False,PL1-0091_1_010762.md
PL1-0092,92,1.000366,Cấp Văn bản chấp thuận tự chứng nhận xuất xứ hàng hóa trong ASEAN,Xuất nhập khẩu,Sở Công Thương,Toàn trình,Cấp tỉnh,1,3,https://datafiles.hanoi.gov.vn/gov-hni/8123/VanBan/2026/4/22/QD%20492%20PL1.pdf,2026-04-14,False,False,PL1-0092_1_000366.md
PL1-0093,93,1.008882,Cấp sửa đổi. bổ sung Văn bản chấp thuận tự chứng nhận xuất xứ hàng hóa trong ASEAN,Xuất nhập khẩu,Sở Công Thương,Toàn trình,Cấp tỉnh,1,3,https://datafiles.hanoi.gov.vn/gov-hni/8123/VanBan/2026/4/22/QD%20492%20PL1.pdf,2026-04-14,False,False,PL1-0093_1_008882.md
PL1-0094,94,2.000190,Cấp Giấy phép bán buôn sản phẩm thuốc lá,Lưu thông hàng hóa trong nước,Sở Công Thương,Toàn trình,Cấp tỉnh,1,3,https://datafiles.hanoi.gov.vn/gov-hni/8123/VanBan/2026/4/22/QD%20492%20PL1.pdf,2026-04-14,False,False,PL1-0094_2_000190.md
PL1-0095,95,2.000176,Cấp sửa đổi. bổ sung Giấy phép bán buôn sản phẩm thuốc lá,Lưu thông hàng hóa trong nước,Sở Công Thương,Toàn trình,Cấp tỉnh,1,3,https://datafiles.hanoi.gov.vn/gov-hni/8123/VanBan/2026/4/22/QD%20492%20PL1.pdf,2026-04-14,False,False,PL1-0095_2_000176.md
PL1-0096,96,2.000167,Cấp lại Giấy phép bán buôn sản phẩm thuốc lá,Lưu thông hàng hóa trong nước,Sở Công Thương,Toàn trình,Cấp tỉnh,1,3,https://datafiles.hanoi.gov.vn/gov-hni/8123/VanBan/2026/4/22/QD%20492%20PL1.pdf,2026-04-14,False,False,PL1-0096_2_000167.md
PL1-0097,97,2.000673,Cấp Giấy xác nhận đủ điều kiện làm đại lý bán lẻ xăng dầu,Lưu thông hàng hóa trong nước,Sở Công Thương,Toàn trình,Cấp tỉnh,1,3,https://datafiles.hanoi.gov.vn/gov-hni/8123/VanBan/2026/4/22/QD%20492%20PL1.pdf,2026-04-14,False,False,PL1-0097_2_000673.md
PL1-0098,98,2.000672,Cấp lại Giấy xác nhận đủ điều kiện làm đại lý bán lẻ xăng dầu,Lưu thông hàng hóa trong nước,Sở Công Thương,Toàn trình,Cấp tỉnh,1,3,https://datafiles.hanoi.gov.vn/gov-hni/8123/VanBan/2026/4/22/QD%20492%20PL1.pdf,2026-04-14,False,False,PL1-0098_2_000672.md
PL1-0099,99,2.000669,Cấp sửa đổi. bổ sung Giấy xác nhận đủ điều kiện làm đại lý bán lẻ xăng dầu,Lưu thông hàng hóa trong nước,Sở Công Thương,Toàn trình,Cấp tỉnh,1,3,https://datafiles.hanoi.gov.vn/gov-hni/8123/VanBan/2026/4/22/QD%20492%20PL1.pdf,2026-04-14,False,False,PL1-0099_2_000669.md
PL1-0100,100,2.000648,Cấp Giấy chứng nhận cửa hàng đủ điều kiện bán lẻ xăng dầu,Lưu thông hàng hóa trong nước,Sở Công Thương,Toàn trình,Cấp tỉnh,1,3,https://datafiles.hanoi.gov.vn/gov-hni/8123/VanBan/2026/4/22/QD%20492%20PL1.pdf,2026-04-14,False,False,PL1-0100_2_000648.md
PL1-0101,101,2.000647,Cấp lại Giấy chứng nhận cửa hàng đủ điều kiện bán lẻ xăng dầu,Lưu thông hàng hóa trong nước,Sở Công Thương,Toàn trình,Cấp tỉnh,1,3,https://datafiles.hanoi.gov.vn/gov-hni/8123/VanBan/2026/4/22/QD%20492%20PL1.pdf,2026-04-14,False,False,PL1-0101_2_000647.md
PL1-0102,102,2.000645,Cấp sửa đổi. bổ sung Giấy chứng nhận cửa hàng đủ điều kiện bán lẻ xăng dầu,Lưu thông hàng hóa trong nước,Sở Công Thương,Toàn trình,Cấp tỉnh,1,3,https://datafiles.hanoi.gov.vn/gov-hni/8123/VanBan/2026/4/22/QD%20492%20PL1.pdf,2026-04-14,False,False,PL1-0102_2_000645.md
PL1-0103,103,2.001624,Cấp Giấy phép bán buôn rượu trên địa bàn tỉnh. thành phố trực thuộc Trung ương,Lưu thông hàng hóa trong nước,Sở Công Thương,Toàn trình,Cấp tỉnh,1,3,https://datafiles.hanoi.gov.vn/gov-hni/8123/VanBan/2026/4/22/QD%20492%20PL1.pdf,2026-04-14,False,False,PL1-0103_2_001624.md
PL1-0104,104,2.001619,Cấp sửa đổi. bổ sung Giấy phép bán buôn rượu trên địa bàn tỉnh. thành phố trực thuộc Trung ương,Lưu thông hàng hóa trong nước,Sở Công Thương,Toàn trình,Cấp tỉnh,1,3,https://datafiles.hanoi.gov.vn/gov-hni/8123/VanBan/2026/4/22/QD%20492%20PL1.pdf,2026-04-14,False,False,PL1-0104_2_001619.md
PL1-0105,105,2.000636,Cấp lại Giấy phép bán buôn rượu trên địa bàn tỉnh. thành phố trực thuộc Trung ương,Lưu thông hàng hóa trong nước,Sở Công Thương,Toàn trình,Cấp tỉnh,1,4,https://datafiles.hanoi.gov.vn/gov-hni/8123/VanBan/2026/4/22/QD%20492%20PL1.pdf,2026-04-14,False,False,PL1-0105_2_000636.md
PL1-0106,106,2.000666,Cấp sửa đổi. bổ sung Giấy xác nhận đủ điều kiện làm tổng đại lý kinh doanh xăng dầu thuộc thẩm quyền cấp của Sở Công Thương,Lưu thông hàng hóa trong nước,Sở Công Thương,Toàn trình,Cấp tỉnh,1,4,https://datafiles.hanoi.gov.vn/gov-hni/8123/VanBan/2026/4/22/QD%20492%20PL1.pdf,2026-04-14,False,False,PL1-0106_2_000666.md
PL1-0107,107,2.000664,Cấp lại Giấy xác nhận đủ điều kiện làm tổng đại lý kinh doanh xăng dầu thuộc thẩm quyền cấp của Sở Công Thương,Lưu thông hàng hóa trong nước,Sở Công Thương,Toàn trình,Cấp tỉnh,1,4,https://datafiles.hanoi.gov.vn/gov-hni/8123/VanBan/2026/4/22/QD%20492%20PL1.pdf,2026-04-14,False,False,PL1-0107_2_000664.md
PL1-0108,108,2.000004,Đăng ký hoạt động khuyến mại đối với chương trình khuyến mại mang tính may rủi thực hiện trên địa bàn 01 tỉnh. thành phố trực thuộc Trung ương,Xúc tiến thương mại,Sở Công Thương,Toàn trình,Cấp tỉnh,1,4,https://datafiles.hanoi.gov.vn/gov-hni/8123/VanBan/2026/4/22/QD%20492%20PL1.pdf,2026-04-14,False,False,PL1-0108_2_000004.md
PL1-0109,109,2.000002,Đăng ký sửa đổi. bổ sung nội dung chương trình khuyến mại đối với chương trình khuyến mại mang tính may rủi thực hiện trên địa bàn 01 tỉnh. thành phố trực thuộc Trung ương,Xúc tiến thương mại,Sở Công Thương,Toàn trình,Cấp tỉnh,1,4,https://datafiles.hanoi.gov.vn/gov-hni/8123/VanBan/2026/4/22/QD%20492%20PL1.pdf,2026-04-14,False,False,PL1-0109_2_000002.md
PL1-0110,110,2.000033,Thông báo hoạt động khuyến mại,Xúc tiến thương mại,Sở Công Thương,Toàn trình,Cấp tỉnh và cấp xã,1,4,https://datafiles.hanoi.gov.vn/gov-hni/8123/VanBan/2026/4/22/QD%20492%20PL1.pdf,2026-04-14,False,False,PL1-0110_2_000033.md
PL1-0111,111,2.001474,Thông báo sửa đổi. bổ sung nội dung chương trình khuyến mại,Xúc tiến thương mại,Sở Công Thương,Toàn trình,Cấp tỉnh và cấp xã,1,4,https://datafiles.hanoi.gov.vn/gov-hni/8123/VanBan/2026/4/22/QD%20492%20PL1.pdf,2026-04-14,False,False,PL1-0111_2_001474.md
PL1-0112,112,2.000191,Đăng ký hợp đồng theo mẫu. điều kiện giao dịch chung thuộc thẩm quyền của Sở Công Thương,Quản lý cạnh tranh/ Bảo vệ quyền lợi người tiêu dùng,Sở Công Thương,Toàn trình,Cấp tỉnh,1,4,https://datafiles.hanoi.gov.vn/gov-hni/8123/VanBan/2026/4/22/QD%20492%20PL1.pdf,2026-04-14,False,False,PL1-0112_2_000191.md
PL1-0113,113,2.000309,Đăng ký hoạt động bán hàng đa cấp tại địa phương,Quản lý cạnh tranh/ Bảo vệ quyền lợi người tiêu dùng,Sở Công Thương,Toàn trình,Cấp tỉnh,1,4,https://datafiles.hanoi.gov.vn/gov-hni/8123/VanBan/2026/4/22/QD%20492%20PL1.pdf,2026-04-14,False,False,PL1-0113_2_000309.md
PL1-0114,114,2.000631,Đăng ký sửa đổi. bổ sung nội dung hoạt động bán hàng đa cấp tại địa phương,Quản lý cạnh tranh/ Bảo vệ quyền lợi người tiêu dùng,Sở Công Thương,Toàn trình,Cấp tỉnh,1,4,https://datafiles.hanoi.gov.vn/gov-hni/8123/VanBan/2026/4/22/QD%20492%20PL1.pdf,2026-04-14,False,False,PL1-0114_2_000631.md
PL1-0115,115,2.000619,Thông báo Chấm dứt hoạt động bán hàng đa cấp tại địa phương,Quản lý cạnh tranh/ Bảo vệ quyền lợi người tiêu dùng,Sở Công Thương,Toàn trình,Cấp tỉnh,1,4,https://datafiles.hanoi.gov.vn/gov-hni/8123/VanBan/2026/4/22/QD%20492%20PL1.pdf,2026-04-14,False,False,PL1-0115_2_000619.md
PL1-0116,116,1.003401,Thu hồi Giấy phép. Giấy chứng nhận về quản lý. sử dụng vật liệu nổ công nghiệp. tiền chất thuốc nổ thuộc thẩm quyền của Sở Công thương,vật liệu nổ và tiền chất thuốc nổ,Sở Công Thương,Toàn trình,Cấp tỉnh,1,4,https://datafiles.hanoi.gov.vn/gov-hni/8123/VanBan/2026/4/22/QD%20492%20PL1.pdf,2026-04-14,False,False,PL1-0116_1_003401.md
PL1-0117,117,2.000131,Đăng ký tổ chức hội chợ. triển lãm thương mại tại Việt Nam (trên địa bàn thành phố Hà Nội),Xúc tiến thương mại,Sở Công Thương,Toàn trình,Cấp tỉnh,1,4,https://datafiles.hanoi.gov.vn/gov-hni/8123/VanBan/2026/4/22/QD%20492%20PL1.pdf,2026-04-14,False,False,PL1-0117_2_000131.md
PL1-0118,118,2.000001,Đăng ký sửa đổi. bổ sung nội dung tổ chức hội chợ. triển lãm thương mại tại Việt Nam (trên địa bàn thành phố Hà Nội),Xúc tiến thương mại,Sở Công Thương,Toàn trình,Cấp tỉnh,1,4,https://datafiles.hanoi.gov.vn/gov-hni/8123/VanBan/2026/4/22/QD%20492%20PL1.pdf,2026-04-14,False,False,PL1-0118_2_000001.md
PL1-0119,119,2.000609,Thông báo tổ chức hội nghị. hội thảo. đào tạo về bán hàng đa cấp,Quản lý bán hàng đa cấp -> Quản lý hoạt động kinh doanh theo phương thức đa cấp,Sở Công Thương,Toàn trình,Cấp xã,1,4,https://datafiles.hanoi.gov.vn/gov-hni/8123/VanBan/2026/4/22/QD%20492%20PL1.pdf,2026-04-14,False,False,PL1-0119_2_000609.md
PL1-0120,120,2.000620,Cấp Giấy phép bán lẻ rượu,Lưu thông hàng hóa trong nước,Sở Công Thương,Toàn trình,Cấp xã,1,4,https://datafiles.hanoi.gov.vn/gov-hni/8123/VanBan/2026/4/22/QD%20492%20PL1.pdf,2026-04-14,False,False,PL1-0120_2_000620.md
PL1-0121,121,2.000615,Cấp sửa đổi. bổ sung Giấy phép bán lẻ rượu,Lưu thông hàng hóa trong nước,Sở Công Thương,Toàn trình,Cấp xã,1,4,https://datafiles.hanoi.gov.vn/gov-hni/8123/VanBan/2026/4/22/QD%20492%20PL1.pdf,2026-04-14,False,False,PL1-0121_2_000615.md
PL1-0122,122,2.001240,Cấp lại Giấy phép bán lẻ rượu,Lưu thông hàng hóa trong nước,Sở Công Thương,Toàn trình,Cấp xã,1,4,https://datafiles.hanoi.gov.vn/gov-hni/8123/VanBan/2026/4/22/QD%20492%20PL1.pdf,2026-04-14,False,False,PL1-0122_2_001240.md
PL1-0123,123,2.000181,Cấp Giấy phép bán lẻ sản phẩm thuốc lá,Lưu thông hàng hóa trong nước,Sở Công Thương,Toàn trình,Cấp xã,1,4,https://datafiles.hanoi.gov.vn/gov-hni/8123/VanBan/2026/4/22/QD%20492%20PL1.pdf,2026-04-14,False,False,PL1-0123_2_000181.md
PL1-0124,124,2.000162,Cấp sửa đổi. bổ sung Giấy phép bán lẻ sản phẩm thuốc lá,Lưu thông hàng hóa trong nước,Sở Công Thương,Toàn trình,Cấp xã,1,4,https://datafiles.hanoi.gov.vn/gov-hni/8123/VanBan/2026/4/22/QD%20492%20PL1.pdf,2026-04-14,False,False,PL1-0124_2_000162.md
PL1-0125,125,2.000150,Cấp lại Giấy phép bán lẻ sản phẩm thuốc lá,Lưu thông hàng hóa trong nước,Sở Công Thương,Toàn trình,Cấp xã,1,4,https://datafiles.hanoi.gov.vn/gov-hni/8123/VanBan/2026/4/22/QD%20492%20PL1.pdf,2026-04-14,False,False,PL1-0125_2_000150.md
PL1-0126,126,2.000633,Cấp Giấy phép sản xuất rượu thủ công nhằm mục đích kinh doanh,Lưu thông hàng hóa trong nước,Sở Công Thương,Toàn trình,Cấp xã,1,4,https://datafiles.hanoi.gov.vn/gov-hni/8123/VanBan/2026/4/22/QD%20492%20PL1.pdf,2026-04-14,False,False,PL1-0126_2_000633.md
PL1-0127,127,2.000629,Cấp sửa đổi. bổ sung Giấy phép sản xuất rượu thủ công nhằm mục đích kinh doanh,Lưu thông hàng hóa trong nước,Sở Công Thương,Toàn trình,Cấp xã,1,4,https://datafiles.hanoi.gov.vn/gov-hni/8123/VanBan/2026/4/22/QD%20492%20PL1.pdf,2026-04-14,False,False,PL1-0127_2_000629.md
PL1-0128,128,1.001279,Cấp lại Giấy phép sản xuất rượu thủ công nhằm mục đích kinh doanh,Lưu thông hàng hóa trong nước,Sở Công Thương,Toàn trình,Cấp xã,1,4,https://datafiles.hanoi.gov.vn/gov-hni/8123/VanBan/2026/4/22/QD%20492%20PL1.pdf,2026-04-14,False,False,PL1-0128_1_001279.md
PL1-0129,129,1.012655,Thủ tục đề nghị mời chức sắc. nhà tu hành là người nước ngoài đến giảng đạo cho nhóm người nước ngoài sinh hoạt tôn giáo tập trung,Tín ngưỡng. tôn giáo,Sở Dân tộc và Tôn giáo,Toàn trình,Cấp tỉnh,1,4,https://datafiles.hanoi.gov.vn/gov-hni/8123/VanBan/2026/4/22/QD%20492%20PL1.pdf,2026-04-14,False,False,PL1-0129_1_012655.md
PL1-0130,130,1.012660,Thủ tục đề nghị cho người nước ngoài học tại cơ sở đào tạo tôn giáo ở Việt Nam,Tín ngưỡng. tôn giáo,Sở Dân tộc và Tôn giáo,Toàn trình,Cấp tỉnh,1,5,https://datafiles.hanoi.gov.vn/gov-hni/8123/VanBan/2026/4/22/QD%20492%20PL1.pdf,2026-04-14,False,False,PL1-0130_1_012660.md
PL1-0131,131,1.012672,Thủ tục đề nghị công nhận tổ chức tôn giáo có địa bàn hoạt động ở một tỉnh,Tín ngưỡng. tôn giáo,Sở Dân tộc và Tôn giáo,Toàn trình,Cấp tỉnh,1,5,https://datafiles.hanoi.gov.vn/gov-hni/8123/VanBan/2026/4/22/QD%20492%20PL1.pdf,2026-04-14,False,False,PL1-0131_1_012672.md
PL1-0132,132,1.012661,Thủ tục đề nghị thành lập. chia tách. sáp nhập. hợp nhất tổ chức tôn giáo trực thuộc có địa bàn hoạt động ở một tỉnh,Tín ngưỡng. tôn giáo,Sở Dân tộc và Tôn giáo,Toàn trình,Cấp tỉnh,1,5,https://datafiles.hanoi.gov.vn/gov-hni/8123/VanBan/2026/4/22/QD%20492%20PL1.pdf,2026-04-14,False,False,PL1-0132_1_012661.md
PL1-0133,133,1.012641,Thủ tục đề nghị cấp đăng ký pháp nhân phi thương mại cho tổ chức tôn giáo trực thuộc có địa bàn hoạt động ở một tỉnh,Tín ngưỡng. tôn giáo,Sở Dân tộc và Tôn giáo,Toàn trình,Cấp tỉnh,1,5,https://datafiles.hanoi.gov.vn/gov-hni/8123/VanBan/2026/4/22/QD%20492%20PL1.pdf,2026-04-14,False,False,PL1-0133_1_012641.md
PL1-0134,134,1.012639,Thủ tục đề nghị tự giải thể tổ chức tôn giáo có địa bàn hoạt động ở một tỉnh theo quy định của hiến chương,Tín ngưỡng. tôn giáo,Sở Dân tộc và Tôn giáo,Toàn trình,Cấp tỉnh,1,5,https://datafiles.hanoi.gov.vn/gov-hni/8123/VanBan/2026/4/22/QD%20492%20PL1.pdf,2026-04-14,False,False,PL1-0134_1_012639.md
PL1-0135,135,1.012637,Thủ tục đề nghị giải thể tổ chức tôn giáo trực thuộc có địa bàn hoạt động ở một tỉnh theo quy định của hiến chương của tổ chức,Tín ngưỡng. tôn giáo,Sở Dân tộc và Tôn giáo,Toàn trình,Cấp tỉnh,1,5,https://datafiles.hanoi.gov.vn/gov-hni/8123/VanBan/2026/4/22/QD%20492%20PL1.pdf,2026-04-14,False,False,PL1-0135_1_012637.md
PL1-0136,136,1.012607,Thủ tục đề nghị tổ chức đại hội của tổ chức tôn giáo. tổ chức tôn giáo trực thuộc. tổ chức được cấp chứng nhận đăng ký hoạt động tôn giáo có địa bàn hoạt động ở nhiều xã thuộc một tỉnh,Tín ngưỡng. tôn giáo,Sở Dân tộc và Tôn giáo,Toàn trình,Cấp tỉnh,1,5,https://datafiles.hanoi.gov.vn/gov-hni/8123/VanBan/2026/4/22/QD%20492%20PL1.pdf,2026-04-14,False,False,PL1-0136_1_012607.md
PL1-0137,137,1.012606,Thủ tục đề nghị tổ chức cuộc lễ ngoài cơ sở tôn giáo. địa điểm hợp pháp đã đăng ký có quy mô tổ chức ở nhiều xã thuộc một tỉnh hoặc ở nhiều tỉnh,Tín ngưỡng. tôn giáo,Sở Dân tộc và Tôn giáo,Toàn trình,Cấp tỉnh,1,5,https://datafiles.hanoi.gov.vn/gov-hni/8123/VanBan/2026/4/22/QD%20492%20PL1.pdf,2026-04-14,False,False,PL1-0137_1_012606.md
PL1-0138,138,1.012605,Thủ tục đề nghị giảng đạo ngoài địa bàn phụ trách. cơ sở tôn giáo. địa điểm hợp pháp đã đăng ký có quy mô tổ chức ở nhiều xã thuộc một tỉnh hoặc ở nhiều tỉnh,Tín ngưỡng. tôn giáo,Sở Dân tộc và Tôn giáo,Toàn trình,Cấp tỉnh,1,5,https://datafiles.hanoi.gov.vn/gov-hni/8123/VanBan/2026/4/22/QD%20492%20PL1.pdf,2026-04-14,False,False,PL1-0138_1_012605.md
PL1-0139,139,1.012664,Thủ tục đăng ký sửa đổi hiến chương của tổ chức tôn giáo có địa bàn hoạt động ở một tỉnh,Tín ngưỡng. tôn giáo,Sở Dân tộc và Tôn giáo,Toàn trình,Cấp tỉnh,1,5,https://datafiles.hanoi.gov.vn/gov-hni/8123/VanBan/2026/4/22/QD%20492%20PL1.pdf,2026-04-14,False,False,PL1-0139_1_012664.md
PL1-0140,140,1.012659,Thủ tục đăng ký thuyên chuyển chức sắc. chức việc. nhà tu hành là người đang bị buộc tội hoặc người chưa được xóa án tích,Tín ngưỡng. tôn giáo,Sở Dân tộc và Tôn giáo,Toàn trình,Cấp tỉnh,1,5,https://datafiles.hanoi.gov.vn/gov-hni/8123/VanBan/2026/4/22/QD%20492%20PL1.pdf,2026-04-14,False,False,PL1-0140_1_012659.md
PL1-0141,141,1.012658,Thủ tục đề nghị sinh hoạt tôn giáo tập trung của người nước ngoài cư trú hợp pháp tại Việt Nam,Tín ngưỡng. tôn giáo,Sở Dân tộc và Tôn giáo,Toàn trình,Cấp tỉnh,1,5,https://datafiles.hanoi.gov.vn/gov-hni/8123/VanBan/2026/4/22/QD%20492%20PL1.pdf,2026-04-14,False,False,PL1-0141_1_012658.md
PL1-0142,142,1.012657,Thủ tục đăng ký thay đổi người đại diện của nhóm sinh hoạt tôn giáo tập trung của người nước ngoài cư trú hợp pháp tại Việt Nam,Tín ngưỡng. tôn giáo,Sở Dân tộc và Tôn giáo,Toàn trình,Cấp tỉnh,1,5,https://datafiles.hanoi.gov.vn/gov-hni/8123/VanBan/2026/4/22/QD%20492%20PL1.pdf,2026-04-14,False,False,PL1-0142_1_012657.md
PL1-0143,143,1.012656,Thủ tục đề nghị thay đổi địa điểm sinh hoạt tôn giáo tập trung của người nước ngoài cư trú hợp pháp tại Việt Nam trong địa bàn một tỉnh,Tín ngưỡng. tôn giáo,Sở Dân tộc và Tôn giáo,Toàn trình,Cấp tỉnh,1,5,https://datafiles.hanoi.gov.vn/gov-hni/8123/VanBan/2026/4/22/QD%20492%20PL1.pdf,2026-04-14,False,False,PL1-0143_1_012656.md
PL1-0144,144,1.012653,Thủ tục đề nghị thay đổi địa điểm sinh hoạt tôn giáo tập trung của người nước ngoài cư trú hợp pháp tại Việt Nam đến địa bàn tỉnh khác,Tín ngưỡng. tôn giáo,Sở Dân tộc và Tôn giáo,Toàn trình,Cấp tỉnh,1,5,https://datafiles.hanoi.gov.vn/gov-hni/8123/VanBan/2026/4/22/QD%20492%20PL1.pdf,2026-04-14,False,False,PL1-0144_1_012653.md
PL1-0145,145,1.012648,Thủ tục đề nghị mời tổ chức. cá nhân nước ngoài vào Việt Nam thực hiện hoạt động tôn giáo ở một tỉnh,Tín ngưỡng. tôn giáo,Sở Dân tộc và Tôn giáo,Toàn trình,Cấp tỉnh,1,5,https://datafiles.hanoi.gov.vn/gov-hni/8123/VanBan/2026/4/22/QD%20492%20PL1.pdf,2026-04-14,False,False,PL1-0145_1_012648.md
PL1-0146,146,1.012646,Thủ tục đề nghị mời chức sắc. nhà tu hành là người nước ngoài đến giảng đạo cho tổ chức được cấp chứng nhận đăng ký hoạt động tôn giáo ở một tỉnh,Tín ngưỡng. tôn giáo,Sở Dân tộc và Tôn giáo,Toàn trình,Cấp tỉnh,1,5,https://datafiles.hanoi.gov.vn/gov-hni/8123/VanBan/2026/4/22/QD%20492%20PL1.pdf,2026-04-14,False,False,PL1-0146_1_012646.md
PL1-0147,147,1.012645,Thủ tục đề nghị thay đổi tên của tổ chức tôn giáo. tổ chức tôn giáo trực thuộc có địa bàn hoạt động ở một tỉnh,Tín ngưỡng. tôn giáo,Sở Dân tộc và Tôn giáo,Toàn trình,Cấp tỉnh,1,5,https://datafiles.hanoi.gov.vn/gov-hni/8123/VanBan/2026/4/22/QD%20492%20PL1.pdf,2026-04-14,False,False,PL1-0147_1_012645.md
PL1-0148,148,1.014339,Thủ tục đề nghị thay đổi trụ sở của tổ chức tôn giáo. tổ chức tôn giáo trực thuộc,Tín ngưỡng. tôn giáo,Sở Dân tộc và Tôn giáo,Toàn trình,Cấp tỉnh,1,5,https://datafiles.hanoi.gov.vn/gov-hni/8123/VanBan/2026/4/22/QD%20492%20PL1.pdf,2026-04-14,False,False,PL1-0148_1_014339.md
PL1-0149,149,1.012632,Thủ tục đề nghị cấp chứng nhận đăng ký hoạt động tôn giáo cho tổ chức có địa bàn hoạt động ở một tỉnh,Tín ngưỡng. tôn giáo,Sở Dân tộc và Tôn giáo,Toàn trình,Cấp tỉnh,1,5,https://datafiles.hanoi.gov.vn/gov-hni/8123/VanBan/2026/4/22/QD%20492%20PL1.pdf,2026-04-14,False,False,PL1-0149_1_012632.md
PL1-0150,150,1.012629,Thủ tục đăng ký người được bổ nhiệm. bầu cử. suy cử làm chức việc đối với các trường hợp quy định tại khoản 2 Điều 34 của Luật tín ngưỡng. tôn giáo,Tín ngưỡng. tôn giáo,Sở Dân tộc và Tôn giáo,Toàn trình,Cấp tỉnh,1,5,https://datafiles.hanoi.gov.vn/gov-hni/8123/VanBan/2026/4/22/QD%20492%20PL1.pdf,2026-04-14,False,False,PL1-0150_1_012629.md
PL1-0151,151,1.012628,Thủ tục đăng ký người được bổ nhiệm. bầu cử. suy cử làm chức việc của tổ chức được cấp chứng nhận đăng ký hoạt động tôn giáo có địa bàn hoạt động ở một tỉnh,Tín ngưỡng. tôn giáo,Sở Dân tộc và Tôn giáo,Toàn trình,Cấp tỉnh,1,5,https://datafiles.hanoi.gov.vn/gov-hni/8123/VanBan/2026/4/22/QD%20492%20PL1.pdf,2026-04-14,False,False,PL1-0151_1_012628.md
PL1-0152,152,1.012616,Thủ tục đăng ký mở lớp bồi dưỡng về tôn giáo cho người chuyên hoạt động tôn giáo,Tín ngưỡng. tôn giáo,Sở Dân tộc và Tôn giáo,Toàn trình,Cấp tỉnh,1,5,https://datafiles.hanoi.gov.vn/gov-hni/8123/VanBan/2026/4/22/QD%20492%20PL1.pdf,2026-04-14,False,False,PL1-0152_1_012616.md
PL1-0153,153,1.012590,Thủ tục đăng ký sinh hoạt tôn giáo tập trung ở một xã,Tín ngưỡng. tôn giáo,Sở Dân tộc và Tôn giáo,Toàn trình,Cấp xã,1,5,https://datafiles.hanoi.gov.vn/gov-hni/8123/VanBan/2026/4/22/QD%20492%20PL1.pdf,2026-04-14,False,False,PL1-0153_1_012590.md
PL1-0154,154,1.012585,Thủ tục đăng ký thay đổi người đại diện của nhóm sinh hoạt tôn giáo tập trung ở một xã,Tín ngưỡng. tôn giáo,Sở Dân tộc và Tôn giáo,Toàn trình,Cấp xã,1,5,https://datafiles.hanoi.gov.vn/gov-hni/8123/VanBan/2026/4/22/QD%20492%20PL1.pdf,2026-04-14,False,False,PL1-0154_1_012585.md
PL1-0155,155,1.013796,Thủ tục đề nghị tổ chức đại hội của tổ chức tôn giáo. tổ chức tôn giáo trực thuộc. tổ chức được cấp chứng nhận đăng ký hoạt động tôn giáo có địa bàn hoạt động ở một xã,Tín ngưỡng. tôn giáo,Sở Dân tộc và Tôn giáo,Toàn trình,Cấp xã,1,5,https://datafiles.hanoi.gov.vn/gov-hni/8123/VanBan/2026/4/22/QD%20492%20PL1.pdf,2026-04-14,False,False,PL1-0155_1_013796.md
PL1-0156,156,1.013797,Thủ tục đề nghị tổ chức cuộc lễ ngoài cơ sở tôn giáo. địa điểm hợp pháp đã đăng ký có quy mô tổ chức ở một xã,Tín ngưỡng. tôn giáo,Sở Dân tộc và Tôn giáo,Toàn trình,Cấp xã,1,5,https://datafiles.hanoi.gov.vn/gov-hni/8123/VanBan/2026/4/22/QD%20492%20PL1.pdf,2026-04-14,False,False,PL1-0156_1_013797.md
PL1-0157,157,1.013798,Thủ tục đề nghị giảng đạo ngoài địa bàn phụ trách. cơ sở tôn giáo. địa điểm hợp pháp đã đăng ký có quy mô tổ chức ở một xã,Tín ngưỡng. tôn giáo,Sở Dân tộc và Tôn giáo,Toàn trình,Cấp xã,1,5,https://datafiles.hanoi.gov.vn/gov-hni/8123/VanBan/2026/4/22/QD%20492%20PL1.pdf,2026-04-14,False,False,PL1-0157_1_013798.md
PL1-0158,158,1.012592,Thủ tục đăng ký hoạt động tín ngưỡng,Tín ngưỡng. tôn giáo,Sở Dân tộc và Tôn giáo,Toàn trình,Cấp xã,1,5,https://datafiles.hanoi.gov.vn/gov-hni/8123/VanBan/2026/4/22/QD%20492%20PL1.pdf,2026-04-14,False,False,PL1-0158_1_012592.md
PL1-0159,159,1.012591,Thủ tục đăng ký bổ sung hoạt động tín ngưỡng,Tín ngưỡng. tôn giáo,Sở Dân tộc và Tôn giáo,Toàn trình,Cấp xã,1,5,https://datafiles.hanoi.gov.vn/gov-hni/8123/VanBan/2026/4/22/QD%20492%20PL1.pdf,2026-04-14,False,False,PL1-0159_1_012591.md
PL1-0160,160,1.012584,Thủ tục đề nghị thay đổi địa điểm sinh hoạt tôn giáo tập trung trong địa bàn một xã,Tín ngưỡng. tôn giáo,Sở Dân tộc và Tôn giáo,Toàn trình,Cấp xã,1,6,https://datafiles.hanoi.gov.vn/gov-hni/8123/VanBan/2026/4/22/QD%20492%20PL1.pdf,2026-04-14,False,False,PL1-0160_1_012584.md
PL1-0161,161,1.012582,Thủ tục đề nghị thay đổi địa điểm sinh hoạt tôn giáo tập trung đến địa bàn xã khác,Tín ngưỡng. tôn giáo,Sở Dân tộc và Tôn giáo,Toàn trình,Cấp xã,1,6,https://datafiles.hanoi.gov.vn/gov-hni/8123/VanBan/2026/4/22/QD%20492%20PL1.pdf,2026-04-14,False,False,PL1-0161_1_012582.md
PL1-0162,162,1.012222,Công nhận người có uy tín trong đồng bào dân tộc thiểu số,Dân tộc,Sở Dân tộc và Tôn giáo,Toàn trình,Cấp xã,1,6,https://datafiles.hanoi.gov.vn/gov-hni/8123/VanBan/2026/4/22/QD%20492%20PL1.pdf,2026-04-14,False,False,PL1-0162_1_012222.md
PL1-0163,163,1.012223,Đưa ra khỏi danh sách và thay thế. bổ sung người có uy tín trong đồng bào dân tộc thiểu số,Dân tộc,Sở Dân tộc và Tôn giáo,Toàn trình,Cấp xã,1,6,https://datafiles.hanoi.gov.vn/gov-hni/8123/VanBan/2026/4/22/QD%20492%20PL1.pdf,2026-04-14,False,False,PL1-0163_1_012223.md
PL1-0164,164,1.004605,Thủ tục cấp Giấy chứng nhận khóa cập nhật kiến thức cho hướng dẫn viên du lịch nội địa và hướng dẫn viên du lịch quốc tế,Lữ hành,Sở Du lịch,Toàn trình,Cấp tỉnh,1,6,https://datafiles.hanoi.gov.vn/gov-hni/8123/VanBan/2026/4/22/QD%20492%20PL1.pdf,2026-04-14,False,False,PL1-0164_1_004605.md
PL1-0165,165,1.001837,Thủ tục chấm dứt hoạt động của Văn phòng đại diện tại Việt Nam của doanh nghiệp kinh doanh dịch vụ lữ hành nước ngoài,Lữ hành,Sở Du lịch,Toàn trình,Cấp tỉnh,1,6,https://datafiles.hanoi.gov.vn/gov-hni/8123/VanBan/2026/4/22/QD%20492%20PL1.pdf,2026-04-14,False,False,PL1-0165_1_001837.md
PL1-0166,166,1.003002,Thủ tục gia hạn Giấy phép thành lập Văn phòng đại diện tại Việt Nam của doanh nghiệp kinh doanh dịch vụ lữ hành nước ngoài,Lữ hành,Sở Du lịch,Toàn trình,Cấp tỉnh,1,6,https://datafiles.hanoi.gov.vn/gov-hni/8123/VanBan/2026/4/22/QD%20492%20PL1.pdf,2026-04-14,False,False,PL1-0166_1_003002.md
PL1-0167,167,1.003240,Thủ tục cấp lại Giấy phép thành lập Văn phòng đại diện tại Việt Nam của doanh nghiệp kinh doanh dịch vụ lữ hành nước ngoài trong trường hợp chuyển địa điểm đặt trụ sở của văn phòng đại diện,Lữ hành,Sở Du lịch,Toàn trình,Cấp tỉnh,1,6,https://datafiles.hanoi.gov.vn/gov-hni/8123/VanBan/2026/4/22/QD%20492%20PL1.pdf,2026-04-14,False,False,PL1-0167_1_003240.md
PL1-0168,168,1.003275,Thủ tục cấp lại Giấy phép thành lập Văn phòng đại diện tại Việt Nam của doanh nghiệp kinh doanh dịch vụ lữ hành nước ngoài trong trường hợp Giấy phép thành lập Văn phòng đại diện bị mất. bị hủy hoại. bị hư hỏng hoặc bị tiêu hủy,Lữ hành,Sở Du lịch,Toàn trình,Cấp tỉnh,1,6,https://datafiles.hanoi.gov.vn/gov-hni/8123/VanBan/2026/4/22/QD%20492%20PL1.pdf,2026-04-14,False,False,PL1-0168_1_003275.md
PL1-0169,169,1.014629,Thủ tục thu hồi giấy phép kinh doanh dịch vụ lữ hành nội địa trong trường hợp doanh nghiệp chấm dứt hoạt động kinh doanh dịch vụ lữ hành. giải thể hoặc phá sản,Lữ hành,Sở Du lịch,Toàn trình,Cấp tỉnh,1,6,https://datafiles.hanoi.gov.vn/gov-hni/8123/VanBan/2026/4/22/QD%20492%20PL1.pdf,2026-04-14,False,False,PL1-0169_1_014629.md
PL1-0170,170,1.001432,Thủ tục cấp đổi thẻ hướng dẫn viên du lịch quốc tế. thẻ hướng dẫn viên du lịch nội địa,Lữ hành,Sở Du lịch,Toàn trình,Cấp tỉnh,1,6,https://datafiles.hanoi.gov.vn/gov-hni/8123/VanBan/2026/4/22/QD%20492%20PL1.pdf,2026-04-14,False,False,PL1-0170_1_001432.md
PL1-0171,171,2.001622,Thủ tục cấp đổi giấy phép kinh doanh dịch vụ lữ hành nội địa,Lữ hành,Sở Du lịch,Toàn trình,Cấp tỉnh,1,6,https://datafiles.hanoi.gov.vn/gov-hni/8123/VanBan/2026/4/22/QD%20492%20PL1.pdf,2026-04-14,False,False,PL1-0171_2_001622.md
PL1-0172,172,2.001616,Thủ tục cấp lại giấy phép kinh doanh dịch vụ lữ hành nội địa,Lữ hành,Sở Du lịch,Toàn trình,Cấp tỉnh,1,6,https://datafiles.hanoi.gov.vn/gov-hni/8123/VanBan/2026/4/22/QD%20492%20PL1.pdf,2026-04-14,False,False,PL1-0172_2_001616.md
PL1-0173,173,1.001440,Thủ tục cấp thẻ hướng dẫn viên du lịch tại điểm,Lữ hành,Sở Du lịch,Toàn trình,Cấp tỉnh,1,6,https://datafiles.hanoi.gov.vn/gov-hni/8123/VanBan/2026/4/22/QD%20492%20PL1.pdf,2026-04-14,False,False,PL1-0173_1_001440.md
PL1-0174,174,1.004623,Thủ tục cấp thẻ hướng dẫn viên du lịch nội địa,Lữ hành,Sở Du lịch,Toàn trình,Cấp tỉnh,1,6,https://datafiles.hanoi.gov.vn/gov-hni/8123/VanBan/2026/4/22/QD%20492%20PL1.pdf,2026-04-14,False,False,PL1-0174_1_004623.md
PL1-0175,175,1.004628,Thủ tục cấp thẻ hướng dẫn viên du lịch quốc tế,Lữ hành,Sở Du lịch,Toàn trình,Cấp tỉnh,1,6,https://datafiles.hanoi.gov.vn/gov-hni/8123/VanBan/2026/4/22/QD%20492%20PL1.pdf,2026-04-14,False,False,PL1-0175_1_004628.md
PL1-0176,176,1.004614,Thủ tục cấp lại thẻ hướng dẫn viên du lịch,Lữ hành,Sở Du lịch,Toàn trình,Cấp tỉnh,1,6,https://datafiles.hanoi.gov.vn/gov-hni/8123/VanBan/2026/4/22/QD%20492%20PL1.pdf,2026-04-14,False,False,PL1-0176_1_004614.md
PL1-0177,177,1.003717,Cấp Giấy phép thành lập Văn phòng đại diện tại Việt Nam của doanh nghiệp kinh doanh dịch vụ lữ hành nước ngoài,Lữ hành,Sở Du lịch,Toàn trình,Cấp tỉnh,1,6,https://datafiles.hanoi.gov.vn/gov-hni/8123/VanBan/2026/4/22/QD%20492%20PL1.pdf,2026-04-14,False,False,PL1-0177_1_003717.md
PL1-0178,178,2.001628,Thủ tục cấp giấy phép kinh doanh dịch vụ lữ hành nội địa,Lữ hành,Sở Du lịch,Toàn trình,Cấp tỉnh,1,6,https://datafiles.hanoi.gov.vn/gov-hni/8123/VanBan/2026/4/22/QD%20492%20PL1.pdf,2026-04-14,False,False,PL1-0178_2_001628.md
PL1-0179,179,1.014144,Thủ tục điều chỉnh Giấy phép thành lập Văn phòng đại diện tại Việt Nam của doanh nghiệp kinh doanh dịch vụ lữ hành nước ngoài,Lữ hành,Sở Du lịch,Toàn trình,Cấp tỉnh,1,6,https://datafiles.hanoi.gov.vn/gov-hni/8123/VanBan/2026/4/22/QD%20492%20PL1.pdf,2026-04-14,False,False,PL1-0179_1_014144.md
PL1-0180,180,1.005099,Chuyển trường đối với học sinh tiểu học,Giáo dục tiểu học,Sở Giáo dục và Đào tạo,Toàn trình,Cấp xã,1,6,https://datafiles.hanoi.gov.vn/gov-hni/8123/VanBan/2026/4/22/QD%20492%20PL1.pdf,2026-04-14,False,False,PL1-0180_1_005099.md
PL1-0181,181,3.000182,Tuyển sinh trung học cơ sở,Giáo dục trung học,Sở Giáo dục và Đào tạo,Toàn trình,Cấp xã,1,6,https://datafiles.hanoi.gov.vn/gov-hni/8123/VanBan/2026/4/22/QD%20492%20PL1.pdf,2026-04-14,False,False,PL1-0181_3_000182.md
PL1-0182,182,2.001904,Tiếp nhận đối tượng học bổ túc trung học cơ sở,Giáo dục trung học,Sở Giáo dục và Đào tạo,Toàn trình,Cấp xã,1,6,https://datafiles.hanoi.gov.vn/gov-hni/8123/VanBan/2026/4/22/QD%20492%20PL1.pdf,2026-04-14,False,False,PL1-0182_2_001904.md
PL1-0183,183,1.005108,Thuyên chuyển đối tượng học bổ túc trung học cơ sở,Giáo dục trung học,Sở Giáo dục và Đào tạo,Toàn trình,Cấp xã,1,6,https://datafiles.hanoi.gov.vn/gov-hni/8123/VanBan/2026/4/22/QD%20492%20PL1.pdf,2026-04-14,False,False,PL1-0183_1_005108.md
PL1-0184,184,1.003702,Hỗ trợ học tập đối với trẻ mẫu giáo. học sinh tiểu học. học sinh trung học cơ sở. sinh viên các dân tộc thiểu số rất ít người,Giáo dục và đào tạo thuộc hệ thống giáo dục quốc dân,Sở Giáo dục và Đào tạo,Toàn trình,Cấp xã,1,6,https://datafiles.hanoi.gov.vn/gov-hni/8123/VanBan/2026/4/22/QD%20492%20PL1.pdf,2026-04-14,False,False,PL1-0184_1_003702.md
PL1-0185,185,1.001622,Hỗ trợ ăn trưa đối với trẻ em mẫu giáo,Giáo dục và đào tạo thuộc hệ thống giáo dục quốc dân,Sở Giáo dục và Đào tạo,Toàn trình,Cấp xã,1,6,https://datafiles.hanoi.gov.vn/gov-hni/8123/VanBan/2026/4/22/QD%20492%20PL1.pdf,2026-04-14,False,False,PL1-0185_1_001622.md
PL1-0186,186,1.008950,Trợ cấp đối với trẻ em mầm non là con công nhân. người lao động làm việc tại khu công nghiệp,Giáo dục và đào tạo thuộc hệ thống giáo dục quốc dân,Sở Giáo dục và Đào tạo,Toàn trình,Cấp xã,1,6,https://datafiles.hanoi.gov.vn/gov-hni/8123/VanBan/2026/4/22/QD%20492%20PL1.pdf,2026-04-14,False,False,PL1-0186_1_008950.md
PL1-0187,187,1.008951,Hỗ trợ đối với giáo viên mầm non làm việc tại cơ sở giáo dục mầm non dân lập. tư thục ở địa bàn có khu công nghiệp,Giáo dục và đào tạo thuộc hệ thống giáo dục quốc dân,Sở Giáo dục và Đào tạo,Toàn trình,Cấp xã,1,6,https://datafiles.hanoi.gov.vn/gov-hni/8123/VanBan/2026/4/22/QD%20492%20PL1.pdf,2026-04-14,False,False,PL1-0187_1_008951.md
PL1-0188,188,1.000729,Xếp hạng Trung tâm giáo dục thường xuyên,Giáo dục và đào tạo thuộc hệ thống giáo dục quốc dân,Sở Giáo dục và Đào tạo,Toàn trình,Cấp tỉnh,1,6,https://datafiles.hanoi.gov.vn/gov-hni/8123/VanBan/2026/4/22/QD%20492%20PL1.pdf,2026-04-14,False,False,PL1-0188_1_000729.md
PL1-0189,189,1.009002,Đăng ký hỗ trợ tiền đóng học phí và chi phí sinh hoạt đối với sinh viên học các ngành đào tạo giáo viên tại các đại học. học viện. trường đại học. trường cao đẳng được phép đào tạo giáo viên,Giáo dục và đào tạo thuộc hệ thống giáo dục quốc dân,Sở Giáo dục và Đào tạo,Toàn trình,Cấp tỉnh,1,7,https://datafiles.hanoi.gov.vn/gov-hni/8123/VanBan/2026/4/22/QD%20492%20PL1.pdf,2026-04-14,False,False,PL1-0189_1_009002.md
PL1-0190,190,1.002407,Xét. cấp học bổng chính sách,Giáo dục và đào tạo thuộc hệ thống giáo dục quốc dân,Sở Giáo dục và Đào tạo,Toàn trình,Cấp tỉnh và cấp xã,1,7,https://datafiles.hanoi.gov.vn/gov-hni/8123/VanBan/2026/4/22/QD%20492%20PL1.pdf,2026-04-14,False,False,PL1-0190_1_002407.md
PL1-0191,191,1.001714,Cấp học bổng và hỗ trợ kinh phí mua phương tiện. đồ dùng học tập dùng riêng cho người khuyết tật học tại các cơ sở giáo dục,Giáo dục và đào tạo thuộc hệ thống giáo dục quốc dân,Sở Giáo dục và Đào tạo,Toàn trình,Cấp tỉnh,1,7,https://datafiles.hanoi.gov.vn/gov-hni/8123/VanBan/2026/4/22/QD%20492%20PL1.pdf,2026-04-14,False,False,PL1-0191_1_001714.md
PL1-0192,192,1.002982,Hỗ trợ học tập đối với học sinh trung học phổ thông các dân tộc thiểu số rất ít người,Giáo dục và đào tạo thuộc hệ thống giáo dục quốc dân,Sở Giáo dục và Đào tạo,Toàn trình,Cấp xã,1,7,https://datafiles.hanoi.gov.vn/gov-hni/8123/VanBan/2026/4/22/QD%20492%20PL1.pdf,2026-04-14,False,False,PL1-0192_1_002982.md
PL1-0193,193,1.005061,Cấp giấy chứng nhận đăng ký kinh doanh dịch vụ tư vấn du học,Cơ sở giáo dục khác,Sở Giáo dục và Đào tạo,Toàn trình,Cấp tỉnh,1,7,https://datafiles.hanoi.gov.vn/gov-hni/8123/VanBan/2026/4/22/QD%20492%20PL1.pdf,2026-04-14,False,False,PL1-0193_1_005061.md
PL1-0194,194,1.001492,Đăng ký hoạt động của Văn phòng đại diện giáo dục nước ngoài tại Việt Nam,Đào tạo với nước ngoài,Sở Giáo dục và Đào tạo,Toàn trình,Cấp tỉnh,1,7,https://datafiles.hanoi.gov.vn/gov-hni/8123/VanBan/2026/4/22/QD%20492%20PL1.pdf,2026-04-14,False,False,PL1-0194_1_001492.md
PL1-0195,195,1.001499,Phê duyệt liên kết giáo dục,Đào tạo với nước ngoài,Sở Giáo dục và Đào tạo,Toàn trình,Cấp tỉnh,1,7,https://datafiles.hanoi.gov.vn/gov-hni/8123/VanBan/2026/4/22/QD%20492%20PL1.pdf,2026-04-14,False,False,PL1-0195_1_001499.md
PL1-0196,196,1.001497,Gia hạn. điều chỉnh hoạt động liên kết giáo dục,Đào tạo với nước ngoài,Sở Giáo dục và Đào tạo,Toàn trình,Cấp tỉnh,1,7,https://datafiles.hanoi.gov.vn/gov-hni/8123/VanBan/2026/4/22/QD%20492%20PL1.pdf,2026-04-14,False,False,PL1-0196_1_001497.md
PL1-0197,197,1.001496,Chấm dứt hoạt động liên kết giáo dục theo đề nghị của các bên liên kết,Đào tạo với nước ngoài,Sở Giáo dục và Đào tạo,Toàn trình,Cấp tỉnh,1,7,https://datafiles.hanoi.gov.vn/gov-hni/8123/VanBan/2026/4/22/QD%20492%20PL1.pdf,2026-04-14,False,False,PL1-0197_1_001496.md
PL1-0198,198,1.000939,Cho phép thành lập cơ sở giáo dục mầm non. cơ sở giáo dục phổ thông có vốn đầu tư nước ngoài tại Việt Nam,Đào tạo với nước ngoài,Sở Giáo dục và Đào tạo,Toàn trình,Cấp tỉnh,1,7,https://datafiles.hanoi.gov.vn/gov-hni/8123/VanBan/2026/4/22/QD%20492%20PL1.pdf,2026-04-14,False,False,PL1-0198_1_000939.md
PL1-0199,199,1.008722,Chuyển đổi nhà trẻ. trường mẫu giáo. trường mầm non tư thục do nhà đầu tư nước ngoài đầu tư sang nhà trẻ. trường mẫu giáo. trường mầm non tư thục hoạt động không vì lợi nhuận,Đào tạo với nước ngoài,Sở Giáo dục và Đào tạo,Toàn trình,Cấp tỉnh,1,7,https://datafiles.hanoi.gov.vn/gov-hni/8123/VanBan/2026/4/22/QD%20492%20PL1.pdf,2026-04-14,False,False,PL1-0199_1_008722.md
PL1-0200,200,1.001493,Chấm dứt hoạt động cơ sở đào tạo. bồi dưỡng ngắn hạn có vốn đầu tư nước ngoài tại Việt Nam,Đào tạo với nước ngoài,Sở Giáo dục và Đào tạo,Toàn trình,Cấp tỉnh,1,7,https://datafiles.hanoi.gov.vn/gov-hni/8123/VanBan/2026/4/22/QD%20492%20PL1.pdf,2026-04-14,False,False,PL1-0200_1_001493.md
PL1-0201,201,2.000545,Cho phép thành lập cơ sở giáo dục mầm non. cơ sở giáo dục phổ thông có vốn đầu tư nước ngoài tại Việt Nam theo đề nghị của cơ quan đại diện ngoại giao nước ngoài. tổ chức quốc tế liên chính phủ,Đào tạo với nước ngoài,Sở Giáo dục và Đào tạo,Toàn trình,Cấp tỉnh,1,7,https://datafiles.hanoi.gov.vn/gov-hni/8123/VanBan/2026/4/22/QD%20492%20PL1.pdf,2026-04-14,False,False,PL1-0201_2_000545.md
PL1-0202,202,1.008720,Chuyển đổi cơ sở giáo dục mầm non tư thục do cơ quan đại diện ngoại giao nước ngoài. tổ chức quốc tế liên chính phủ đề nghị sang cơ sở giáo dục mầm non tư thục hoạt động không vì lợi nhuận,Đào tạo với nước ngoài,Sở Giáo dục và Đào tạo,Toàn trình,Cấp tỉnh,1,7,https://datafiles.hanoi.gov.vn/gov-hni/8123/VanBan/2026/4/22/QD%20492%20PL1.pdf,2026-04-14,False,False,PL1-0202_1_008720.md
PL1-0203,203,1.008721,Chuyển đổi cơ sở giáo dục phổ thông tư thục do cơ quan đại diện ngoại giao nước ngoài. tổ chức quốc tế liên chính phủ đề nghị sang cơ sở giáo dục phổ thông tư thục hoạt động không vì lợi nhuận,Đào tạo với nước ngoài,Sở Giáo dục và Đào tạo,Toàn trình,Cấp tỉnh,1,7,https://datafiles.hanoi.gov.vn/gov-hni/8123/VanBan/2026/4/22/QD%20492%20PL1.pdf,2026-04-14,False,False,PL1-0203_1_008721.md
PL1-0204,204,2.000729,Phê duyệt liên kết tổ chức thi cấp chứng chỉ năng lực ngoại ngữ của nước ngoài,Đào tạo với nước ngoài,Sở Giáo dục và Đào tạo,Toàn trình,Cấp tỉnh,1,7,https://datafiles.hanoi.gov.vn/gov-hni/8123/VanBan/2026/4/22/QD%20492%20PL1.pdf,2026-04-14,False,False,PL1-0204_2_000729.md
PL1-0205,205,1.005090,Xét tuyển sinh vào trường phổ thông dân tộc nội trú,Thi. tuyển sinh,Sở Giáo dục và Đào tạo,Toàn trình,Cấp tỉnh,1,7,https://datafiles.hanoi.gov.vn/gov-hni/8123/VanBan/2026/4/22/QD%20492%20PL1.pdf,2026-04-14,False,False,PL1-0205_1_005090.md
PL1-0206,206,1.005098,Xét đặc cách tốt nghiệp trung học phổ thông,Thi. tuyển sinh,Sở Giáo dục và Đào tạo,Toàn trình,Cấp tỉnh,1,7,https://datafiles.hanoi.gov.vn/gov-hni/8123/VanBan/2026/4/22/QD%20492%20PL1.pdf,2026-04-14,False,False,PL1-0206_1_005098.md
PL1-0207,207,1.005095,Phúc khảo bài thi tốt nghiệp trung học phổ thông,Thi. tuyển sinh,Sở Giáo dục và Đào tạo,Toàn trình,Cấp tỉnh,1,7,https://datafiles.hanoi.gov.vn/gov-hni/8123/VanBan/2026/4/22/QD%20492%20PL1.pdf,2026-04-14,False,False,PL1-0207_1_005095.md
PL1-0208,208,1.009394,Đăng ký xét tuyển học theo chế độ cử tuyển,Thi. tuyển sinh,Sở Giáo dục và Đào tạo,Toàn trình,Cấp tỉnh,1,7,https://datafiles.hanoi.gov.vn/gov-hni/8123/VanBan/2026/4/22/QD%20492%20PL1.pdf,2026-04-14,False,False,PL1-0208_1_009394.md
PL1-0209,209,3.000465,Cấp bản sao văn bằng. chứng chỉ từ sổ gốc (tại cấp tỉnh),Văn bằng. chứng chỉ,Sở Giáo dục và Đào tạo,Toàn trình,Cấp tỉnh,1,7,https://datafiles.hanoi.gov.vn/gov-hni/8123/VanBan/2026/4/22/QD%20492%20PL1.pdf,2026-04-14,False,False,PL1-0209_3_000465.md
PL1-0210,210,3.000466,Chỉnh sửa nội dung văn bằng. chứng chỉ (tại cấp tỉnh),Văn bằng. chứng chỉ,Sở Giáo dục và Đào tạo,Toàn trình,Cấp tỉnh,1,7,https://datafiles.hanoi.gov.vn/gov-hni/8123/VanBan/2026/4/22/QD%20492%20PL1.pdf,2026-04-14,False,False,PL1-0210_3_000466.md
PL1-0211,211,1.004889,Công nhận bằng tốt nghiệp trung học cơ sở. bằng tốt nghiệp trung học phổ thông. giấy chứng nhận hoàn thành chương trình giáo dục phổ thông do cơ sở giáo dục nước ngoài cấp để sử dụng tại Việt Nam,Văn bằng. chứng chỉ,Sở Giáo dục và Đào tạo,Toàn trình,Cấp tỉnh,1,7,https://datafiles.hanoi.gov.vn/gov-hni/8123/VanBan/2026/4/22/QD%20492%20PL1.pdf,2026-04-14,False,False,PL1-0211_1_004889.md
PL1-0212,212,2.002.811,Phê duyệt Đề án dạy và học bằng tiếng nước ngoài,Giáo dục và đào tạo thuộc hệ thống giáo dục quốc dân,Sở Giáo dục và Đào tạo,Toàn trình,Cấp tỉnh,1,7,https://datafiles.hanoi.gov.vn/gov-hni/8123/VanBan/2026/4/22/QD%20492%20PL1.pdf,2026-04-14,False,True,PL1-0212_2_002_811.md
PL1-0213,213,3.000474,Thủ tục cấp Giấy xác nhận đăng ký hoạt động xét tặng giải thưởng chất lượng sản phẩm. hàng hoá của tổ chức. cá nhân (đối với các giải thưởng do cơ quan nhà nước. tổ chức chính trị. tổ chức chính trị xã - hội. tổ chức chính trị xã hội - nghề nghiệp. tổ chức xã hội. tổ chức xã hội – nghề nghiệp. Hội. Hiệp hội ở Trung ương. Sở Khoa học và Công nghệ các tỉnh. thành phố tổ chức),Tiêu chuẩn đo lường chất lượng,Sở Khoa học và Công nghệ,Toàn trình,Cấp tỉnh,1,7,https://datafiles.hanoi.gov.vn/gov-hni/8123/VanBan/2026/4/22/QD%20492%20PL1.pdf,2026-04-14,False,False,PL1-0213_3_000474.md
PL1-0214,214,3.000482,Thủ tục cấp bổ sung thẻ chuyên gia tư vấn. thẻ chuyên gia đánh giá cho tổ chức tư vấn. tổ chức chứng nhận,Tiêu chuẩn đo lường chất lượng,Sở Khoa học và Công nghệ,Toàn trình,Cấp tỉnh,1,8,https://datafiles.hanoi.gov.vn/gov-hni/8123/VanBan/2026/4/22/QD%20492%20PL1.pdf,2026-04-14,False,False,PL1-0214_3_000482.md
PL1-0215,215,3.000481,Thủ tục cấp lại Giấy xác nhận đủ điều kiện tư vấn. đánh giá Hệ thống quản lý chất lượng theo tiêu chuẩn quốc gia TCVN ISO 9001 đối với cơ quan. tổ chức thuộc hệ thống hành chính nhà nước cho tổ chức tư vấn. chuyên gia tư vấn độc lập. tổ chức chứng nhận và thẻ cho chuyên gia trong trường hợp bị mất. hỏng hoặc thay đổi tên. địa chỉ liên lạc,Tiêu chuẩn đo lường chất lượng,Sở Khoa học và Công nghệ,Toàn trình,Cấp tỉnh,1,8,https://datafiles.hanoi.gov.vn/gov-hni/8123/VanBan/2026/4/22/QD%20492%20PL1.pdf,2026-04-14,False,False,PL1-0215_3_000481.md
PL1-0216,216,3.000487,Thủ tục cấp Thông báo tiếp nhận hồ sơ công bố bổ sung. điều chỉnh phạm vi đào tạo,Tiêu chuẩn đo lường chất lượng,Sở Khoa học và Công nghệ,Toàn trình,Cấp tỉnh,1,8,https://datafiles.hanoi.gov.vn/gov-hni/8123/VanBan/2026/4/22/QD%20492%20PL1.pdf,2026-04-14,False,False,PL1-0216_3_000487.md
PL1-0217,217,3.000485,Thủ tục cấp lại Giấy xác nhận đủ điều kiện đào tạo về tư vấn. đánh giá Hệ thống quản lý chất lượng theo Tiêu chuẩn quốc gia TCVN ISO 9001 cho chuyên gia tư vấn. đánh giá trong trường hợp bị mất. hỏng hoặc thay đổi tên. địa chỉ liên lạc,Tiêu chuẩn đo lường chất lượng,Sở Khoa học và Công nghệ,Toàn trình,Cấp tỉnh,1,8,https://datafiles.hanoi.gov.vn/gov-hni/8123/VanBan/2026/4/22/QD%20492%20PL1.pdf,2026-04-14,False,False,PL1-0217_3_000485.md
PL1-0218,218,3.000486,Thủ tục cấp Thông báo tiếp nhận hồ sơ công bố đủ năng lực thực hiện hoạt động đào tạo,Tiêu chuẩn đo lường chất lượng,Sở Khoa học và Công nghệ,Toàn trình,Cấp tỉnh,1,8,https://datafiles.hanoi.gov.vn/gov-hni/8123/VanBan/2026/4/22/QD%20492%20PL1.pdf,2026-04-14,False,False,PL1-0218_3_000486.md
PL1-0219,219,1.013942,Thủ tục xóa tên tổ chức dịch vụ đại diện sở hữu công nghiệp,Sở hữu trí tuệ,Sở Khoa học và Công nghệ,Toàn trình,Cấp tỉnh,1,8,https://datafiles.hanoi.gov.vn/gov-hni/8123/VanBan/2026/4/22/QD%20492%20PL1.pdf,2026-04-14,False,False,PL1-0219_1_013942.md
PL1-0220,220,1.013912,Đăng ký cung cấp dịch vụ viễn thông,Viễn thông và Internet,Sở Khoa học và Công nghệ,Toàn trình,Cấp tỉnh,1,8,https://datafiles.hanoi.gov.vn/gov-hni/8123/VanBan/2026/4/22/QD%20492%20PL1.pdf,2026-04-14,False,False,PL1-0220_1_013912.md
PL1-0221,221,1.013974,Thủ tục yêu cầu chấm dứt quyền sử dụng sáng chế theo quyết định bắt buộc,Sở hữu trí tuệ,Sở Khoa học và Công nghệ,Toàn trình,Cấp tỉnh,1,8,https://datafiles.hanoi.gov.vn/gov-hni/8123/VanBan/2026/4/22/QD%20492%20PL1.pdf,2026-04-14,False,False,PL1-0221_1_013974.md
PL1-0222,222,2.002793,Cấp đổi giấy công nhận tổ chức đủ điều kiện cấp chứng chỉ vô tuyến điện nghiệp dư,Tần số vô tuyến điện,Sở Khoa học và Công nghệ,Toàn trình,Cấp tỉnh,1,8,https://datafiles.hanoi.gov.vn/gov-hni/8123/VanBan/2026/4/22/QD%20492%20PL1.pdf,2026-04-14,False,False,PL1-0222_2_002793.md
PL1-0223,223,3.000452,Thủ tục chấm dứt hiệu lực của giấy chứng nhận đăng ký khi nhận được đề nghị chấm dứt của tổ chức cung cấp dịch vụ kiểm định. hiệu chuẩn. thử nghiệm,Tiêu chuẩn đo lường chất lượng,Sở Khoa học và Công nghệ,Toàn trình,Cấp tỉnh,1,8,https://datafiles.hanoi.gov.vn/gov-hni/8123/VanBan/2026/4/22/QD%20492%20PL1.pdf,2026-04-14,False,False,PL1-0223_3_000452.md
PL1-0224,224,1.013970,Thủ tục ghi nhận việc sửa đổi nội dung. gia hạn. chấm dứt trước thời hạn hiệu lực hợp đồng chuyển quyền sử dụng đối tượng sở hữu công nghiệp,Sở hữu trí tuệ,Sở Khoa học và Công nghệ,Toàn trình,Cấp tỉnh,1,8,https://datafiles.hanoi.gov.vn/gov-hni/8123/VanBan/2026/4/22/QD%20492%20PL1.pdf,2026-04-14,False,False,PL1-0224_1_013970.md
PL1-0225,225,1.013972,Thủ tục cấp phó bản. cấp lại Giấy chứng nhận đăng ký hợp đồng chuyển quyền sử dụng đối tượng sở hữu công nghiệp,Sở hữu trí tuệ,Sở Khoa học và Công nghệ,Toàn trình,Cấp tỉnh,1,8,https://datafiles.hanoi.gov.vn/gov-hni/8123/VanBan/2026/4/22/QD%20492%20PL1.pdf,2026-04-14,False,False,PL1-0225_1_013972.md
PL1-0226,226,1.013966,Thủ tục cấp phó bản văn bằng bảo hộ và cấp lại văn bằng bảo hộ/phó bản văn bằng bảo hộ,Sở hữu trí tuệ,Sở Khoa học và Công nghệ,Toàn trình,Cấp tỉnh,1,8,https://datafiles.hanoi.gov.vn/gov-hni/8123/VanBan/2026/4/22/QD%20492%20PL1.pdf,2026-04-14,False,False,PL1-0226_1_013966.md
PL1-0227,227,1.013959,Thủ tục thu hồi Thẻ giám định viên sở hữu công nghiệp,Sở hữu trí tuệ,Sở Khoa học và Công nghệ,Toàn trình,Cấp tỉnh,1,8,https://datafiles.hanoi.gov.vn/gov-hni/8123/VanBan/2026/4/22/QD%20492%20PL1.pdf,2026-04-14,False,False,PL1-0227_1_013959.md
PL1-0228,228,2.002792,Cấp đổi giấy công nhận tổ chức đủ điều kiện đào tạo. cấp chứng chỉ vô tuyến điện viên hàng hải,Tần số vô tuyến điện,Sở Khoa học và Công nghệ,Toàn trình,Cấp tỉnh,1,8,https://datafiles.hanoi.gov.vn/gov-hni/8123/VanBan/2026/4/22/QD%20492%20PL1.pdf,2026-04-14,False,False,PL1-0228_2_002792.md
PL1-0229,229,2.002790,Sửa đổi. bổ sung giấy phép sử dụng tần số và thiết bị vô tuyến điện đối với mạng thông tin vô tuyến điện nội bộ,Tần số vô tuyến điện,Sở Khoa học và Công nghệ,Toàn trình,Cấp tỉnh,1,8,https://datafiles.hanoi.gov.vn/gov-hni/8123/VanBan/2026/4/22/QD%20492%20PL1.pdf,2026-04-14,False,False,PL1-0229_2_002790.md
PL1-0230,230,2.002780,Cấp đổi giấy phép sử dụng tần số và thiết bị vô tuyến điện đối với mạng thông tin vô tuyến điện nội bộ,Tần số vô tuyến điện,Sở Khoa học và Công nghệ,Toàn trình,Cấp tỉnh,1,8,https://datafiles.hanoi.gov.vn/gov-hni/8123/VanBan/2026/4/22/QD%20492%20PL1.pdf,2026-04-14,False,False,PL1-0230_2_002780.md
PL1-0231,231,2.002789,Gia hạn giấy phép sử dụng tần số và thiết bị vô tuyến điện đối với mạng thông tin vô tuyến điện nội bộ,Tần số vô tuyến điện,Sở Khoa học và Công nghệ,Toàn trình,Cấp tỉnh,1,8,https://datafiles.hanoi.gov.vn/gov-hni/8123/VanBan/2026/4/22/QD%20492%20PL1.pdf,2026-04-14,False,False,PL1-0231_2_002789.md
PL1-0232,232,2.002788,Cấp giấy phép sử dụng tần số và thiết bị vô tuyến điện đối với mạng thông tin vô tuyến điện nội bộ,Tần số vô tuyến điện,Sở Khoa học và Công nghệ,Toàn trình,Cấp tỉnh,1,8,https://datafiles.hanoi.gov.vn/gov-hni/8123/VanBan/2026/4/22/QD%20492%20PL1.pdf,2026-04-14,False,False,PL1-0232_2_002788.md
PL1-0233,233,1.013958,Thủ tục cấp lại Thẻ giám định viên sở hữu công nghiệp,Sở hữu trí tuệ,Sở Khoa học và Công nghệ,Toàn trình,Cấp tỉnh,1,8,https://datafiles.hanoi.gov.vn/gov-hni/8123/VanBan/2026/4/22/QD%20492%20PL1.pdf,2026-04-14,False,False,PL1-0233_1_013958.md
PL1-0234,234,1.013956,Thủ tục cấp Thẻ giám định viên sở hữu công nghiệp,Sở hữu trí tuệ,Sở Khoa học và Công nghệ,Toàn trình,Cấp tỉnh,1,8,https://datafiles.hanoi.gov.vn/gov-hni/8123/VanBan/2026/4/22/QD%20492%20PL1.pdf,2026-04-14,False,False,PL1-0234_1_013956.md
PL1-0235,235,1.013954,Thủ tục xóa tên người đại diện sở hữu công nghiệp,Sở hữu trí tuệ,Sở Khoa học và Công nghệ,Toàn trình,Cấp tỉnh,1,8,https://datafiles.hanoi.gov.vn/gov-hni/8123/VanBan/2026/4/22/QD%20492%20PL1.pdf,2026-04-14,False,False,PL1-0235_1_013954.md
PL1-0236,236,1.013922,Thủ tục thu hồi chứng chỉ hành nghề dịch vụ đại diện sở hữu công nghiệp,Sở hữu trí tuệ,Sở Khoa học và Công nghệ,Toàn trình,Cấp tỉnh,1,8,https://datafiles.hanoi.gov.vn/gov-hni/8123/VanBan/2026/4/22/QD%20492%20PL1.pdf,2026-04-14,False,False,PL1-0236_1_013922.md
PL1-0237,237,1.013910,Phân bổ số thuê bao di động H2H theo phương thức đấu giá,Viễn thông và Internet,Sở Khoa học và Công nghệ,Toàn trình,Cấp tỉnh,1,8,https://datafiles.hanoi.gov.vn/gov-hni/8123/VanBan/2026/4/22/QD%20492%20PL1.pdf,2026-04-14,False,False,PL1-0237_1_013910.md
PL1-0238,238,1.013969,Thủ tục cấp Giấy chứng nhận hoạt động nghiên cứu và phát triển công nghệ cao cho cá nhân.,Hoạt động khoa học và công nghệ,Sở Khoa học và Công nghệ,Toàn trình,Cấp tỉnh,1,8,https://datafiles.hanoi.gov.vn/gov-hni/8123/VanBan/2026/4/22/QD%20492%20PL1.pdf,2026-04-14,False,False,PL1-0238_1_013969.md
PL1-0239,239,1.013964,Thủ tục cấp Giấy chứng nhận hoạt động nghiên cứu và phát triển công nghệ cao cho tổ chức.,Hoạt động khoa học và công nghệ,Sở Khoa học và Công nghệ,Toàn trình,Cấp tỉnh,1,8,https://datafiles.hanoi.gov.vn/gov-hni/8123/VanBan/2026/4/22/QD%20492%20PL1.pdf,2026-04-14,False,False,PL1-0239_1_013964.md
PL1-0240,240,1.013960,Thủ tục cấp Giấy chứng nhận hoạt động ứng dụng công nghệ cao cho cá nhân,Hoạt động khoa học và công nghệ,Sở Khoa học và Công nghệ,Toàn trình,Cấp tỉnh,1,8,https://datafiles.hanoi.gov.vn/gov-hni/8123/VanBan/2026/4/22/QD%20492%20PL1.pdf,2026-04-14,False,False,PL1-0240_1_013960.md
PL1-0241,241,1.013957,Thủ tục cấp Giấy chứng nhận hoạt động ứng dụng công nghệ cao cho tổ chức,Hoạt động khoa học và công nghệ,Sở Khoa học và Công nghệ,Toàn trình,Cấp tỉnh,1,8,https://datafiles.hanoi.gov.vn/gov-hni/8123/VanBan/2026/4/22/QD%20492%20PL1.pdf,2026-04-14,False,False,PL1-0241_1_013957.md
PL1-0242,242,1.013944,Thủ tục Xác nhận phương tiện vận tải chuyên dùng trong dây chuyền công nghệ sử dụng trực tiếp cho hoạt động sản xuất của dự án đầu tư,Hoạt động khoa học và công nghệ,Sở Khoa học và Công nghệ,Toàn trình,Cấp tỉnh,1,8,https://datafiles.hanoi.gov.vn/gov-hni/8123/VanBan/2026/4/22/QD%20492%20PL1.pdf,2026-04-14,False,False,PL1-0242_1_013944.md
PL1-0243,243,1.013943,Thủ tục Cấp lại Giấy chứng nhận đủ điều kiện hoạt động dịch vụ giám định công nghệ,Hoạt động khoa học và công nghệ,Sở Khoa học và Công nghệ,Toàn trình,Cấp tỉnh,1,8,https://datafiles.hanoi.gov.vn/gov-hni/8123/VanBan/2026/4/22/QD%20492%20PL1.pdf,2026-04-14,False,False,PL1-0243_1_013943.md
PL1-0244,244,1.013940,Thủ tục Sửa đổi. bổ sung Giấy chứng nhận đủ điều kiện hoạt động dịch vụ giám định công nghệ,Hoạt động khoa học và công nghệ,Sở Khoa học và Công nghệ,Toàn trình,Cấp tỉnh,1,9,https://datafiles.hanoi.gov.vn/gov-hni/8123/VanBan/2026/4/22/QD%20492%20PL1.pdf,2026-04-14,False,False,PL1-0244_1_013940.md
PL1-0245,245,1.013939,Thủ tục cấp Giấy chứng nhận đủ điều kiện hoạt động dịch vụ giám định công nghệ,Hoạt động khoa học và công nghệ,Sở Khoa học và Công nghệ,Toàn trình,Cấp tỉnh,1,9,https://datafiles.hanoi.gov.vn/gov-hni/8123/VanBan/2026/4/22/QD%20492%20PL1.pdf,2026-04-14,False,False,PL1-0245_1_013939.md
PL1-0246,246,1.013936,Thủ tục Cấp lại Giấy chứng nhận đủ điều kiện hoạt động dịch vụ đánh giá công nghệ,Hoạt động khoa học và công nghệ,Sở Khoa học và Công nghệ,Toàn trình,Cấp tỉnh,1,9,https://datafiles.hanoi.gov.vn/gov-hni/8123/VanBan/2026/4/22/QD%20492%20PL1.pdf,2026-04-14,False,False,PL1-0246_1_013936.md
PL1-0247,247,1.013933,Thủ tục Sửa đổi. bổ sung Giấy chứng nhận đủ điều kiện hoạt động dịch vụ đánh giá công nghệ,Hoạt động khoa học và công nghệ,Sở Khoa học và Công nghệ,Toàn trình,Cấp tỉnh,1,9,https://datafiles.hanoi.gov.vn/gov-hni/8123/VanBan/2026/4/22/QD%20492%20PL1.pdf,2026-04-14,False,False,PL1-0247_1_013933.md
PL1-0248,248,1.013931,Thủ tục cấp Giấy chứng nhận đủ điều kiện hoạt động dịch vụ đánh giá công nghệ.,Hoạt động khoa học và công nghệ,Sở Khoa học và Công nghệ,Toàn trình,Cấp tỉnh,1,9,https://datafiles.hanoi.gov.vn/gov-hni/8123/VanBan/2026/4/22/QD%20492%20PL1.pdf,2026-04-14,False,False,PL1-0248_1_013931.md
PL1-0249,249,1.013927,Thủ tục Cấp Giấy phép chuyển giao công nghệ,Hoạt động khoa học và công nghệ,Sở Khoa học và Công nghệ,Toàn trình,Cấp tỉnh,1,9,https://datafiles.hanoi.gov.vn/gov-hni/8123/VanBan/2026/4/22/QD%20492%20PL1.pdf,2026-04-14,False,False,PL1-0249_1_013927.md
PL1-0250,250,1.013918,Thủ tục Chấp thuận chuyển giao công nghệ,Hoạt động khoa học và công nghệ,Sở Khoa học và Công nghệ,Toàn trình,Cấp tỉnh,1,9,https://datafiles.hanoi.gov.vn/gov-hni/8123/VanBan/2026/4/22/QD%20492%20PL1.pdf,2026-04-14,False,False,PL1-0250_1_013918.md
PL1-0251,251,2.002786,Sửa đổi. bổ sung giấy phép sử dụng tần số và thiết bị vô tuyến điện đối với đài tàu (trừ đài tàu hoạt động tuyến quốc tế),Tần số vô tuyến điện,Sở Khoa học và Công nghệ,Toàn trình,Cấp tỉnh,1,9,https://datafiles.hanoi.gov.vn/gov-hni/8123/VanBan/2026/4/22/QD%20492%20PL1.pdf,2026-04-14,False,False,PL1-0251_2_002786.md
PL1-0252,252,2.002785,Cấp đổi giấy phép sử dụng tần số và thiết bị vô tuyến điện đối với đài tàu (trừ đài tàu hoạt động tuyến quốc tế),Tần số vô tuyến điện,Sở Khoa học và Công nghệ,Toàn trình,Cấp tỉnh,1,9,https://datafiles.hanoi.gov.vn/gov-hni/8123/VanBan/2026/4/22/QD%20492%20PL1.pdf,2026-04-14,False,False,PL1-0252_2_002785.md
PL1-0253,253,2.002784,Gia hạn giấy phép sử dụng tần số và thiết bị vô tuyến điện đối với đài tàu (trừ đài tàu hoạt động tuyến quốc tế),Tần số vô tuyến điện,Sở Khoa học và Công nghệ,Toàn trình,Cấp tỉnh,1,9,https://datafiles.hanoi.gov.vn/gov-hni/8123/VanBan/2026/4/22/QD%20492%20PL1.pdf,2026-04-14,False,False,PL1-0253_2_002784.md
PL1-0254,254,2.002783,Cấp giấy phép sử dụng tần số và thiết bị vô tuyến điện đối với đài tàu (trừ đài tàu hoạt động tuyến quốc tế),Tần số vô tuyến điện,Sở Khoa học và Công nghệ,Toàn trình,Cấp tỉnh,1,9,https://datafiles.hanoi.gov.vn/gov-hni/8123/VanBan/2026/4/22/QD%20492%20PL1.pdf,2026-04-14,False,False,PL1-0254_2_002783.md
PL1-0255,255,2.002787,Sửa đổi. bổ sung giấy phép sử dụng tần số và thiết bị vô tuyến điện đối với đài vô tuyến điện nghiệp dư,Tần số vô tuyến điện,Sở Khoa học và Công nghệ,Toàn trình,Cấp tỉnh,1,9,https://datafiles.hanoi.gov.vn/gov-hni/8123/VanBan/2026/4/22/QD%20492%20PL1.pdf,2026-04-14,False,False,PL1-0255_2_002787.md
PL1-0256,256,2.002776,Cấp đổi giấy phép sử dụng tần số và thiết bị vô tuyến điện đối với đài vô tuyến điện nghiệp dư,Tần số vô tuyến điện,Sở Khoa học và Công nghệ,Toàn trình,Cấp tỉnh,1,9,https://datafiles.hanoi.gov.vn/gov-hni/8123/VanBan/2026/4/22/QD%20492%20PL1.pdf,2026-04-14,False,False,PL1-0256_2_002776.md
PL1-0257,257,2.002782,Gia hạn giấy phép sử dụng tần số và thiết bị vô tuyến điện đối với đài vô tuyến điện nghiệp dư,Tần số vô tuyến điện,Sở Khoa học và Công nghệ,Toàn trình,Cấp tỉnh,1,9,https://datafiles.hanoi.gov.vn/gov-hni/8123/VanBan/2026/4/22/QD%20492%20PL1.pdf,2026-04-14,False,False,PL1-0257_2_002782.md
PL1-0258,258,2.002779,Sửa đổi. bổ sung giấy phép sử dụng tần số và thiết bị vô tuyến điện đối với đài vô tuyến điện đặt trên phương tiện nghề cá,Tần số vô tuyến điện,Sở Khoa học và Công nghệ,Toàn trình,Cấp tỉnh,1,9,https://datafiles.hanoi.gov.vn/gov-hni/8123/VanBan/2026/4/22/QD%20492%20PL1.pdf,2026-04-14,False,False,PL1-0258_2_002779.md
PL1-0259,259,2.002775,Cấp đổi giấy phép sử dụng tần số và thiết bị vô tuyến điện đối với đài vô tuyến điện đặt trên phương tiện nghề cá,Tần số vô tuyến điện,Sở Khoa học và Công nghệ,Toàn trình,Cấp tỉnh,1,9,https://datafiles.hanoi.gov.vn/gov-hni/8123/VanBan/2026/4/22/QD%20492%20PL1.pdf,2026-04-14,False,False,PL1-0259_2_002775.md
PL1-0260,260,2.002778,Gia hạn giấy phép sử dụng tần số và thiết bị vô tuyến điện đối với đài vô tuyến điện đặt trên phương tiện nghề cá,Tần số vô tuyến điện,Sở Khoa học và Công nghệ,Toàn trình,Cấp tỉnh,1,9,https://datafiles.hanoi.gov.vn/gov-hni/8123/VanBan/2026/4/22/QD%20492%20PL1.pdf,2026-04-14,False,False,PL1-0260_2_002778.md
PL1-0261,261,2.002777,Cấp giấy phép sử dụng tần số và thiết bị vô tuyến điện đối với đài vô tuyến điện đặt trên phương tiện nghề cá,Tần số vô tuyến điện,Sở Khoa học và Công nghệ,Toàn trình,Cấp tỉnh,1,9,https://datafiles.hanoi.gov.vn/gov-hni/8123/VanBan/2026/4/22/QD%20492%20PL1.pdf,2026-04-14,False,False,PL1-0261_2_002777.md
PL1-0262,262,1.013911,Hoàn trả số thuê bao di động H2H được phân bổ theo phương thức đấu giá,Viễn thông và Internet,Sở Khoa học và Công nghệ,Toàn trình,Cấp tỉnh,1,9,https://datafiles.hanoi.gov.vn/gov-hni/8123/VanBan/2026/4/22/QD%20492%20PL1.pdf,2026-04-14,False,False,PL1-0262_1_013911.md
PL1-0263,263,1.013909,Thu hồi giấy phép cung cấp dịch vụ viễn thông có hạ tầng mạng. loại mạng viễn thông công cộng cố định mặt đất không sử dụng băng tần số vô tuyến điện. không sử dụng số thuê bao viễn thông có phạm vi thiết lập mạng viễn thông trong một tỉnh. thành phố trực thuộc trung ương,Viễn thông và Internet,Sở Khoa học và Công nghệ,Toàn trình,Cấp tỉnh,1,9,https://datafiles.hanoi.gov.vn/gov-hni/8123/VanBan/2026/4/22/QD%20492%20PL1.pdf,2026-04-14,False,False,PL1-0263_1_013909.md
PL1-0264,264,1.013908,Thu hồi giấy phép cung cấp dịch vụ viễn thông không có hạ tầng mạng. loại hình dịch vụ viễn thông cố định mặt đất (dịch vụ viễn thông cung cấp trên mạng viễn thông cố định mặt đất) và giấy chứng nhận đăng ký cung cấp dịch vụ viễn thông,Viễn thông và Internet,Sở Khoa học và Công nghệ,Toàn trình,Cấp tỉnh,1,9,https://datafiles.hanoi.gov.vn/gov-hni/8123/VanBan/2026/4/22/QD%20492%20PL1.pdf,2026-04-14,False,False,PL1-0264_1_013908.md
PL1-0265,265,1.013976,Cấp lại giấy phép cung cấp dịch vụ viễn thông không có hạ tầng mạng. loại hình dịch vụ viễn thông cố định mặt đất (dịch vụ viễn thông cung cấp trên mạng viễn thông cố định mặt đất),Viễn thông và Internet,Sở Khoa học và Công nghệ,Toàn trình,Cấp tỉnh,1,9,https://datafiles.hanoi.gov.vn/gov-hni/8123/VanBan/2026/4/22/QD%20492%20PL1.pdf,2026-04-14,False,False,PL1-0265_1_013976.md
PL1-0266,266,1.013907,Cấp lại giấy phép cung cấp dịch vụ viễn thông có hạ tầng mạng. loại mạng viễn thông công cộng cố định mặt đất không sử dụng băng tần số vô tuyến điện. không sử dụng số thuê bao viễn thông có phạm vi thiết lập mạng viễn thông trong một tỉnh. thành phố trực thuộc trung ương,Viễn thông và Internet,Sở Khoa học và Công nghệ,Toàn trình,Cấp tỉnh,1,9,https://datafiles.hanoi.gov.vn/gov-hni/8123/VanBan/2026/4/22/QD%20492%20PL1.pdf,2026-04-14,False,False,PL1-0266_1_013907.md
PL1-0267,267,1.013906,Gia hạn giấy phép cung cấp dịch vụ viễn thông không có hạ tầng mạng. loại hình dịch vụ viễn thông cố định mặt đất (dịch vụ viễn thông cung cấp trên mạng viễn thông cố định mặt đất),Viễn thông và Internet,Sở Khoa học và Công nghệ,Toàn trình,Cấp tỉnh,1,9,https://datafiles.hanoi.gov.vn/gov-hni/8123/VanBan/2026/4/22/QD%20492%20PL1.pdf,2026-04-14,False,False,PL1-0267_1_013906.md
PL1-0268,268,1.013905,Gia hạn giấy phép cung cấp dịch vụ viễn thông có hạ tầng mạng. loại mạng viễn thông công cộng cố định mặt đất không sử dụng băng tần số vô tuyến điện. không sử dụng số thuê bao viễn thông có phạm vi thiết lập mạng viễn thông trong một tỉnh. thành phố trực thuộc trung ương,Viễn thông và Internet,Sở Khoa học và Công nghệ,Toàn trình,Cấp tỉnh,1,9,https://datafiles.hanoi.gov.vn/gov-hni/8123/VanBan/2026/4/22/QD%20492%20PL1.pdf,2026-04-14,False,False,PL1-0268_1_013905.md
PL1-0269,269,1.013902,Sửa đổi. bổ sung giấy phép cung cấp dịch vụ viễn thông không có hạ tầng mạng. loại hình dịch vụ viễn thông cố định mặt đất (dịch vụ viễn thông cung cấp trên mạng viễn thông cố định mặt đất) đối với trường hợp quy định tại điểm a khoản 2 Điều 36 Nghị định số 163/2024/NĐ-CP,Viễn thông và Internet,Sở Khoa học và Công nghệ,Toàn trình,Cấp tỉnh,1,10,https://datafiles.hanoi.gov.vn/gov-hni/8123/VanBan/2026/4/22/QD%20492%20PL1.pdf,2026-04-14,False,False,PL1-0269_1_013902.md
PL1-0270,270,1.013901,Sửa đổi. bổ sung giấy phép cung cấp dịch vụ viễn thông không có hạ tầng mạng. loại hình dịch vụ viễn thông cố định mặt đất (dịch vụ viễn thông cung cấp trên mạng viễn thông cố định mặt đất) đối với trường hợp quy định tại điểm a. điểm b khoản 1 Điều 36 Nghị định số 163/2024/NĐ-CP,Viễn thông và Internet,Sở Khoa học và Công nghệ,Toàn trình,Cấp tỉnh,1,10,https://datafiles.hanoi.gov.vn/gov-hni/8123/VanBan/2026/4/22/QD%20492%20PL1.pdf,2026-04-14,False,False,PL1-0270_1_013901.md
PL1-0271,271,1.013904,Sửa đổi. bổ sung giấy phép cung cấp dịch vụ viễn thông có hạ tầng mạng. loại mạng viễn thông công cộng cố định mặt đất không sử dụng băng tần số vô tuyến điện. không sử dụng số thuê bao viễn thông có phạm vi thiết lập mạng viễn thông trong một tỉnh. thành phố trực thuộc trung ương đối với trường hợp quy định tại điểm a khoản 2 Điều 36 Nghị định số 163/2024/NĐ-CP,Viễn thông và Internet,Sở Khoa học và Công nghệ,Toàn trình,Cấp tỉnh,1,10,https://datafiles.hanoi.gov.vn/gov-hni/8123/VanBan/2026/4/22/QD%20492%20PL1.pdf,2026-04-14,False,False,PL1-0271_1_013904.md
PL1-0272,272,1.013903,Sửa đổi. bổ sung giấy phép cung cấp dịch vụ viễn thông có hạ tầng mạng. loại mạng viễn thông công cộng cố định mặt đất không sử dụng băng tần số vô tuyến điện. không sử dụng số thuê bao viễn thông có phạm vi thiết lập mạng viễn thông trong một tỉnh. thành phố trực thuộc trung ương đối với trường hợp quy định tại điểm a. điểm b khoản 1 Điều 36 Nghị định số 163/2024/NĐ-CP,Viễn thông và Internet,Sở Khoa học và Công nghệ,Toàn trình,Cấp tỉnh,1,10,https://datafiles.hanoi.gov.vn/gov-hni/8123/VanBan/2026/4/22/QD%20492%20PL1.pdf,2026-04-14,False,False,PL1-0272_1_013903.md
PL1-0273,273,1.013900,Cấp giấy phép cung cấp dịch vụ viễn thông có hạ tầng mạng. loại mạng viễn thông công cộng cố định mặt đất không sử dụng băng tần số vô tuyến điện. không sử dụng số thuê bao viễn thông có phạm vi thiết lập mạng viễn thông trong một tỉnh. thành phố trực thuộc trung ương,Viễn thông và Internet,Sở Khoa học và Công nghệ,Toàn trình,Cấp tỉnh,1,10,https://datafiles.hanoi.gov.vn/gov-hni/8123/VanBan/2026/4/22/QD%20492%20PL1.pdf,2026-04-14,False,False,PL1-0273_1_013900.md
PL1-0274,274,1.013899,Cấp giấy phép cung cấp dịch vụ viễn thông không có hạ tầng mạng. loại hình dịch vụ viễn thông cố định mặt đất (dịch vụ viễn thông cung cấp trên mạng viễn thông cố định mặt đất),Viễn thông và Internet,Sở Khoa học và Công nghệ,Toàn trình,Cấp tỉnh,1,10,https://datafiles.hanoi.gov.vn/gov-hni/8123/VanBan/2026/4/22/QD%20492%20PL1.pdf,2026-04-14,False,False,PL1-0274_1_013899.md
PL1-0275,275,1.013897,Thông báo cung cấp dịch vụ viễn thông đối với doanh nghiệp cung cấp dịch vụ viễn thông cơ bản trên Internet. dịch vụ điện toán đám mây. dịch vụ thư điện tử. dịch vụ thư thoại. dịch vụ fax gia tăng giá trị,Viễn thông và Internet,Sở Khoa học và Công nghệ,Toàn trình,Cấp tỉnh,1,10,https://datafiles.hanoi.gov.vn/gov-hni/8123/VanBan/2026/4/22/QD%20492%20PL1.pdf,2026-04-14,False,False,PL1-0275_1_013897.md
PL1-0276,276,1.013888,Ngừng kinh doanh dịch vụ viễn thông đối với doanh nghiệp viễn thông không phải là doanh nghiệp viễn thông nắm giữ phương tiện thiết yếu. doanh nghiệp viễn thông có vị trí thống lĩnh thị trường hoặc doanh nghiệp thuộc nhóm doanh nghiệp viễn thông có vị trí thống lĩnh thị trường đối với thị trường dịch vụ viễn thông Nhà nước quản lý. doanh nghiệp cung cấp dịch vụ viễn thông công ích (có giấy phép cung cấp dịch vụ không có hạ tầng mạng. loại hình dịch vụ viễn thông cố định mặt đất (dịch vụ viễn thông cung cấp trên mạng viễn thông cố định mặt đất)) khi ngừng kinh doanh một phần hoặc toàn bộ các dịch vụ viễn thông,Viễn thông và Internet,Sở Khoa học và Công nghệ,Toàn trình,Cấp tỉnh,1,10,https://datafiles.hanoi.gov.vn/gov-hni/8123/VanBan/2026/4/22/QD%20492%20PL1.pdf,2026-04-14,False,False,PL1-0276_1_013888.md
PL1-0277,277,1.013885,Ngừng kinh doanh dịch vụ viễn thông đối với doanh nghiệp viễn thông không phải là doanh nghiệp viễn thông nắm giữ phương tiện thiết yếu. doanh nghiệp viễn thông có vị trí thống lĩnh thị trường hoặc doanh nghiệp thuộc nhóm doanh nghiệp viễn thông có vị trí thống lĩnh thị trường đối với thị trường dịch vụ viễn thông Nhà nước quản lý. doanh nghiệp cung cấp dịch vụ viễn thông công ích (có giấy phép cung cấp dịch vụ có hạ tầng mạng. loại mạng viễn thông công cộng cố định mặt đất không sử dụng băng tần số vô tuyến điện. không sử dụng số thuê bao viễn thông có phạm vi thiết lập mạng viễn thông trên một tỉnh. thành phố trực thuộc trung ương) khi ngừng kinh doanh một phần hoặc toàn bộ các dịch vụ viễn thông,Viễn thông và Internet,Sở Khoa học và Công nghệ,Toàn trình,Cấp tỉnh,1,10,https://datafiles.hanoi.gov.vn/gov-hni/8123/VanBan/2026/4/22/QD%20492%20PL1.pdf,2026-04-14,False,False,PL1-0277_1_013885.md
PL1-0278,278,1.013877,Giải quyết tranh chấp trong kinh doanh dịch vụ viễn thông đối với tranh chấp của doanh nghiệp viễn thông thuộc phạm vi giấy phép cung cấp dịch vụ không có hạ tầng mạng. loại hình dịch vụ viễn thông cố định mặt đất (dịch vụ viễn thông cung cấp trên mạng viễn thông cố định mặt đất),Viễn thông và Internet,Sở Khoa học và Công nghệ,Toàn trình,Cấp tỉnh,1,10,https://datafiles.hanoi.gov.vn/gov-hni/8123/VanBan/2026/4/22/QD%20492%20PL1.pdf,2026-04-14,False,False,PL1-0278_1_013877.md
PL1-0279,279,1.013819,Giải quyết tranh chấp trong kinh doanh dịch vụ viễn thông đối với tranh chấp của doanh nghiệp viễn thông thuộc phạm vi giấy phép cung cấp dịch vụ có hạ tầng mạng. loại mạng viễn thông công cộng cố định mặt đất không sử dụng băng tần số vô tuyến điện. không sử dụng số thuê bao viễn thông có phạm vi thiết lập mạng viễn thông trên một tỉnh. thành phố trực thuộc trung ương,Viễn thông và Internet,Sở Khoa học và Công nghệ,Toàn trình,Cấp tỉnh,1,10,https://datafiles.hanoi.gov.vn/gov-hni/8123/VanBan/2026/4/22/QD%20492%20PL1.pdf,2026-04-14,False,False,PL1-0279_1_013819.md
PL1-0280,280,2.001179,Thủ tục xác nhận hàng hóa sử dụng trực tiếp cho phát triển hoạt động ươm tạo công nghệ. ươm tạo doanh nghiệp khoa học và công nghệ.,Hoạt động khoa học và công nghệ,Sở Khoa học và Công nghệ,Toàn trình,Cấp tỉnh,1,11,https://datafiles.hanoi.gov.vn/gov-hni/8123/VanBan/2026/4/22/QD%20492%20PL1.pdf,2026-04-14,False,False,PL1-0280_2_001179.md
PL1-0281,281,2.002546,Thủ tục sửa đổi. bổ sung Giấy chứng nhận chuyển giao công nghệ khuyến khích chuyển giao (trừ trường hợp thuộc thẩm quyền giải quyết của Bộ Khoa học và Công nghệ),Hoạt động khoa học và công nghệ,Sở Khoa học và Công nghệ,Toàn trình,Cấp tỉnh,1,11,https://datafiles.hanoi.gov.vn/gov-hni/8123/VanBan/2026/4/22/QD%20492%20PL1.pdf,2026-04-14,False,False,PL1-0281_2_002546.md
PL1-0282,282,2.001137,Thủ tục hỗ trợ doanh nghiệp có dự án thuộc ngành. nghề ưu đãi đầu tư. địa bàn ưu đãi đầu tư nhận chuyển giao công nghệ từ tổ chức khoa học và công nghệ.,Hoạt động khoa học và công nghệ,Sở Khoa học và Công nghệ,Toàn trình,Cấp tỉnh,1,11,https://datafiles.hanoi.gov.vn/gov-hni/8123/VanBan/2026/4/22/QD%20492%20PL1.pdf,2026-04-14,False,False,PL1-0282_2_001137.md
PL1-0283,283,2.002711,Thủ tục đánh giá. nghiệm thu nhiệm vụ cấp tỉnh sử dụng ngân sách nhà nước,Hoạt động khoa học và công nghệ,Sở Khoa học và Công nghệ,Toàn trình,Cấp tỉnh,1,11,https://datafiles.hanoi.gov.vn/gov-hni/8123/VanBan/2026/4/22/QD%20492%20PL1.pdf,2026-04-14,False,False,PL1-0283_2_002711.md
PL1-0284,284,2.002548,Thủ tục cấp lại Giấy chứng nhận chuyển giao công nghệ khuyến khích chuyển giao (trừ trường hợp thuộc thẩm quyền giải quyết của Bộ Khoa học và Công nghệ),Hoạt động khoa học và công nghệ,Sở Khoa học và Công nghệ,Toàn trình,Cấp tỉnh,1,11,https://datafiles.hanoi.gov.vn/gov-hni/8123/VanBan/2026/4/22/QD%20492%20PL1.pdf,2026-04-14,False,False,PL1-0284_2_002548.md
PL1-0285,285,2.002544,Thủ tục cấp Giấy chứng nhận chuyển giao công nghệ khuyến khích chuyển giao (trừ trường hợp thuộc thẩm quyền giải quyết của Bộ Khoa học và Công nghệ),Hoạt động khoa học và công nghệ,Sở Khoa học và Công nghệ,Toàn trình,Cấp tỉnh,1,11,https://datafiles.hanoi.gov.vn/gov-hni/8123/VanBan/2026/4/22/QD%20492%20PL1.pdf,2026-04-14,False,False,PL1-0285_2_002544.md
PL1-0286,286,1.011815,(Cấp tỉnh) Thủ tục mua sáng chế. sáng kiến,Hoạt động khoa học và công nghệ,Sở Khoa học và Công nghệ,Toàn trình,Cấp tỉnh,1,11,https://datafiles.hanoi.gov.vn/gov-hni/8123/VanBan/2026/4/22/QD%20492%20PL1.pdf,2026-04-14,False,False,PL1-0286_1_011815.md
PL1-0287,287,1.011814,(Cấp tỉnh) Thủ tục hỗ trợ kinh phí. mua kết quả nghiên cứu khoa học và phát triển công nghệ do tổ chức. cá nhân tự đầu tư nghiên cứu,Hoạt động khoa học và công nghệ,Sở Khoa học và Công nghệ,Toàn trình,Cấp tỉnh,1,11,https://datafiles.hanoi.gov.vn/gov-hni/8123/VanBan/2026/4/22/QD%20492%20PL1.pdf,2026-04-14,False,False,PL1-0287_1_011814.md
PL1-0288,288,1.011816,(Cấp tỉnh) Thủ tục hỗ trợ kinh phí hoặc mua công nghệ được tổ chức. cá nhân trong nước tạo ra từ kết quả nghiên cứu khoa học và phát triển công nghệ để sản xuất sản phẩm quốc gia. trọng điểm. chủ lực,Hoạt động khoa học và công nghệ,Sở Khoa học và Công nghệ,Toàn trình,Cấp tỉnh,1,11,https://datafiles.hanoi.gov.vn/gov-hni/8123/VanBan/2026/4/22/QD%20492%20PL1.pdf,2026-04-14,False,False,PL1-0288_1_011816.md
PL1-0289,289,1.011812,(Cấp tỉnh) Thủ tục công nhận kết quả nghiên cứu khoa học và phát triển công nghệ do tổ chức. cá nhân tự đầu tư nghiên cứu,Hoạt động khoa học và công nghệ,Sở Khoa học và Công nghệ,Toàn trình,Cấp tỉnh,1,11,https://datafiles.hanoi.gov.vn/gov-hni/8123/VanBan/2026/4/22/QD%20492%20PL1.pdf,2026-04-14,False,False,PL1-0289_1_011812.md
PL1-0290,290,1.011939,Thủ tục thu hồi Giấy chứng nhận tổ chức giám định sở hữu công nghiệp (cấp tỉnh),Sở hữu trí tuệ,Sở Khoa học và Công nghệ,Toàn trình,Cấp tỉnh,1,11,https://datafiles.hanoi.gov.vn/gov-hni/8123/VanBan/2026/4/22/QD%20492%20PL1.pdf,2026-04-14,False,False,PL1-0290_1_011939.md
PL1-0291,291,1.010902,Sửa đổi. bổ sung văn bản xác nhận thông báo hoạt động bưu chính (cấp Tỉnh),Bưu chính,Sở Khoa học và Công nghệ,Toàn trình,Cấp tỉnh,1,11,https://datafiles.hanoi.gov.vn/gov-hni/8123/VanBan/2026/4/22/QD%20492%20PL1.pdf,2026-04-14,False,False,PL1-0291_1_010902.md
PL1-0292,292,2.002253,Thủ tục cấp Giấy xác nhận đăng ký hoạt động xét tặng giải thưởng chất lượng sản phẩm. hàng hoá của tổ chức. cá nhân.,Tiêu chuẩn đo lường chất lượng,Sở Khoa học và Công nghệ,Toàn trình,Cấp tỉnh,1,11,https://datafiles.hanoi.gov.vn/gov-hni/8123/VanBan/2026/4/22/QD%20492%20PL1.pdf,2026-04-14,False,False,PL1-0292_2_002253.md
PL1-0293,293,2.002248,Thủ tục cấp Giấy chứng nhận đăng ký chuyển giao công nghệ (trừ trường hợp thuộc thẩm quyền của Bộ Khoa học và Công nghệ),Hoạt động khoa học và công nghệ,Sở Khoa học và Công nghệ,Toàn trình,Cấp tỉnh,1,11,https://datafiles.hanoi.gov.vn/gov-hni/8123/VanBan/2026/4/22/QD%20492%20PL1.pdf,2026-04-14,False,False,PL1-0293_2_002248.md
PL1-0294,294,2.002249,Thủ tục cấp Giấy chứng nhận đăng ký gia hạn. sửa đổi. bổ sung nội dung chuyển giao công nghệ (trừ trường hợp thuộc thẩm quyền của Bộ Khoa học và Công nghệ),Hoạt động khoa học và công nghệ,Sở Khoa học và Công nghệ,Toàn trình,Cấp tỉnh,1,11,https://datafiles.hanoi.gov.vn/gov-hni/8123/VanBan/2026/4/22/QD%20492%20PL1.pdf,2026-04-14,False,False,PL1-0294_2_002249.md
PL1-0295,295,1.003659,Cấp giấy phép bưu chính (cấp tỉnh),Bưu chính,Sở Khoa học và Công nghệ,Toàn trình,Cấp tỉnh,1,11,https://datafiles.hanoi.gov.vn/gov-hni/8123/VanBan/2026/4/22/QD%20492%20PL1.pdf,2026-04-14,False,False,PL1-0295_1_003659.md
PL1-0296,296,1.001392,Thủ tục miễn giảm kiểm tra chất lượng hàng hóa nhóm 2 nhập khẩu (cấp tỉnh),Tiêu chuẩn đo lường chất lượng,Sở Khoa học và Công nghệ,Toàn trình,Cấp tỉnh,1,11,https://datafiles.hanoi.gov.vn/gov-hni/8123/VanBan/2026/4/22/QD%20492%20PL1.pdf,2026-04-14,False,False,PL1-0296_1_001392.md
PL1-0297,297,2.001277,Thủ tục đăng ký công bố hợp quy đối với các sản phẩm. hàng hóa sản xuất trong nước. dịch vụ. quá trình. môi trường được quản lý bởi các quy chuẩn kỹ thuật quốc gia do Bộ Khoa học và Công nghệ ban hành dựa trên kết quả chứng nhận hợp quy của tổ chức chứng nhận.,Tiêu chuẩn đo lường chất lượng,Sở Khoa học và Công nghệ,Toàn trình,Cấp tỉnh,1,11,https://datafiles.hanoi.gov.vn/gov-hni/8123/VanBan/2026/4/22/QD%20492%20PL1.pdf,2026-04-14,False,False,PL1-0297_2_001277.md
PL1-0298,298,2.001259,Thủ tục kiểm tra nhà nước về chất lượng sản phẩm. hàng hóa nhóm 2 nhập khẩu,Tiêu chuẩn đo lường chất lượng,Sở Khoa học và Công nghệ,Toàn trình,Cấp tỉnh,1,11,https://datafiles.hanoi.gov.vn/gov-hni/8123/VanBan/2026/4/22/QD%20492%20PL1.pdf,2026-04-14,False,False,PL1-0298_2_001259.md
PL1-0299,299,2.001207,Thủ tục đăng ký công bố hợp chuẩn dựa trên kết quả tự đánh giá của tổ chức. cá nhân sản xuất. kinh doanh,Tiêu chuẩn đo lường chất lượng,Sở Khoa học và Công nghệ,Toàn trình,Cấp tỉnh,1,11,https://datafiles.hanoi.gov.vn/gov-hni/8123/VanBan/2026/4/22/QD%20492%20PL1.pdf,2026-04-14,False,False,PL1-0299_2_001207.md
PL1-0300,300,2.001209,Thủ tục đăng ký công bố hợp chuẩn dựa trên kết quả chứng nhận hợp chuẩn của tổ chức chứng nhận,Tiêu chuẩn đo lường chất lượng,Sở Khoa học và Công nghệ,Toàn trình,Cấp tỉnh,1,11,https://datafiles.hanoi.gov.vn/gov-hni/8123/VanBan/2026/4/22/QD%20492%20PL1.pdf,2026-04-14,False,False,PL1-0300_2_001209.md
PL1-0301,301,2.001501,Thủ tục cấp lại Quyết định chỉ định tổ chức đánh giá sự phù hợp (cấp tỉnh),Tiêu chuẩn đo lường chất lượng,Sở Khoa học và Công nghệ,Toàn trình,Cấp tỉnh,1,11,https://datafiles.hanoi.gov.vn/gov-hni/8123/VanBan/2026/4/22/QD%20492%20PL1.pdf,2026-04-14,False,False,PL1-0301_2_001501.md
PL1-0302,302,1.005442,Cấp lại văn bản xác nhận thông báo hoạt động bưu chính khi bị mất hoặc hư hỏng không sử dụng được (cấp tỉnh),Bưu chính,Sở Khoa học và Công nghệ,Toàn trình,Cấp tỉnh,1,11,https://datafiles.hanoi.gov.vn/gov-hni/8123/VanBan/2026/4/22/QD%20492%20PL1.pdf,2026-04-14,False,False,PL1-0302_1_005442.md
PL1-0303,303,1.004470,Cấp văn bản xác nhận thông báo hoạt động bưu chính (cấp tỉnh),Bưu chính,Sở Khoa học và Công nghệ,Toàn trình,Cấp tỉnh,1,11,https://datafiles.hanoi.gov.vn/gov-hni/8123/VanBan/2026/4/22/QD%20492%20PL1.pdf,2026-04-14,False,False,PL1-0303_1_004470.md
PL1-0304,304,1.004379,Cấp lại giấy phép bưu chính khi bị mất hoặc hư hỏng không sử dụng được (cấp tỉnh),Bưu chính,Sở Khoa học và Công nghệ,Toàn trình,Cấp tỉnh,1,11,https://datafiles.hanoi.gov.vn/gov-hni/8123/VanBan/2026/4/22/QD%20492%20PL1.pdf,2026-04-14,False,False,PL1-0304_1_004379.md
PL1-0305,305,1.003633,Cấp lại giấy phép bưu chính khi hết hạn (cấp tỉnh),Bưu chính,Sở Khoa học và Công nghệ,Toàn trình,Cấp tỉnh,1,11,https://datafiles.hanoi.gov.vn/gov-hni/8123/VanBan/2026/4/22/QD%20492%20PL1.pdf,2026-04-14,False,False,PL1-0305_1_003633.md
PL1-0306,306,1.003687,Sửa đổi. bổ sung giấy phép bưu chính (cấp tỉnh),Bưu chính,Sở Khoa học và Công nghệ,Toàn trình,Cấp tỉnh,1,11,https://datafiles.hanoi.gov.vn/gov-hni/8123/VanBan/2026/4/22/QD%20492%20PL1.pdf,2026-04-14,False,False,PL1-0306_1_003687.md
PL1-0307,307,1.000449,Thủ tục điều chỉnh nội dung bản công bố sử dụng dấu định lượng,Tiêu chuẩn đo lường chất lượng,Sở Khoa học và Công nghệ,Toàn trình,Cấp tỉnh,1,11,https://datafiles.hanoi.gov.vn/gov-hni/8123/VanBan/2026/4/22/QD%20492%20PL1.pdf,2026-04-14,False,False,PL1-0307_1_000449.md
PL1-0308,308,2.000212,Thủ tục công bố sử dụng dấu định lượng,Tiêu chuẩn đo lường chất lượng,Sở Khoa học và Công nghệ,Toàn trình,Cấp tỉnh,1,11,https://datafiles.hanoi.gov.vn/gov-hni/8123/VanBan/2026/4/22/QD%20492%20PL1.pdf,2026-04-14,False,False,PL1-0308_2_000212.md
PL1-0309,309,1.014383,Thủ tục đặt và tổ chức xét tặng giải thưởng của tổ chức. cá nhân cư trú hoặc hoạt động hợp pháp tại Việt Nam.,Hoạt động khoa học và công nghệ,Sở Khoa học và Công nghệ,Toàn trình,Cấp tỉnh,1,12,https://datafiles.hanoi.gov.vn/gov-hni/8123/VanBan/2026/4/22/QD%20492%20PL1.pdf,2026-04-14,False,False,PL1-0309_1_014383.md
PL1-0310,310,1.014389,Thủ tục cấp Giấy chứng nhận đăng ký tổ chức khoa học và công nghệ,Hoạt động khoa học và công nghệ,Sở Khoa học và Công nghệ,Toàn trình,Cấp tỉnh,1,12,https://datafiles.hanoi.gov.vn/gov-hni/8123/VanBan/2026/4/22/QD%20492%20PL1.pdf,2026-04-14,False,False,PL1-0310_1_014389.md
PL1-0311,311,1.014388,Thủ tục Cho phép thành lập và phê duyệt điều lệ tổ chức và hoạt động của tổ chức khoa học và công nghệ có vốn nước ngoài,Hoạt động khoa học và công nghệ,Sở Khoa học và Công nghệ,Toàn trình,Cấp tỉnh,1,12,https://datafiles.hanoi.gov.vn/gov-hni/8123/VanBan/2026/4/22/QD%20492%20PL1.pdf,2026-04-14,False,False,PL1-0311_1_014388.md
PL1-0312,312,1.014394,Thủ tục Thành lập đơn vị trực thuộc ở nước ngoài của tổ chức khoa học và công nghệ,Hoạt động khoa học và công nghệ,Sở Khoa học và Công nghệ,Toàn trình,Cấp tỉnh,1,12,https://datafiles.hanoi.gov.vn/gov-hni/8123/VanBan/2026/4/22/QD%20492%20PL1.pdf,2026-04-14,False,False,PL1-0312_1_014394.md
PL1-0313,313,1.014393,Thủ tục Công nhận trung tâm nghiên cứu và phát triển,Hoạt động khoa học và công nghệ,Sở Khoa học và Công nghệ,Toàn trình,Cấp tỉnh,1,12,https://datafiles.hanoi.gov.vn/gov-hni/8123/VanBan/2026/4/22/QD%20492%20PL1.pdf,2026-04-14,False,False,PL1-0313_1_014393.md
PL1-0314,314,1.014438,Thủ tục công nhận trung tâm đổi mới sáng tạo cấp tỉnh,Hoạt động khoa học và công nghệ,Sở Khoa học và Công nghệ,Toàn trình,Cấp tỉnh,1,12,https://datafiles.hanoi.gov.vn/gov-hni/8123/VanBan/2026/4/22/QD%20492%20PL1.pdf,2026-04-14,False,False,PL1-0314_1_014438.md
PL1-0315,315,1.014439,Thủ tục công nhận trung tâm đổi mới sáng tạo,Hoạt động khoa học và công nghệ,Sở Khoa học và Công nghệ,Toàn trình,Cấp tỉnh,1,12,https://datafiles.hanoi.gov.vn/gov-hni/8123/VanBan/2026/4/22/QD%20492%20PL1.pdf,2026-04-14,False,False,PL1-0315_1_014439.md
PL1-0316,316,1.014440,Thủ tục cấp lại Giấy công nhận trung tâm đổi mới sáng tạo. Giấy công nhận trung tâm đổi mới sáng tạo cấp tỉnh,Hoạt động khoa học và công nghệ,Sở Khoa học và Công nghệ,Toàn trình,Cấp tỉnh,1,12,https://datafiles.hanoi.gov.vn/gov-hni/8123/VanBan/2026/4/22/QD%20492%20PL1.pdf,2026-04-14,False,False,PL1-0316_1_014440.md
PL1-0317,317,1.014431,Thủ tục công nhận trung tâm hỗ trợ khởi nghiệp sáng tạo cấp tỉnh,Hoạt động khoa học và công nghệ,Sở Khoa học và Công nghệ,Toàn trình,Cấp tỉnh,1,12,https://datafiles.hanoi.gov.vn/gov-hni/8123/VanBan/2026/4/22/QD%20492%20PL1.pdf,2026-04-14,False,False,PL1-0317_1_014431.md
PL1-0318,318,1.014432,Thủ tục công nhận trung tâm hỗ trợ khởi nghiệp sáng tạo,Hoạt động khoa học và công nghệ,Sở Khoa học và Công nghệ,Toàn trình,Cấp tỉnh,1,12,https://datafiles.hanoi.gov.vn/gov-hni/8123/VanBan/2026/4/22/QD%20492%20PL1.pdf,2026-04-14,False,False,PL1-0318_1_014432.md
PL1-0319,319,1.014433,Thủ tục công nhận cá nhân. nhóm cá nhân. doanh nghiệp khởi nghiệp sáng tạo,Hoạt động khoa học và công nghệ,Sở Khoa học và Công nghệ,Toàn trình,Cấp tỉnh,1,12,https://datafiles.hanoi.gov.vn/gov-hni/8123/VanBan/2026/4/22/QD%20492%20PL1.pdf,2026-04-14,False,False,PL1-0319_1_014433.md
PL1-0320,320,1.014435,Thủ tục công nhận chuyên gia hỗ trợ khởi nghiệp sáng tạo,Hoạt động khoa học và công nghệ,Sở Khoa học và Công nghệ,Toàn trình,Cấp tỉnh,1,12,https://datafiles.hanoi.gov.vn/gov-hni/8123/VanBan/2026/4/22/QD%20492%20PL1.pdf,2026-04-14,False,False,PL1-0320_1_014435.md
PL1-0321,321,1.014436,Thủ tục công nhận nhà đầu tư cá nhân khởi nghiệp sáng tạo,Hoạt động khoa học và công nghệ,Sở Khoa học và Công nghệ,Toàn trình,Cấp tỉnh,1,12,https://datafiles.hanoi.gov.vn/gov-hni/8123/VanBan/2026/4/22/QD%20492%20PL1.pdf,2026-04-14,False,False,PL1-0321_1_014436.md
PL1-0322,322,1.014437,Thủ tục cấp lại Giấy công nhận trung tâm hỗ trợ khởi nghiệp sáng tạo. Giấy công nhận trung tâm hỗ trợ khởi nghiệp sáng tạo cấp tỉnh. Giấy công nhận cá nhân. nhóm cá nhân khởi nghiệp sáng tạo. Giấy công nhận doanh nghiệp khởi nghiệp sáng tạo. Giấy công nhận chuyên gia hỗ trợ khởi nghiệp sáng tạo. Giấy công nhận nhà đầu tư cá nhân khởi nghiệp sáng tạo,Hoạt động khoa học và công nghệ,Sở Khoa học và Công nghệ,Toàn trình,Cấp tỉnh,1,12,https://datafiles.hanoi.gov.vn/gov-hni/8123/VanBan/2026/4/22/QD%20492%20PL1.pdf,2026-04-14,False,False,PL1-0322_1_014437.md
PL1-0323,323,1.014451,Thủ tục đăng ký thực hiện nhiệm vụ đổi mới sáng tạo tài trợ. đặt hàng về đổi mới công nghệ; phát triển tài sản trí tuệ. nâng cao năng suất. chất lượng; hỗ trợ khởi nghiệp sáng tạo,Hoạt động khoa học và công nghệ,Sở Khoa học và Công nghệ,Toàn trình,Cấp tỉnh,1,12,https://datafiles.hanoi.gov.vn/gov-hni/8123/VanBan/2026/4/22/QD%20492%20PL1.pdf,2026-04-14,False,False,PL1-0323_1_014451.md
PL1-0324,324,1.014390,Thay đổi. bổ sung. cấp lại giấy chứng nhận đăng ký tổ chức khoa học và công nghệ.,Hoạt động khoa học và công nghệ,Sở Khoa học và Công nghệ,Toàn trình,Cấp tỉnh,1,12,https://datafiles.hanoi.gov.vn/gov-hni/8123/VanBan/2026/4/22/QD%20492%20PL1.pdf,2026-04-14,False,False,PL1-0324_1_014390.md
PL1-0325,325,1.014391,Cấp Giấy chứng nhận văn phòng đại diện. chi nhánh của tổ chức khoa học và công nghệ,Hoạt động khoa học và công nghệ,Sở Khoa học và Công nghệ,Toàn trình,Cấp tỉnh,1,12,https://datafiles.hanoi.gov.vn/gov-hni/8123/VanBan/2026/4/22/QD%20492%20PL1.pdf,2026-04-14,False,False,PL1-0325_1_014391.md
PL1-0326,326,1.014392,Thay đổi. bổ sung. cấp lại Giấy chứng nhận văn phòng đại diện. chi nhánh của tổ chức khoa học và công nghệ,Hoạt động khoa học và công nghệ,Sở Khoa học và Công nghệ,Toàn trình,Cấp tỉnh,1,12,https://datafiles.hanoi.gov.vn/gov-hni/8123/VanBan/2026/4/22/QD%20492%20PL1.pdf,2026-04-14,False,False,PL1-0326_1_014392.md
PL1-0327,327,1.014459,Đăng ký kết quả thực hiện nhiệm vụ khoa học và công nghệ cấp tỉnh. cấp cơ sở sử dụng ngân sách nhà nước và nhiệm vụ khoa học và công nghệ do quỹ của Nhà nước trong lĩnh vực khoa học và công nghệ tài trợ thuộc phạm vi quản lý của tỉnh. thành phố trực thuộc trung ương,Hoạt động khoa học và công nghệ,Sở Khoa học và Công nghệ,Toàn trình,Cấp tỉnh,1,12,https://datafiles.hanoi.gov.vn/gov-hni/8123/VanBan/2026/4/22/QD%20492%20PL1.pdf,2026-04-14,False,False,PL1-0327_1_014459.md
PL1-0328,328,1.014460,Đăng ký kết quả thực hiện nhiệm vụ khoa học và công nghệ không sử dụng ngân sách nhà nước,Hoạt động khoa học và công nghệ,Sở Khoa học và Công nghệ,Toàn trình,Cấp tỉnh,1,12,https://datafiles.hanoi.gov.vn/gov-hni/8123/VanBan/2026/4/22/QD%20492%20PL1.pdf,2026-04-14,False,False,PL1-0328_1_014460.md
PL1-0329,329,1.014461,Đăng ký thông tin kết quả nghiên cứu khoa học và phát triển công nghệ được mua bằng ngân sách nhà nước thuộc phạm vi quản lý của tỉnh. thành phố trực thuộc trung ương,Hoạt động khoa học và công nghệ,Sở Khoa học và Công nghệ,Toàn trình,Cấp tỉnh,1,12,https://datafiles.hanoi.gov.vn/gov-hni/8123/VanBan/2026/4/22/QD%20492%20PL1.pdf,2026-04-14,False,False,PL1-0329_1_014461.md
PL1-0330,330,2.002781,Thủ tục Cấp giấy phép sử dụng tần số và thiết bị vô tuyến điện đối với đài vô tuyến điện nghiệp dư.,Tần số vô tuyến điện,Sở Khoa học và Công nghệ,Toàn trình,Cấp tỉnh,1,12,https://datafiles.hanoi.gov.vn/gov-hni/8123/VanBan/2026/4/22/QD%20492%20PL1.pdf,2026-04-14,False,False,PL1-0330_2_002781.md
PL1-0331,331,1.014674,Khai báo thiết bị X-quang chẩn đoán y tế. thiết bị chụp cắt lớp vi tính tích hợp với PET (PET/CT). SPECT (SPECT/CT). sử dụng thiết bị phát tia X (trừ thiết bị chụp ảnh phóng xạ công nghiệp).,An toàn bức xạ và hạt nhân,Sở Khoa học và Công nghệ,Toàn trình,Cấp tỉnh,1,13,https://datafiles.hanoi.gov.vn/gov-hni/8123/VanBan/2026/4/22/QD%20492%20PL1.pdf,2026-04-14,False,False,PL1-0331_1_014674.md
PL1-0332,332,1.014675,Cấp Giấy phép tiến hành công việc bức xạ - sử dụng thiết bị Xquang chẩn đoán y tế. thiết bị chụp cắt lớp vi tính tích hợp với PET (PET/CT). SPECT SPECT/CT). sử dụng thiết bị phát tia X (trừ thiết bị chụp ảnh phóng xạ công nghiệp).,An toàn bức xạ và hạt nhân,Sở Khoa học và Công nghệ,Toàn trình,Cấp tỉnh,1,13,https://datafiles.hanoi.gov.vn/gov-hni/8123/VanBan/2026/4/22/QD%20492%20PL1.pdf,2026-04-14,False,False,PL1-0332_1_014675.md
PL1-0333,333,1.014679,Gia hạn Giấy phép tiến hành công việc bức xạ - sử dụng thiết bị X- quang chẩn đoán y tế. thiết bị chụp cắt lớp vi tính tich hợp với PET (PET/CT). SPECT (SPECT/CT) sử dụng thiết bị phát tia X (trừ thiết bị chụp ảnh phóng xạ công nghiệp),An toàn bức xạ và hạt nhân,Sở Khoa học và Công nghệ,Toàn trình,Cấp tỉnh,1,13,https://datafiles.hanoi.gov.vn/gov-hni/8123/VanBan/2026/4/22/QD%20492%20PL1.pdf,2026-04-14,False,False,PL1-0333_1_014679.md
PL1-0334,334,1.014676,Sửa đổi Giấy phép tiến hành công việc bức xạ - sử dụng thiết bị X- quang chẩn đoán y tế. thiết bị chụp cắt lớp vi tính tích hợp với PET (PET/CT). SPECT (SPECT/CT) sử dụng thiết bị phát tia X (trừ thiết bị chụp ảnh phóng xạ công nghiệp),An toàn bức xạ và hạt nhân,Sở Khoa học và Công nghệ,Toàn trình,Cấp tỉnh,1,13,https://datafiles.hanoi.gov.vn/gov-hni/8123/VanBan/2026/4/22/QD%20492%20PL1.pdf,2026-04-14,False,False,PL1-0334_1_014676.md
PL1-0335,335,1.014678,Cấp chứng chỉ nhân viên bức xạ (người phụ trách an toàn cơ sở sử dụng thiết bị X-quang chấn đoán y tế. thiết bị chụp cắt lớp vi tính tích hợp với PET (PET/CT). SPECT (SPECT/CT). sử dụng thiết bị phát tia X (trừ thiết bị chụp ảnh phóng xạ công nghiệp),An toàn bức xạ và hạt nhân,Sở Khoa học và Công nghệ,Toàn trình,Cấp tỉnh,1,13,https://datafiles.hanoi.gov.vn/gov-hni/8123/VanBan/2026/4/22/QD%20492%20PL1.pdf,2026-04-14,False,False,PL1-0335_1_014678.md
PL1-0336,336,1.014444,Thủ tục đánh giá kết quả thực hiện nhiệm vụ khoa học. công nghệ và đổi mới sáng tạo không sử dụng ngân sách nhà nước.,Hoạt động khoa học và công nghệ,Sở Khoa học và Công nghệ,Toàn trình,Cấp tỉnh,1,13,https://datafiles.hanoi.gov.vn/gov-hni/8123/VanBan/2026/4/22/QD%20492%20PL1.pdf,2026-04-14,False,False,PL1-0336_1_014444.md
PL1-0337,337,1.014445,Thủ tục cấp Giấy chứng nhận doanh nghiệp khoa học và công nghệ (Nghị định số 268/2025/NĐ-CP),Hoạt động khoa học và công nghệ,Sở Khoa học và Công nghệ,Toàn trình,Cấp tỉnh,1,13,https://datafiles.hanoi.gov.vn/gov-hni/8123/VanBan/2026/4/22/QD%20492%20PL1.pdf,2026-04-14,False,False,PL1-0337_1_014445.md
PL1-0338,338,1.014446,Thủ tục cấp thay đổi nội dung. cấp lại Giấy chứng nhận doanh nghiệp khoa học và công nghệ.,Hoạt động khoa học và công nghệ,Sở Khoa học và Công nghệ,Toàn trình,Cấp tỉnh,1,13,https://datafiles.hanoi.gov.vn/gov-hni/8123/VanBan/2026/4/22/QD%20492%20PL1.pdf,2026-04-14,False,False,PL1-0338_1_014446.md
PL1-0339,339,2.002847,Thủ tục đăng ký hỗ trợ sử dụng dịch vụ viễn thông phổ cập,Viễn thông và Internet,Sở Khoa học và Công nghệ,Toàn trình,Cấp tỉnh,1,13,https://datafiles.hanoi.gov.vn/gov-hni/8123/VanBan/2026/4/22/QD%20492%20PL1.pdf,2026-04-14,False,False,PL1-0339_2_002847.md
PL1-0340,340,1.014920,Đề nghị thử nghiệm có kiểm soát sản phẩm. dịch vụ ứng dụng công nghệ số (không gian. phạm vi. đối tượng thử nghiệm trong 01 tỉnh. thành phố[2]),Công nghiệp công nghệ số,Sở Khoa học và Công nghệ,Toàn trình,Cấp tỉnh,1,13,https://datafiles.hanoi.gov.vn/gov-hni/8123/VanBan/2026/4/22/QD%20492%20PL1.pdf,2026-04-14,False,False,PL1-0340_1_014920.md
PL1-0341,341,1.014921,Đề nghị gia hạn thử nghiệm có kiểm soát sản phẩm. dịch vụ ứng dụng công nghệ số (không gian. phạm vi. đối tượng thử nghiệm trong 01 tỉnh. thành phố),Công nghiệp công nghệ số,Sở Khoa học và Công nghệ,Toàn trình,Cấp tỉnh,1,13,https://datafiles.hanoi.gov.vn/gov-hni/8123/VanBan/2026/4/22/QD%20492%20PL1.pdf,2026-04-14,False,False,PL1-0341_1_014921.md
PL1-0342,342,1.014922,Đề nghị kết thúc thử nghiệm có kiểm soát sản phẩm. dịch vụ ứng dụng công nghệ số (không gian. phạm vi. đối tượng thử nghiệm trong 01 tỉnh. thành phố),Công nghiệp công nghệ số,Sở Khoa học và Công nghệ,Toàn trình,Cấp tỉnh,1,13,https://datafiles.hanoi.gov.vn/gov-hni/8123/VanBan/2026/4/22/QD%20492%20PL1.pdf,2026-04-14,False,False,PL1-0342_1_014922.md
PL1-0343,343,1.014923,Đề nghị điều chỉnh thử nghiệm có kiểm soát sản phẩm. dịch vụ ứng dụng công nghệ số (không gian. phạm vi. đối tượng thử nghiệm trong 01 tỉnh. thành phố),Công nghiệp công nghệ số,Sở Khoa học và Công nghệ,Toàn trình,Cấp tỉnh,1,13,https://datafiles.hanoi.gov.vn/gov-hni/8123/VanBan/2026/4/22/QD%20492%20PL1.pdf,2026-04-14,False,False,PL1-0343_1_014923.md
PL1-0344,344,1.014896,Thủ tục cấp bổ sung. sửa đổi Giấy chứng nhận đăng ký hoạt động chứng nhận sản phẩm. hệ thống quản lý.,Tiêu chuẩn đo lường chất lượng (Bộ Khoa học và Công nghệ),Sở Khoa học và Công nghệ,Toàn trình,Cấp tỉnh,1,13,https://datafiles.hanoi.gov.vn/gov-hni/8123/VanBan/2026/4/22/QD%20492%20PL1.pdf,2026-04-14,False,False,PL1-0344_1_014896.md
PL1-0345,345,1.014893,Thủ tục cấp bổ sung. sửa đổi Giấy chứng nhận đăng ký hoạt động giám định đối tượng hoạt động trong lĩnh vực tiêu chuẩn và hoạt động trong lĩnh vực quy chuẩn kỹ thuật,Tiêu chuẩn đo lường chất lượng (Bộ Khoa học và Công nghệ),Sở Khoa học và Công nghệ,Toàn trình,Cấp tỉnh,1,13,https://datafiles.hanoi.gov.vn/gov-hni/8123/VanBan/2026/4/22/QD%20492%20PL1.pdf,2026-04-14,False,False,PL1-0345_1_014893.md
PL1-0346,346,1.014889,Thủ tục cấp bổ sung. sửa đổi Giấy chứng nhận đăng ký hoạt động thử nghiệm chất lượng sản phẩm. hàng hóa.,Tiêu chuẩn đo lường chất lượng (Bộ Khoa học và Công nghệ),Sở Khoa học và Công nghệ,Toàn trình,Cấp tỉnh,1,13,https://datafiles.hanoi.gov.vn/gov-hni/8123/VanBan/2026/4/22/QD%20492%20PL1.pdf,2026-04-14,False,False,PL1-0346_1_014889.md
PL1-0347,347,1.014895,Thủ tục cấp Giấy chứng nhận đăng ký hoạt động chứng nhận sản phẩm. hệ thống quản lý.,Tiêu chuẩn đo lường chất lượng (Bộ Khoa học và Công nghệ),Sở Khoa học và Công nghệ,Toàn trình,Cấp tỉnh,1,13,https://datafiles.hanoi.gov.vn/gov-hni/8123/VanBan/2026/4/22/QD%20492%20PL1.pdf,2026-04-14,False,False,PL1-0347_1_014895.md
PL1-0348,348,1.014892,Thủ tục cấp Giấy chứng nhận đăng ký hoạt động giám định đối tượng hoạt động trong lĩnh vực tiêu chuẩn và hoạt động trong lĩnh vực quy chuẩn kỹ thuật,Tiêu chuẩn đo lường chất lượng (Bộ Khoa học và Công nghệ),Sở Khoa học và Công nghệ,Toàn trình,Cấp tỉnh,1,13,https://datafiles.hanoi.gov.vn/gov-hni/8123/VanBan/2026/4/22/QD%20492%20PL1.pdf,2026-04-14,False,False,PL1-0348_1_014892.md
PL1-0349,349,1.014888,Thủ tục cấp Giấy chứng nhận đăng ký hoạt động thử nghiệm chất lượng sản phẩm. hàng hóa,Tiêu chuẩn đo lường chất lượng (Bộ Khoa học và Công nghệ),Sở Khoa học và Công nghệ,Toàn trình,Cấp tỉnh,1,14,https://datafiles.hanoi.gov.vn/gov-hni/8123/VanBan/2026/4/22/QD%20492%20PL1.pdf,2026-04-14,False,False,PL1-0349_1_014888.md
PL1-0350,350,1.014897,Thủ tục cấp lại Giấy chứng nhận đăng ký hoạt động chứng nhận sản phẩm. hệ thống quản lý.,Tiêu chuẩn đo lường chất lượng (Bộ Khoa học và Công nghệ),Sở Khoa học và Công nghệ,Toàn trình,Cấp tỉnh,1,14,https://datafiles.hanoi.gov.vn/gov-hni/8123/VanBan/2026/4/22/QD%20492%20PL1.pdf,2026-04-14,False,False,PL1-0350_1_014897.md
PL1-0351,351,1.014894,Thủ tục cấp lại Giấy chứng nhận đăng ký hoạt động giám định đối tượng hoạt động trong lĩnh vực tiêu chuẩn và hoạt động trong lĩnh vực quy chuẩn kỹ thuật,Tiêu chuẩn đo lường chất lượng (Bộ Khoa học và Công nghệ),Sở Khoa học và Công nghệ,Toàn trình,Cấp tỉnh,1,14,https://datafiles.hanoi.gov.vn/gov-hni/8123/VanBan/2026/4/22/QD%20492%20PL1.pdf,2026-04-14,False,False,PL1-0351_1_014894.md
PL1-0352,352,1.014891,Thủ tục cấp lại Giấy chứng nhận đăng ký hoạt động thử nghiệm chất lượng sản phẩm. hàng hóa.,Tiêu chuẩn đo lường chất lượng (Bộ Khoa học và Công nghệ),Sở Khoa học và Công nghệ,Toàn trình,Cấp tỉnh,1,14,https://datafiles.hanoi.gov.vn/gov-hni/8123/VanBan/2026/4/22/QD%20492%20PL1.pdf,2026-04-14,False,False,PL1-0352_1_014891.md
PL1-0353,353,1.014883,Thủ tục điều chỉnh nội dung quyết định chứng nhận. cấp thẻ. cấp lại thẻ kiểm định viên đo lường.,Tiêu chuẩn đo lường chất lượng (Bộ Khoa học và Công nghệ),Sở Khoa học và Công nghệ,Toàn trình,Cấp tỉnh,1,14,https://datafiles.hanoi.gov.vn/gov-hni/8123/VanBan/2026/4/22/QD%20492%20PL1.pdf,2026-04-14,False,False,PL1-0353_1_014883.md
PL1-0354,354,1.014880,Thủ tục điều chỉnh nội dung quyết định chứng nhận chuẩn đo lường dùng trực tiếp để kiểm định phương tiện đo nhóm 2,Tiêu chuẩn đo lường chất lượng (Bộ Khoa học và Công nghệ),Sở Khoa học và Công nghệ,Toàn trình,Cấp tỉnh,1,14,https://datafiles.hanoi.gov.vn/gov-hni/8123/VanBan/2026/4/22/QD%20492%20PL1.pdf,2026-04-14,False,False,PL1-0354_1_014880.md
PL1-0355,355,1.014885,Thủ tục hủy bỏ hiệu lực của quyết định chứng nhận. cấp thẻ kiểm định viện đo lường,Tiêu chuẩn đo lường chất lượng (Bộ Khoa học và Công nghệ),Sở Khoa học và Công nghệ,Toàn trình,Cấp tỉnh,1,14,https://datafiles.hanoi.gov.vn/gov-hni/8123/VanBan/2026/4/22/QD%20492%20PL1.pdf,2026-04-14,False,False,PL1-0355_1_014885.md
PL1-0356,356,1.014881,Thủ tục hủy bỏ hiệu lực của quyết định chứng nhận chuẩn đo lường.,Tiêu chuẩn đo lường chất lượng (Bộ Khoa học và Công nghệ),Sở Khoa học và Công nghệ,Toàn trình,Cấp tỉnh,1,14,https://datafiles.hanoi.gov.vn/gov-hni/8123/VanBan/2026/4/22/QD%20492%20PL1.pdf,2026-04-14,False,False,PL1-0356_1_014881.md
PL1-0357,357,1.014970,Thủ tục hỗ trợ hình thành. quản lý. vận hành hạ tầng khoa học và công nghệ. đổi mới sáng tạo và chuyển đổi số.,Hoạt động khoa học và công nghệ,Sở Khoa học và Công nghệ,Toàn trình,Cấp tỉnh,1,14,https://datafiles.hanoi.gov.vn/gov-hni/8123/VanBan/2026/4/22/QD%20492%20PL1.pdf,2026-04-14,False,False,PL1-0357_1_014970.md
PL1-0358,358,1.014971,Thủ tục hỗ trợ nhận chuyển giao công nghệ trong lĩnh vực trọng điểm về khoa học và công nghệ của Thủ đô,Hoạt động khoa học và công nghệ,Sở Khoa học và Công nghệ,Toàn trình,Cấp tỉnh,1,14,https://datafiles.hanoi.gov.vn/gov-hni/8123/VanBan/2026/4/22/QD%20492%20PL1.pdf,2026-04-14,False,False,PL1-0358_1_014971.md
PL1-0359,359,1.014972,Thủ tục hỗ trợ cá nhân. nhóm cá nhân. doanh nghiệp khởi nghiệp sáng tạo,Hoạt động khoa học và công nghệ,Sở Khoa học và Công nghệ,Toàn trình,Cấp tỉnh,1,14,https://datafiles.hanoi.gov.vn/gov-hni/8123/VanBan/2026/4/22/QD%20492%20PL1.pdf,2026-04-14,False,False,PL1-0359_1_014972.md
PL1-0360,360,2.001157,Trợ cấp một lần đối với thanh niên xung phong hoàn thành nhiệm vụ trong kháng chiến,Người có công,Sở Nội vụ,Toàn trình,Cấp tỉnh,1,14,https://datafiles.hanoi.gov.vn/gov-hni/8123/VanBan/2026/4/22/QD%20492%20PL1.pdf,2026-04-14,False,False,PL1-0360_2_001157.md
PL1-0361,361,1.004964,Giải quyết chế độ trợ cấp một lần đối với người được cử làm chuyên gia sang giúp Lào. Căm-pu-chi-a,Người có công,Sở Nội vụ,Toàn trình,Cấp xã,1,14,https://datafiles.hanoi.gov.vn/gov-hni/8123/VanBan/2026/4/22/QD%20492%20PL1.pdf,2026-04-14,False,False,PL1-0361_1_004964.md
PL1-0362,362,1.010803,Giải quyết chế độ trợ cấp thờ cúng liệt sĩ,Người có công,Sở Nội vụ,Toàn trình,Cấp tỉnh,1,14,https://datafiles.hanoi.gov.vn/gov-hni/8123/VanBan/2026/4/22/QD%20492%20PL1.pdf,2026-04-14,False,False,PL1-0362_1_010803.md
PL1-0363,363,1.010825,Bổ sung tình hình thân nhân trong hồ sơ liệt sĩ,Người có công,Sở Nội vụ,Toàn trình,Cấp tỉnh,1,14,https://datafiles.hanoi.gov.vn/gov-hni/8123/VanBan/2026/4/22/QD%20492%20PL1.pdf,2026-04-14,False,False,PL1-0363_1_010825.md
PL1-0364,364,1.001257,Giải quyết một lần đối với người có thành tích tham gia kháng chiến đã được Bằng khen của Thủ tướng Chính phủ. bằng khen của Chủ tịch Hội đồng Bộ trưởng. thủ trưởng cơ quan ngang Bộ. Thủ trưởng cơ quan thuộc Chính phủ. Bằng khen của Chủ tịch Uỷ ban nhân dân tỉnh. thành phố trực thuộc Trung ương,Người có công,Sở Nội vụ,Toàn trình,Cấp tỉnh,1,14,https://datafiles.hanoi.gov.vn/gov-hni/8123/VanBan/2026/4/22/QD%20492%20PL1.pdf,2026-04-14,False,False,PL1-0364_1_001257.md
PL1-0365,365,1.010801,Giải quyết chế độ trợ cấp ưu đãi đối với thân nhân liệt sĩ,Người có công,Sở Nội vụ,Toàn trình,Cấp tỉnh,1,14,https://datafiles.hanoi.gov.vn/gov-hni/8123/VanBan/2026/4/22/QD%20492%20PL1.pdf,2026-04-14,False,False,PL1-0365_1_010801.md
PL1-0366,366,1.010802,Giải quyết chế độ ưu đãi đối với vợ hoặc chồng liệt sĩ lấy chồng hoặc vợ khác,Người có công,Sở Nội vụ,Toàn trình,Cấp tỉnh,1,14,https://datafiles.hanoi.gov.vn/gov-hni/8123/VanBan/2026/4/22/QD%20492%20PL1.pdf,2026-04-14,False,False,PL1-0366_1_010802.md
PL1-0367,367,1.010808,Giải quyết hưởng thêm một chế độ trợ cấp đối với thương binh đồng thời là bệnh binh,Người có công,Sở Nội vụ,Toàn trình,Cấp tỉnh,1,14,https://datafiles.hanoi.gov.vn/gov-hni/8123/VanBan/2026/4/22/QD%20492%20PL1.pdf,2026-04-14,False,False,PL1-0367_1_010808.md
PL1-0368,368,1.010809,Giải quyết chế độ đối với thương binh đang hưởng chế độ mất sức lao động,Người có công,Sở Nội vụ,Toàn trình,Cấp tỉnh,1,14,https://datafiles.hanoi.gov.vn/gov-hni/8123/VanBan/2026/4/22/QD%20492%20PL1.pdf,2026-04-14,False,False,PL1-0368_1_010809.md
PL1-0369,369,1.010814,Cấp bổ sung hoặc cấp lại giấy chứng nhận người có công do ngành Lao động - Thương binh và Xã hội (nay là ngành Nội vụ) quản lý và giấy chứng nhận thân nhân liệt sĩ,Người có công,Sở Nội vụ,Toàn trình,Cấp tỉnh,1,15,https://datafiles.hanoi.gov.vn/gov-hni/8123/VanBan/2026/4/22/QD%20492%20PL1.pdf,2026-04-14,False,False,PL1-0369_1_010814.md
PL1-0370,370,1.010826,Sửa đổi. bổ sung thông tin cá nhân trong hồ sơ người có công,Người có công,Sở Nội vụ,Toàn trình,Cấp tỉnh,1,15,https://datafiles.hanoi.gov.vn/gov-hni/8123/VanBan/2026/4/22/QD%20492%20PL1.pdf,2026-04-14,False,False,PL1-0370_1_010826.md
PL1-0371,371,1.010828,Cấp trích lục hoặc sao hồ sơ người có công với cách mạng,Người có công,Sở Nội vụ,Toàn trình,Cấp tỉnh,1,15,https://datafiles.hanoi.gov.vn/gov-hni/8123/VanBan/2026/4/22/QD%20492%20PL1.pdf,2026-04-14,False,False,PL1-0371_1_010828.md
PL1-0372,372,1.013750,Thăm viếng mộ liệt sĩ,Người có công,Sở Nội vụ,Toàn trình,Cấp xã,1,15,https://datafiles.hanoi.gov.vn/gov-hni/8123/VanBan/2026/4/22/QD%20492%20PL1.pdf,2026-04-14,False,False,PL1-0372_1_013750.md
PL1-0373,373,2.002307,Giải quyết chế độ mai táng phí đối với cựu chiến binh,Người có công,Sở Nội vụ,Toàn trình,Cấp xã,1,15,https://datafiles.hanoi.gov.vn/gov-hni/8123/VanBan/2026/4/22/QD%20492%20PL1.pdf,2026-04-14,False,False,PL1-0373_2_002307.md
PL1-0374,374,2.002308,Thủ tục giải quyết chế độ mai táng phí đối với Thanh niên xung phong thời kỳ chống Pháp,Người có công,Sở Nội vụ,Toàn trình,Cấp xã,1,15,https://datafiles.hanoi.gov.vn/gov-hni/8123/VanBan/2026/4/22/QD%20492%20PL1.pdf,2026-04-14,False,False,PL1-0374_2_002308.md
PL1-0375,375,1.010811,Cấp tiền mua phương tiện trợ giúp. dụng cụ chỉnh hình. phương tiện. thiết bị phục hồi chức năng đối với trường hợp đang sống tại gia đình hoặc đang được nuôi dưỡng tập trung tại các cơ sở nuôi dưỡng. điều dưỡng do địa phương quản lý,Người có công,Sở Nội vụ,Toàn trình,Cấp xã,1,15,https://datafiles.hanoi.gov.vn/gov-hni/8123/VanBan/2026/4/22/QD%20492%20PL1.pdf,2026-04-14,False,False,PL1-0375_1_010811.md
PL1-0376,376,1.010821,Giải quyết chế độ hỗ trợ để theo học đến trình độ đại học tại các cơ sở giáo dục thuộc hệ thống giáo dục quốc dân,Người có công,Sở Nội vụ,Toàn trình,Cấp xã,1,15,https://datafiles.hanoi.gov.vn/gov-hni/8123/VanBan/2026/4/22/QD%20492%20PL1.pdf,2026-04-14,False,False,PL1-0376_1_010821.md
PL1-0377,377,1.010824,Hưởng trợ cấp khi người có công đang hưởng trợ cấp ưu đãi từ trần,Người có công,Sở Nội vụ,Toàn trình,Cấp xã,1,15,https://datafiles.hanoi.gov.vn/gov-hni/8123/VanBan/2026/4/22/QD%20492%20PL1.pdf,2026-04-14,False,False,PL1-0377_1_010824.md
PL1-0378,378,1.010829,Di chuyển hài cốt liệt sĩ đang an táng tại nghĩa trang liệt sĩ đi nơi khác theo nguyện vọng của đại diện thân nhân hoặc người hưởng trợ cấp thờ cúng liệt sĩ,Người có công,Sở Nội vụ,Toàn trình,Cấp xã,1,15,https://datafiles.hanoi.gov.vn/gov-hni/8123/VanBan/2026/4/22/QD%20492%20PL1.pdf,2026-04-14,False,False,PL1-0378_1_010829.md
PL1-0379,379,1.010830,Di chuyển hài cốt liệt sĩ đang an táng ngoài nghĩa trang liệt sĩ về an táng tại nghĩa trang liệt sĩ theo nguyện vọng của đại diện thân nhân hoặc người hưởng trợ cấp thờ cúng liệt sĩ,Người có công,Sở Nội vụ,Toàn trình,Cấp xã,1,15,https://datafiles.hanoi.gov.vn/gov-hni/8123/VanBan/2026/4/22/QD%20492%20PL1.pdf,2026-04-14,False,False,PL1-0379_1_010830.md
PL1-0380,380,1.010804,Giải quyết chế độ ưu đãi đối với trường hợp tặng hoặc truy tặng danh hiệu vinh dự nhà nước “Bà mẹ Việt Nam anh hùng”,Người có công,Sở Nội vụ,Toàn trình,Cấp xã,1,15,https://datafiles.hanoi.gov.vn/gov-hni/8123/VanBan/2026/4/22/QD%20492%20PL1.pdf,2026-04-14,False,False,PL1-0380_1_010804.md
PL1-0381,381,1.010833,Cấp giấy xác nhận thân nhân của người có công,Người có công,Sở Nội vụ,Toàn trình,Cấp xã,1,15,https://datafiles.hanoi.gov.vn/gov-hni/8123/VanBan/2026/4/22/QD%20492%20PL1.pdf,2026-04-14,False,False,PL1-0381_1_010833.md
PL1-0382,382,1.005449,Cấp mới Giấy chứng nhận đủ điều kiện hoạt động huấn luyện an toàn. vệ sinh lao động hạng B (trừ tổ chức huấn luyện do các Bộ. ngành. cơ quan trung ương. các tập đoàn. tổng công ty nhà nước thuộc Bộ. ngành. cơ quan trung ương quyết định thành lập); Giấy chứng nhận doanh nghiệp đủ điều kiện tự huấn luyện an toàn. vệ sinh lao động hạng B (trừ các tổ chức tự huấn luyện do các Bộ. ngành. cơ quan trung ương. các tập đoàn. tổng công ty nhà nước thuộc Bộ. ngành. cơ quan trung ương quyết định thành lập).,An toàn. VSLĐ,Sở Nội vụ,Toàn trình,Cấp tỉnh,1,15,https://datafiles.hanoi.gov.vn/gov-hni/8123/VanBan/2026/4/22/QD%20492%20PL1.pdf,2026-04-14,False,False,PL1-0382_1_005449.md
PL1-0383,383,1.005450,Gia hạn. sửa đổi. bổ sung. cấp lại. cấp đổi Giấy chứng nhận đủ điều kiện hoạt động huấn luyện an toàn. vệ sinh lao động hạng B (trừ tổ chức huấn luyện do các Bộ. ngành. cơ quan trung ương. các tập đoàn. tổng công ty nhà nước thuộc Bộ. ngành. cơ quan trung ương quyết định thành lập); Giấy chứng nhận doanh nghiệp đủ điều kiện tự huấn luyện an toàn. vệ sinh lao động hạng B (trừ các tổ chức tự huấn luyện do các Bộ. ngành. cơ quan trung ương. các tập đoàn. tổng công ty nhà nước thuộc Bộ. ngành. cơ quan trung ương quyết định thành lập).,An toàn. VSLĐ,Sở Nội vụ,Toàn trình,Cấp tỉnh,1,15,https://datafiles.hanoi.gov.vn/gov-hni/8123/VanBan/2026/4/22/QD%20492%20PL1.pdf,2026-04-14,False,False,PL1-0383_1_005450.md
PL1-0384,384,2.000111,Hỗ trợ kinh phí huấn luyện an toàn. vệ sinh lao động,An toàn. VSLĐ,Sở Nội vụ,Toàn trình,Cấp tỉnh,1,15,https://datafiles.hanoi.gov.vn/gov-hni/8123/VanBan/2026/4/22/QD%20492%20PL1.pdf,2026-04-14,False,False,PL1-0384_2_000111.md
PL1-0385,385,1.013727,Đăng ký hợp đồng nhận lao động thực tập từ 90 ngày trở lên,Quản lý lao động ngoài nước,Sở Nội vụ,Toàn trình,Cấp tỉnh,1,15,https://datafiles.hanoi.gov.vn/gov-hni/8123/VanBan/2026/4/22/QD%20492%20PL1.pdf,2026-04-14,False,False,PL1-0385_1_013727.md
PL1-0386,386,1.013728,Báo cáo đưa người lao động Việt Nam đi làm việc ở nước ngoài của tổ chức. cá nhân Việt Nam đầu tư ra nước ngoài,Quản lý lao động ngoài nước,Sở Nội vụ,Toàn trình,Cấp tỉnh,1,15,https://datafiles.hanoi.gov.vn/gov-hni/8123/VanBan/2026/4/22/QD%20492%20PL1.pdf,2026-04-14,False,False,PL1-0386_1_013728.md
PL1-0387,387,1.013729,Báo cáo đưa người lao động Việt Nam đi làm việc ở nước ngoài của doanh nghiệp trúng thầu. nhận thầu công trình. dự án ở nước ngoài,Quản lý lao động ngoài nước,Sở Nội vụ,Toàn trình,Cấp tỉnh,1,15,https://datafiles.hanoi.gov.vn/gov-hni/8123/VanBan/2026/4/22/QD%20492%20PL1.pdf,2026-04-14,False,False,PL1-0387_1_013729.md
PL1-0388,388,1.013731,Đăng ký hoạt động dịch vụ đưa người lao động Việt Nam đi làm giúp việc gia đình ở nước ngoài,Quản lý lao động ngoài nước,Sở Nội vụ,Toàn trình,Cấp tỉnh,1,15,https://datafiles.hanoi.gov.vn/gov-hni/8123/VanBan/2026/4/22/QD%20492%20PL1.pdf,2026-04-14,False,False,PL1-0388_1_013731.md
PL1-0389,389,1.013732,Xác nhận danh sách người lao động Việt Nam đi làm giúp việc gia đình ở nước ngoài,Quản lý lao động ngoài nước,Sở Nội vụ,Toàn trình,Cấp tỉnh,1,15,https://datafiles.hanoi.gov.vn/gov-hni/8123/VanBan/2026/4/22/QD%20492%20PL1.pdf,2026-04-14,False,False,PL1-0389_1_013732.md
PL1-0390,390,1.013733,Chuẩn bị nguồn lao động của doanh nghiệp hoạt động dịch vụ đưa người lao động Việt Nam đi làm việc ở nước ngoài theo hợp đồng,Quản lý lao động ngoài nước,Sở Nội vụ,Toàn trình,Cấp xã,1,15,https://datafiles.hanoi.gov.vn/gov-hni/8123/VanBan/2026/4/22/QD%20492%20PL1.pdf,2026-04-14,False,False,PL1-0390_1_013733.md
PL1-0391,391,1.005132,Đăng ký hợp đồng nhận lao động thực tập dưới 90 ngày,Quản lý lao động ngoài nước,Sở Nội vụ,Toàn trình,Cấp xã,1,15,https://datafiles.hanoi.gov.vn/gov-hni/8123/VanBan/2026/4/22/QD%20492%20PL1.pdf,2026-04-14,False,False,PL1-0391_1_005132.md
PL1-0392,392,1.013734,Đăng ký hợp đồng lao động trực tiếp giao kết,Việc làm,Sở Nội vụ,Toàn trình,Cấp tỉnh,1,15,https://datafiles.hanoi.gov.vn/gov-hni/8123/VanBan/2026/4/22/QD%20492%20PL1.pdf,2026-04-14,False,False,PL1-0392_1_013734.md
PL1-0393,393,1.014196,Cấp giấy xác nhận không thuộc diện cấp giấy phép lao động đối với người lao động nước ngoài làm việc tại Việt Nam,Việc làm,Sở Nội vụ,Toàn trình,Cấp xã,1,15,https://datafiles.hanoi.gov.vn/gov-hni/8123/VanBan/2026/4/22/QD%20492%20PL1.pdf,2026-04-14,False,False,PL1-0393_1_014196.md
PL1-0394,394,1.014197,Cấp lại giấy xác nhận không thuộc diện cấp giấy phép lao động đối với người lao động nước ngoài làm việc tại Việt Nam,Việc làm,Sở Nội vụ,Toàn trình,Cấp xã,1,15,https://datafiles.hanoi.gov.vn/gov-hni/8123/VanBan/2026/4/22/QD%20492%20PL1.pdf,2026-04-14,False,False,PL1-0394_1_014197.md
PL1-0395,395,1.014198,Gia hạn giấy xác nhận không thuộc diện cấp giấy phép lao động đối với người lao động nước ngoài làm việc tại Việt Nam,Việc làm,Sở Nội vụ,Toàn trình,Cấp xã,1,15,https://datafiles.hanoi.gov.vn/gov-hni/8123/VanBan/2026/4/22/QD%20492%20PL1.pdf,2026-04-14,False,False,PL1-0395_1_014198.md
PL1-0396,396,1.014199,Cấp giấy phép lao động đối với người lao động nước ngoài làm việc tại Việt Nam,Việc làm,Sở Nội vụ,Toàn trình,Cấp xã,1,15,https://datafiles.hanoi.gov.vn/gov-hni/8123/VanBan/2026/4/22/QD%20492%20PL1.pdf,2026-04-14,False,False,PL1-0396_1_014199.md
PL1-0397,397,1.014200,Cấp lại giấy phép lao động đối với người lao động nước ngoài làm việc tại Việt Nam,Việc làm,Sở Nội vụ,Toàn trình,Cấp xã,1,16,https://datafiles.hanoi.gov.vn/gov-hni/8123/VanBan/2026/4/22/QD%20492%20PL1.pdf,2026-04-14,False,False,PL1-0397_1_014200.md
PL1-0398,398,1.014201,Gia hạn giấy phép lao động đối với người lao động nước ngoài làm việc tại Việt Nam,Việc làm,Sở Nội vụ,Toàn trình,Cấp xã,1,16,https://datafiles.hanoi.gov.vn/gov-hni/8123/VanBan/2026/4/22/QD%20492%20PL1.pdf,2026-04-14,False,False,PL1-0398_1_014201.md
PL1-0399,399,1.000479,Cấp Giấy phép hoạt động cho thuê lại lao động,Lao động. tiền lương,Sở Nội vụ,Toàn trình,Cấp tỉnh,1,16,https://datafiles.hanoi.gov.vn/gov-hni/8123/VanBan/2026/4/22/QD%20492%20PL1.pdf,2026-04-14,False,False,PL1-0399_1_000479.md
PL1-0400,400,1.000464,Gia hạn Giấy phép hoạt động cho thuê lại lao động,Lao động. tiền lương,Sở Nội vụ,Toàn trình,Cấp tỉnh,1,16,https://datafiles.hanoi.gov.vn/gov-hni/8123/VanBan/2026/4/22/QD%20492%20PL1.pdf,2026-04-14,False,False,PL1-0400_1_000464.md
PL1-0401,401,1.000448,Cấp lại Giấy phép hoạt động cho thuê lại lao động,Lao động. tiền lương,Sở Nội vụ,Toàn trình,Cấp tỉnh,1,16,https://datafiles.hanoi.gov.vn/gov-hni/8123/VanBan/2026/4/22/QD%20492%20PL1.pdf,2026-04-14,False,False,PL1-0401_1_000448.md
PL1-0402,402,1.000436,Thu hồi Giấy phép hoạt động cho thuê lại lao động,Lao động. tiền lương,Sở Nội vụ,Toàn trình,Cấp tỉnh,1,16,https://datafiles.hanoi.gov.vn/gov-hni/8123/VanBan/2026/4/22/QD%20492%20PL1.pdf,2026-04-14,False,False,PL1-0402_1_000436.md
PL1-0403,403,1.000414,Rút tiền ký quỹ của doanh nghiệp cho thuê lại lao động,Lao động. tiền lương,Sở Nội vụ,Toàn trình,Cấp tỉnh,1,16,https://datafiles.hanoi.gov.vn/gov-hni/8123/VanBan/2026/4/22/QD%20492%20PL1.pdf,2026-04-14,False,False,PL1-0403_1_000414.md
PL1-0404,404,1.009466,Thành lập Hội đồng thương lượng tập thể,Lao động. tiền lương,Sở Nội vụ,Toàn trình,Cấp tỉnh,1,16,https://datafiles.hanoi.gov.vn/gov-hni/8123/VanBan/2026/4/22/QD%20492%20PL1.pdf,2026-04-14,False,False,PL1-0404_1_009466.md
PL1-0405,405,1.009467,Thay đổi Chủ tịch Hội đồng thương lượng tập thể. đại diện Ủy ban nhân dân cấp tỉnh. chức năng. nhiệm vụ. kế hoạch. thời gian hoạt động của Hội đồng thương lượng tập thể,Lao động. tiền lương,Sở Nội vụ,Toàn trình,Cấp tỉnh,1,16,https://datafiles.hanoi.gov.vn/gov-hni/8123/VanBan/2026/4/22/QD%20492%20PL1.pdf,2026-04-14,False,False,PL1-0405_1_009467.md
PL1-0406,406,2.001955,Đăng ký nội quy lao động của doanh nghiệp,Lao động. tiền lương,Sở Nội vụ,Toàn trình,Cấp xã,1,16,https://datafiles.hanoi.gov.vn/gov-hni/8123/VanBan/2026/4/22/QD%20492%20PL1.pdf,2026-04-14,False,False,PL1-0406_2_001955.md
PL1-0407,407,1.012091,Đề nghị việc sử dụng người chưa đủ 13 tuổi làm việc,Lao động. tiền lương,Sở Nội vụ,Toàn trình,Cấp xã,1,16,https://datafiles.hanoi.gov.vn/gov-hni/8123/VanBan/2026/4/22/QD%20492%20PL1.pdf,2026-04-14,False,False,PL1-0407_1_012091.md
PL1-0408,408,1.014936,Thủ tục cấp giấy phép thành lập và công nhận điều lệ quỹ,Quỹ,Sở Nội vụ,Toàn trình,Cấp tỉnh,1,16,https://datafiles.hanoi.gov.vn/gov-hni/8123/VanBan/2026/4/22/QD%20492%20PL1.pdf,2026-04-14,False,False,PL1-0408_1_014936.md
PL1-0409,409,1.014937,Thủ tục công nhận quỹ đủ điều kiện hoạt động và công nhận Hội đồng quản lý quỹ; Công nhận Hội đồng quản lý quỹ khi thay đổi. bổ sung thành viên hoặc hết nhiệm kỳ,Quỹ,Sở Nội vụ,Toàn trình,Cấp tỉnh,1,16,https://datafiles.hanoi.gov.vn/gov-hni/8123/VanBan/2026/4/22/QD%20492%20PL1.pdf,2026-04-14,False,False,PL1-0409_1_014937.md
PL1-0410,410,1.014938,Thủ tục công nhận điều lệ (sửa đổi. bổ sung) quỹ; đổi tên quỹ,Quỹ,Sở Nội vụ,Toàn trình,Cấp tỉnh,1,16,https://datafiles.hanoi.gov.vn/gov-hni/8123/VanBan/2026/4/22/QD%20492%20PL1.pdf,2026-04-14,False,False,PL1-0410_1_014938.md
PL1-0411,411,1.014939,Thủ tục cho phép quỹ hoạt động trở lại sau khi bị đình chỉ có thời hạn hoạt động,Quỹ,Sở Nội vụ,Toàn trình,Cấp tỉnh,1,16,https://datafiles.hanoi.gov.vn/gov-hni/8123/VanBan/2026/4/22/QD%20492%20PL1.pdf,2026-04-14,False,False,PL1-0411_1_014939.md
PL1-0412,412,1.014940,Thủ tục hợp nhất. sáp nhập. chia. tách. mở rộng phạm vi hoạt động quỹ,Quỹ,Sở Nội vụ,Toàn trình,Cấp tỉnh,1,16,https://datafiles.hanoi.gov.vn/gov-hni/8123/VanBan/2026/4/22/QD%20492%20PL1.pdf,2026-04-14,False,False,PL1-0412_1_014940.md
PL1-0413,413,1.014941,Thủ tục quỹ tự giải thể,Quỹ,Sở Nội vụ,Toàn trình,Cấp tỉnh,1,16,https://datafiles.hanoi.gov.vn/gov-hni/8123/VanBan/2026/4/22/QD%20492%20PL1.pdf,2026-04-14,False,False,PL1-0413_1_014941.md
PL1-0414,414,1.014942,Thủ tục cấp giấy phép thành lập và công nhận điều lệ quỹ,Quỹ,Sở Nội vụ,Toàn trình,Cấp xã,1,16,https://datafiles.hanoi.gov.vn/gov-hni/8123/VanBan/2026/4/22/QD%20492%20PL1.pdf,2026-04-14,False,False,PL1-0414_1_014942.md
PL1-0415,415,1.014943,Thủ tục công nhận quỹ đủ điều kiện hoạt động và công nhận Hội đồng quản lý quỹ; Công nhận Hội đồng quản lý quỹ khi thay đổi. bổ sung thành viên hoặc hết nhiệm kỳ,Quỹ,Sở Nội vụ,Toàn trình,Cấp xã,1,16,https://datafiles.hanoi.gov.vn/gov-hni/8123/VanBan/2026/4/22/QD%20492%20PL1.pdf,2026-04-14,False,False,PL1-0415_1_014943.md
PL1-0416,416,1.014944,Thủ tục công nhận điều lệ (sửa đổi. bổ sung) quỹ; đổi tên quỹ,Quỹ,Sở Nội vụ,Toàn trình,Cấp xã,1,16,https://datafiles.hanoi.gov.vn/gov-hni/8123/VanBan/2026/4/22/QD%20492%20PL1.pdf,2026-04-14,False,False,PL1-0416_1_014944.md
PL1-0417,417,1.014945,Thủ tục cho phép quỹ hoạt động trở lại sau khi bị đình chỉ có thời hạn hoạt động,Quỹ,Sở Nội vụ,Toàn trình,Cấp xã,1,16,https://datafiles.hanoi.gov.vn/gov-hni/8123/VanBan/2026/4/22/QD%20492%20PL1.pdf,2026-04-14,False,False,PL1-0417_1_014945.md
PL1-0418,418,1.014946,Thủ tục hợp nhất. sáp nhập. chia. tách quỹ,Quỹ,Sở Nội vụ,Toàn trình,Cấp xã,1,16,https://datafiles.hanoi.gov.vn/gov-hni/8123/VanBan/2026/4/22/QD%20492%20PL1.pdf,2026-04-14,False,False,PL1-0418_1_014946.md
PL1-0419,419,1.014947,Thủ tục quỹ tự giải thể,Quỹ,Sở Nội vụ,Toàn trình,Cấp xã,1,16,https://datafiles.hanoi.gov.vn/gov-hni/8123/VanBan/2026/4/22/QD%20492%20PL1.pdf,2026-04-14,False,False,PL1-0419_1_014947.md
PL1-0420,420,1.012927,Công nhận ban vận động thành lập hội cấp tỉnh,Hội,Sở Nội vụ,Toàn trình,Cấp tỉnh,1,16,https://datafiles.hanoi.gov.vn/gov-hni/8123/VanBan/2026/4/22/QD%20492%20PL1.pdf,2026-04-14,False,False,PL1-0420_1_012927.md
PL1-0421,421,1.012929,Thành lập hội cấp tỉnh,Hội,Sở Nội vụ,Toàn trình,Cấp tỉnh,1,16,https://datafiles.hanoi.gov.vn/gov-hni/8123/VanBan/2026/4/22/QD%20492%20PL1.pdf,2026-04-14,False,False,PL1-0421_1_012929.md
PL1-0422,422,1.012943,Thông báo kết quả đại hội và phê duyệt đổi tên hội. phê duyệt điều lệ hội,Hội,Sở Nội vụ,Toàn trình,Cấp tỉnh,1,16,https://datafiles.hanoi.gov.vn/gov-hni/8123/VanBan/2026/4/22/QD%20492%20PL1.pdf,2026-04-14,False,False,PL1-0422_1_012943.md
PL1-0423,423,1.012945,Chia. tách; sáp nhập; hợp nhất hội cấp tỉnh,Hội,Sở Nội vụ,Toàn trình,Cấp tỉnh,1,16,https://datafiles.hanoi.gov.vn/gov-hni/8123/VanBan/2026/4/22/QD%20492%20PL1.pdf,2026-04-14,False,False,PL1-0423_1_012945.md
PL1-0424,424,1.012946,Thủ tục hội tự giải thể cấp tỉnh,Hội,Sở Nội vụ,Toàn trình,Cấp tỉnh,1,16,https://datafiles.hanoi.gov.vn/gov-hni/8123/VanBan/2026/4/22/QD%20492%20PL1.pdf,2026-04-14,False,False,PL1-0424_1_012946.md
PL1-0425,425,1.012942,Báo cáo tổ chức đại hội nhiệm kỳ. đại hội bất thường của hội,Hội,Sở Nội vụ,Toàn trình,Cấp tỉnh,1,16,https://datafiles.hanoi.gov.vn/gov-hni/8123/VanBan/2026/4/22/QD%20492%20PL1.pdf,2026-04-14,False,False,PL1-0425_1_012942.md
PL1-0426,426,1.012947,Thủ tục cho phép hội đặt chi nhánh hoặc văn phòng đại diện,Hội,Sở Nội vụ,Toàn trình,Cấp tỉnh,1,16,https://datafiles.hanoi.gov.vn/gov-hni/8123/VanBan/2026/4/22/QD%20492%20PL1.pdf,2026-04-14,False,False,PL1-0426_1_012947.md
PL1-0427,427,1.012948,Thủ tục cho phép hội hoạt động trở lại sau khi bị đình chỉ có thời hạn,Hội,Sở Nội vụ,Toàn trình,Cấp xã,1,16,https://datafiles.hanoi.gov.vn/gov-hni/8123/VanBan/2026/4/22/QD%20492%20PL1.pdf,2026-04-14,False,False,PL1-0427_1_012948.md
PL1-0428,428,1.013704,Thủ tục báo cáo tổ chức đại hội thành lập. đại hội nhiệm kỳ. đại hội bất thường của hội,Hội,Sở Nội vụ,Toàn trình,Cấp xã,1,16,https://datafiles.hanoi.gov.vn/gov-hni/8123/VanBan/2026/4/22/QD%20492%20PL1.pdf,2026-04-14,False,False,PL1-0428_1_013704.md
PL1-0429,429,2.001717,Thủ tục thành lập tổ chức thanh niên xung phong,Tổ chức và chính sách đối với TNXP,Sở Nội vụ,Toàn trình,Cấp tỉnh,1,16,https://datafiles.hanoi.gov.vn/gov-hni/8123/VanBan/2026/4/22/QD%20492%20PL1.pdf,2026-04-14,False,False,PL1-0429_2_001717.md
PL1-0430,430,1.003999,Thủ tục giải thể tổ chức thanh niên xung phong,Tổ chức và chính sách đối với TNXP,Sở Nội vụ,Toàn trình,Cấp tỉnh,1,16,https://datafiles.hanoi.gov.vn/gov-hni/8123/VanBan/2026/4/22/QD%20492%20PL1.pdf,2026-04-14,False,False,PL1-0430_1_003999.md
PL1-0431,431,2.001683,Thủ tục xác nhận phiên hiệu thanh niên xung phong cấp tỉnh,Tổ chức và chính sách đối với TNXP,Sở Nội vụ,Toàn trình,Cấp tỉnh,1,16,https://datafiles.hanoi.gov.vn/gov-hni/8123/VanBan/2026/4/22/QD%20492%20PL1.pdf,2026-04-14,False,False,PL1-0431_2_001683.md
PL1-0432,432,1.010816,Công nhận và giải quyết chế độ ưu đãi người hoạt động kháng chiến bị nhiễm chất độc hóa học,Người có công,Sở Nội vụ,Toàn trình,Cấp xã,1,16,https://datafiles.hanoi.gov.vn/gov-hni/8123/VanBan/2026/4/22/QD%20492%20PL1.pdf,2026-04-14,False,False,PL1-0432_1_010816.md
PL1-0433,433,1.010817,Công nhận và giải quyết chế độ con đẻ của người hoạt động kháng chiến bị nhiễm chất độc hóa học,Người có công,Sở Nội vụ,Toàn trình,Cấp xã,1,16,https://datafiles.hanoi.gov.vn/gov-hni/8123/VanBan/2026/4/22/QD%20492%20PL1.pdf,2026-04-14,False,False,PL1-0433_1_010817.md
PL1-0434,434,1.010818,Công nhận và giải quyết chế độ người hoạt động cách mạng. kháng chiến. bảo vệ tổ quốc. làm nghĩa vụ quốc tế bị địch bắt tù. đày,Người có công,Sở Nội vụ,Toàn trình,Cấp xã,1,16,https://datafiles.hanoi.gov.vn/gov-hni/8123/VanBan/2026/4/22/QD%20492%20PL1.pdf,2026-04-14,False,False,PL1-0434_1_010818.md
PL1-0435,435,1.010819,Giải quyết chế độ người hoạt động kháng chiến giải phóng dân tộc. bảo vệ tổ quốc và làm nghĩa vụ quốc tế,Người có công,Sở Nội vụ,Toàn trình,Cấp xã,1,17,https://datafiles.hanoi.gov.vn/gov-hni/8123/VanBan/2026/4/22/QD%20492%20PL1.pdf,2026-04-14,False,False,PL1-0435_1_010819.md
PL1-0436,436,1.010820,Giải quyết chế độ người có công giúp đỡ cách mạng.,Người có công,Sở Nội vụ,Toàn trình,Cấp xã,1,17,https://datafiles.hanoi.gov.vn/gov-hni/8123/VanBan/2026/4/22/QD%20492%20PL1.pdf,2026-04-14,False,False,PL1-0436_1_010820.md
PL1-0437,437,1.010827,Di chuyển hồ sơ khi người hưởng trợ cấp ưu đãi thay đổi nơi thường trú,Người có công,Sở Nội vụ,Toàn trình,Cấp tỉnh và cấp xã,1,17,https://datafiles.hanoi.gov.vn/gov-hni/8123/VanBan/2026/4/22/QD%20492%20PL1.pdf,2026-04-14,False,False,PL1-0437_1_010827.md
PL1-0438,438,2.002820,Hỗ trợ người lao động đi làm việc ở nước ngoài theo hợp đồng,Người lao động đi làm việc ở nước ngoài theo hợp đồng,Sở Nội vụ,Toàn trình,Cấp xã,1,17,https://datafiles.hanoi.gov.vn/gov-hni/8123/VanBan/2026/4/22/QD%20492%20PL1.pdf,2026-04-14,False,False,PL1-0438_2_002820.md
PL1-0439,439,2.002824,Cấp giấy phép hoạt động dịch vụ việc làm của doanh nghiệp hoạt động dịch vụ việc làm,Việc làm,Sở Nội vụ,Toàn trình,Cấp tỉnh,1,17,https://datafiles.hanoi.gov.vn/gov-hni/8123/VanBan/2026/4/22/QD%20492%20PL1.pdf,2026-04-14,False,False,PL1-0439_2_002824.md
PL1-0440,440,2.002825,Cấp lại Giấy phép hoạt động dịch vụ việc làm của doanh nghiệp hoạt động dịch vụ việc làm,Việc làm,Sở Nội vụ,Toàn trình,Cấp tỉnh,1,17,https://datafiles.hanoi.gov.vn/gov-hni/8123/VanBan/2026/4/22/QD%20492%20PL1.pdf,2026-04-14,False,False,PL1-0440_2_002825.md
PL1-0441,441,2.002826,Gia hạn Giấy phép hoạt động dịch vụ việc làm của doanh nghiệp hoạt động dịch vụ việc làm,Việc làm,Sở Nội vụ,Toàn trình,Cấp tỉnh,1,17,https://datafiles.hanoi.gov.vn/gov-hni/8123/VanBan/2026/4/22/QD%20492%20PL1.pdf,2026-04-14,False,False,PL1-0441_2_002826.md
PL1-0442,442,2.002827,Thu hồi Giấy phép hoạt động dịch vụ việc làm của doanh nghiệp hoạt động dịch vụ việc làm,Việc làm,Sở Nội vụ,Toàn trình,Cấp tỉnh,1,17,https://datafiles.hanoi.gov.vn/gov-hni/8123/VanBan/2026/4/22/QD%20492%20PL1.pdf,2026-04-14,False,False,PL1-0442_2_002827.md
PL1-0443,443,2.002828,Rút tiền ký quỹ của doanh nghiệp hoạt động dịch vụ việc làm,Việc làm,Sở Nội vụ,Toàn trình,Cấp tỉnh,1,17,https://datafiles.hanoi.gov.vn/gov-hni/8123/VanBan/2026/4/22/QD%20492%20PL1.pdf,2026-04-14,False,False,PL1-0443_2_002828.md
PL1-0444,444,2.002821,Hỗ trợ đào tạo nghề cho người lao động ở khu vực nông thôn. người lao động là thanh niên,Lĩnh vực đào tạo nghề,Sở Nội vụ,Toàn trình,Cấp xã,1,17,https://datafiles.hanoi.gov.vn/gov-hni/8123/VanBan/2026/4/22/QD%20492%20PL1.pdf,2026-04-14,False,False,PL1-0444_2_002821.md
PL1-0445,445,1.014748,Hưởng trợ cấp thất nghiệp.,Việc làm,Sở Nội vụ,Toàn trình,Cấp tỉnh,1,17,https://datafiles.hanoi.gov.vn/gov-hni/8123/VanBan/2026/4/22/QD%20492%20PL1.pdf,2026-04-14,False,False,PL1-0445_1_014748.md
PL1-0446,446,1.014750,Tạm dừng hưởng trợ cấp thất nghiệp,Việc làm,Sở Nội vụ,Toàn trình,Cấp tỉnh,1,17,https://datafiles.hanoi.gov.vn/gov-hni/8123/VanBan/2026/4/22/QD%20492%20PL1.pdf,2026-04-14,False,False,PL1-0446_1_014750.md
PL1-0447,447,1.014751,Tiếp tục hưởng trợ cấp thất nghiệp,Việc làm,Sở Nội vụ,Toàn trình,Cấp tỉnh,1,17,https://datafiles.hanoi.gov.vn/gov-hni/8123/VanBan/2026/4/22/QD%20492%20PL1.pdf,2026-04-14,False,False,PL1-0447_1_014751.md
PL1-0448,448,1.014752,Chấm dứt hưởng trợ cấp thất nghiệp,Việc làm,Sở Nội vụ,Toàn trình,Cấp tỉnh,1,17,https://datafiles.hanoi.gov.vn/gov-hni/8123/VanBan/2026/4/22/QD%20492%20PL1.pdf,2026-04-14,False,False,PL1-0448_1_014752.md
PL1-0449,449,1.014747,Hỗ trợ người lao động tham gia đào tạo. nâng cao trình độ kỹ năng nghề.,Việc làm,Sở Nội vụ,Toàn trình,Cấp tỉnh,1,17,https://datafiles.hanoi.gov.vn/gov-hni/8123/VanBan/2026/4/22/QD%20492%20PL1.pdf,2026-04-14,False,False,PL1-0449_1_014747.md
PL1-0450,450,1.014749,Thông báo hằng tháng về việc tìm kiếm việc làm,Việc làm,Sở Nội vụ,Toàn trình,Cấp tỉnh,1,17,https://datafiles.hanoi.gov.vn/gov-hni/8123/VanBan/2026/4/22/QD%20492%20PL1.pdf,2026-04-14,False,False,PL1-0450_1_014749.md
PL1-0451,451,1.014753,Chuyển nơi hưởng trợ cấp thất nghiệp.,Việc làm,Sở Nội vụ,Toàn trình,Cấp tỉnh,1,17,https://datafiles.hanoi.gov.vn/gov-hni/8123/VanBan/2026/4/22/QD%20492%20PL1.pdf,2026-04-14,False,False,PL1-0451_1_014753.md
PL1-0452,452,1.014746,Hỗ trợ tư vấn. giới thiệu việc làm,Việc làm,Sở Nội vụ,Toàn trình,Cấp tỉnh,1,17,https://datafiles.hanoi.gov.vn/gov-hni/8123/VanBan/2026/4/22/QD%20492%20PL1.pdf,2026-04-14,False,False,PL1-0452_1_014746.md
PL1-0453,453,1.014754,Hỗ trợ người sử dụng lao động đào tạo. bồi dưỡng. nâng cao trình độ kỹ năng nghề để duy trì việc làm cho người lao động,Việc làm,Sở Nội vụ,Toàn trình,Cấp tỉnh,1,17,https://datafiles.hanoi.gov.vn/gov-hni/8123/VanBan/2026/4/22/QD%20492%20PL1.pdf,2026-04-14,False,False,PL1-0453_1_014754.md
PL1-0454,454,1.013723,Kiểm tra nhà nước về chất lượng sản phẩm. hàng hóa nhóm 2 nhập khẩu,An toàn. vệ sinh lao động,Sở Nội vụ,Toàn trình,Cấp tỉnh,1,17,https://datafiles.hanoi.gov.vn/gov-hni/8123/VanBan/2026/4/22/QD%20492%20PL1.pdf,2026-04-14,False,False,PL1-0454_1_013723.md
PL1-0455,455,1.000987,Cấp giấy phép hoạt động dự báo. cảnh báo khí tượng thủy văn (cấp tỉnh),Khí tượng. thủy văn,Sở Nông nghiệp và Môi trường,Toàn trình,Cấp tỉnh,1,17,https://datafiles.hanoi.gov.vn/gov-hni/8123/VanBan/2026/4/22/QD%20492%20PL1.pdf,2026-04-14,False,False,PL1-0455_1_000987.md
PL1-0456,456,1.000970,Sửa đổi. bổ sung. gia hạn giấy phép hoạt động dự báo. cảnh báo khí tượng thủy văn (cấp tỉnh),Khí tượng. thủy văn,Sở Nông nghiệp và Môi trường,Toàn trình,Cấp tỉnh,1,17,https://datafiles.hanoi.gov.vn/gov-hni/8123/VanBan/2026/4/22/QD%20492%20PL1.pdf,2026-04-14,False,False,PL1-0456_1_000970.md
PL1-0457,457,1.000943,Cấp lại giấy phép hoạt động dự báo. cảnh báo khí tượng thủy văn (cấp tỉnh),Khí tượng. thủy văn,Sở Nông nghiệp và Môi trường,Toàn trình,Cấp tỉnh,1,17,https://datafiles.hanoi.gov.vn/gov-hni/8123/VanBan/2026/4/22/QD%20492%20PL1.pdf,2026-04-14,False,False,PL1-0457_1_000943.md
PL1-0458,458,1.010736,Tham vấn trong đánh giá tác động môi trường (cấp xã) (1.010736),Môi trường,Sở Nông nghiệp và Môi trường,Toàn trình,Cấp xã,1,17,https://datafiles.hanoi.gov.vn/gov-hni/8123/VanBan/2026/4/22/QD%20492%20PL1.pdf,2026-04-14,False,False,PL1-0458_1_010736.md
PL1-0459,459,1.012789,Cung cấp thông tin. dữ liệu đất đai.,Đất đai,Sở Nông nghiệp và Môi trường,Toàn trình,Cấp tỉnh,1,17,https://datafiles.hanoi.gov.vn/gov-hni/8123/VanBan/2026/4/22/QD%20492%20PL1.pdf,2026-04-14,False,False,PL1-0459_1_012789.md
PL1-0460,460,1.000025,Phê duyệt Đề án sắp xếp. đổi mới công ty nông. lâm nghiệp,Quản lý doanh nghiệp,Sở Nông nghiệp và Môi trường,Toàn trình,Cấp tỉnh,1,17,https://datafiles.hanoi.gov.vn/gov-hni/8123/VanBan/2026/4/22/QD%20492%20PL1.pdf,2026-04-14,False,False,PL1-0460_1_000025.md
PL1-0461,461,1.003524,Kiểm tra chất lượng muối nhập khẩu,Kinh tế hợp tác và Phát triển nông thôn,Sở Nông nghiệp và Môi trường,Toàn trình,Cấp tỉnh,1,17,https://datafiles.hanoi.gov.vn/gov-hni/8123/VanBan/2026/4/22/QD%20492%20PL1.pdf,2026-04-14,False,False,PL1-0461_1_003524.md
PL1-0462,462,1.004237,Khai thác và sử dụng thông tin. dữ liệu tài nguyên và môi trường (cấp tỉnh),Tổng hợp,Sở Nông nghiệp và Môi trường,Toàn trình,Cấp tỉnh,1,17,https://datafiles.hanoi.gov.vn/gov-hni/8123/VanBan/2026/4/22/QD%20492%20PL1.pdf,2026-04-14,False,False,PL1-0462_1_004237.md
PL1-0463,463,1.005412,Phê duyệt đối tượng được hỗ trợ phí bảo hiểm nông nghiệp,Bảo hiểm,Sở Nông nghiệp và Môi trường,Toàn trình,Cấp tỉnh,1,17,https://datafiles.hanoi.gov.vn/gov-hni/8123/VanBan/2026/4/22/QD%20492%20PL1.pdf,2026-04-14,False,False,PL1-0463_1_005412.md
PL1-0464,464,1.013040,Thủ tục khai. nộp phí bảo vệ môi trường đối với khí thải,Bảo hiểm,Sở Nông nghiệp và Môi trường,Toàn trình,Cấp tỉnh và cấp xã,1,17,https://datafiles.hanoi.gov.vn/gov-hni/8123/VanBan/2026/4/22/QD%20492%20PL1.pdf,2026-04-14,False,False,PL1-0464_1_013040.md
PL1-0465,465,2.002169,Chi trả phí bảo hiểm nông nghiệp được hỗ trợ từ ngân sách nhà nước,Bảo hiểm,Sở Nông nghiệp và Môi trường,Toàn trình,Cấp tỉnh,1,17,https://datafiles.hanoi.gov.vn/gov-hni/8123/VanBan/2026/4/22/QD%20492%20PL1.pdf,2026-04-14,False,False,PL1-0465_2_002169.md
PL1-0466,466,1.005411,Chấm dứt việc hưởng hỗ trợ phí bảo hiểm nông nghiệp và hoàn phí bảo hiểm nông nghiệp,Bảo hiểm,Sở Nông nghiệp và Môi trường,Toàn trình,Cấp tỉnh,1,17,https://datafiles.hanoi.gov.vn/gov-hni/8123/VanBan/2026/4/22/QD%20492%20PL1.pdf,2026-04-14,False,False,PL1-0466_1_005411.md
PL1-0467,467,1.010729,Cấp điều chỉnh giấy phép môi trường (cấp Tỉnh) (1.010729),Môi trường,Sở Nông nghiệp và Môi trường,Toàn trình,Cấp tỉnh và cấp xã,1,17,https://datafiles.hanoi.gov.vn/gov-hni/8123/VanBan/2026/4/22/QD%20492%20PL1.pdf,2026-04-14,False,False,PL1-0467_1_010729.md
PL1-0468,468,1.014788,Lựa chọn tổ chức. cá nhân để nộp hồ sơ đề nghị cấp giấy phép khai thác khoáng sản (cấp Tỉnh),Địa chất và khoáng sản,Sở Nông nghiệp và Môi trường,Toàn trình,Cấp tỉnh,1,17,https://datafiles.hanoi.gov.vn/gov-hni/8123/VanBan/2026/4/22/QD%20492%20PL1.pdf,2026-04-14,False,False,PL1-0468_1_014788.md
PL1-0469,469,1.014786,Khai thác thông tin. dữ liệu địa chất. khoáng sản (cấp Tỉnh),Địa chất và khoáng sản,Sở Nông nghiệp và Môi trường,Toàn trình,Cấp tỉnh,1,17,https://datafiles.hanoi.gov.vn/gov-hni/8123/VanBan/2026/4/22/QD%20492%20PL1.pdf,2026-04-14,False,False,PL1-0469_1_014786.md
PL1-0470,470,1.01426,Lựa chọn tổ chức. cá nhân để xem xét cấp giấy phép thăm dò khoáng sản ở khu vực không đấu giá quyền khai thác khoáng sản (cấp Tỉnh),Địa chất và khoáng sản,Sở Nông nghiệp và Môi trường,Toàn trình,Cấp tỉnh,1,17,https://datafiles.hanoi.gov.vn/gov-hni/8123/VanBan/2026/4/22/QD%20492%20PL1.pdf,2026-04-14,False,True,PL1-0470_1_01426.md
PL1-0471,471,1.014295,Quyết toán tiền cấp quyền khai thác khoáng sản (cấp Tỉnh),Địa chất và khoáng sản,Sở Nông nghiệp và Môi trường,Toàn trình,Cấp tỉnh,1,17,https://datafiles.hanoi.gov.vn/gov-hni/8123/VanBan/2026/4/22/QD%20492%20PL1.pdf,2026-04-14,False,False,PL1-0471_1_014295.md
PL1-0472,472,1.014291,Bổ sung khối lượng công tác thăm dò khi giấy phép thăm dò khoáng sản đã hết thời hạn (cấp Tỉnh),Địa chất và khoáng sản,Sở Nông nghiệp và Môi trường,Toàn trình,Cấp tỉnh,1,17,https://datafiles.hanoi.gov.vn/gov-hni/8123/VanBan/2026/4/22/QD%20492%20PL1.pdf,2026-04-14,False,False,PL1-0472_1_014291.md
PL1-0473,473,1.014346,Giao nộp. thu nhận thông tin. dữ liệu địa chất. khoáng sản (cấp tỉnh),Địa chất và khoáng sản,Sở Nông nghiệp và Môi trường,Toàn trình,Cấp tỉnh,1,17,https://datafiles.hanoi.gov.vn/gov-hni/8123/VanBan/2026/4/22/QD%20492%20PL1.pdf,2026-04-14,False,False,PL1-0473_1_014346.md
PL1-0474,474,1.014259,Quyết toán tiền cấp quyền khai thác khoáng sản (cấp Xã),Địa chất và khoáng sản,Sở Nông nghiệp và Môi trường,Toàn trình,Cấp xã,1,18,https://datafiles.hanoi.gov.vn/gov-hni/8123/VanBan/2026/4/22/QD%20492%20PL1.pdf,2026-04-14,False,False,PL1-0474_1_014259.md
PL1-0475,475,2.002835,Đăng ký khai thác nước mặt. nước biển. đăng ký sử dụng mặt nước. đào hồ. ao. sông. suối. kênh. mương. rạch,Tài nguyên nước,Sở Nông nghiệp và Môi trường,Toàn trình,Cấp tỉnh,1,18,https://datafiles.hanoi.gov.vn/gov-hni/8123/VanBan/2026/4/22/QD%20492%20PL1.pdf,2026-04-14,False,False,PL1-0475_2_002835.md
PL1-0476,476,1.014716,Tính tiền cấp quyền khai thác tài nguyên nước đối với công trình chưa vận hành hoặc đối với công trình cấp cho sinh hoạt đã đi vào vận hành và được cấp giấy phép khai thác tài nguyên nước nhưng chưa được phê duyệt tiền cấp quyền,Tài nguyên nước,Sở Nông nghiệp và Môi trường,Toàn trình,Cấp tỉnh,1,18,https://datafiles.hanoi.gov.vn/gov-hni/8123/VanBan/2026/4/22/QD%20492%20PL1.pdf,2026-04-14,False,False,PL1-0476_1_014716.md
PL1-0477,477,1.012503,Lấy ý kiến về phương án bổ sung nhân tạo nước dưới đất,Tài nguyên nước,Sở Nông nghiệp và Môi trường,Toàn trình,Cấp tỉnh,1,18,https://datafiles.hanoi.gov.vn/gov-hni/8123/VanBan/2026/4/22/QD%20492%20PL1.pdf,2026-04-14,False,False,PL1-0477_1_012503.md
PL1-0478,478,1.012504,Lấy ý kiến về kết quả vận hành thử nghiệm bổ sung nhân tạo nước dưới đất,Tài nguyên nước,Sở Nông nghiệp và Môi trường,Toàn trình,Cấp tỉnh,1,18,https://datafiles.hanoi.gov.vn/gov-hni/8123/VanBan/2026/4/22/QD%20492%20PL1.pdf,2026-04-14,False,False,PL1-0478_1_012504.md
PL1-0479,479,1.012501,Trả lại giấy phép hành nghề khoan nước dưới đất,Tài nguyên nước,Sở Nông nghiệp và Môi trường,Toàn trình,Cấp tỉnh,1,18,https://datafiles.hanoi.gov.vn/gov-hni/8123/VanBan/2026/4/22/QD%20492%20PL1.pdf,2026-04-14,False,False,PL1-0479_1_012501.md
PL1-0480,480,1.004253,Cấp lại giấy phép hành nghề khoan nước dưới đất,Tài nguyên nước,Sở Nông nghiệp và Môi trường,Toàn trình,Cấp tỉnh,1,18,https://datafiles.hanoi.gov.vn/gov-hni/8123/VanBan/2026/4/22/QD%20492%20PL1.pdf,2026-04-14,False,False,PL1-0480_1_004253.md
PL1-0481,481,1.001662,Đăng ký khai thác. sử dụng nước dưới đất,Tài nguyên nước,Sở Nông nghiệp và Môi trường,Toàn trình,Cấp xã,1,18,https://datafiles.hanoi.gov.vn/gov-hni/8123/VanBan/2026/4/22/QD%20492%20PL1.pdf,2026-04-14,False,False,PL1-0481_1_001662.md
PL1-0482,482,2.00177,Tính tiền cấp quyền khai thác tài nguyên nước đối với công trình đã vận hành .,Tài nguyên nước,Sở Nông nghiệp và Môi trường,Toàn trình,Cấp tỉnh và cấp xã,1,18,https://datafiles.hanoi.gov.vn/gov-hni/8123/VanBan/2026/4/22/QD%20492%20PL1.pdf,2026-04-14,False,True,PL1-0482_2_00177.md
PL1-0483,483,1.004283,Điều chỉnh tiền cấp quyền khai thác tài nguyên nước,Tài nguyên nước,Sở Nông nghiệp và Môi trường,Toàn trình,Cấp tỉnh và cấp xã,1,18,https://datafiles.hanoi.gov.vn/gov-hni/8123/VanBan/2026/4/22/QD%20492%20PL1.pdf,2026-04-14,False,False,PL1-0483_1_004283.md
PL1-0484,484,1.000824,Cấp lại giấy phép thăm dò nước dưới đất. giấy phép khai thác tài nguyên nước .,Tài nguyên nước,Sở Nông nghiệp và Môi trường,Toàn trình,Cấp tỉnh và cấp xã,1,18,https://datafiles.hanoi.gov.vn/gov-hni/8123/VanBan/2026/4/22/QD%20492%20PL1.pdf,2026-04-14,False,False,PL1-0484_1_000824.md
PL1-0485,485,1.011518,Trả lại giấy phép thăm dò nước dưới đất. giấy phép khai thác tài nguyên nước,Tài nguyên nước,Sở Nông nghiệp và Môi trường,Toàn trình,Cấp tỉnh và cấp xã,1,18,https://datafiles.hanoi.gov.vn/gov-hni/8123/VanBan/2026/4/22/QD%20492%20PL1.pdf,2026-04-14,False,False,PL1-0485_1_011518.md
PL1-0486,486,1.0125,Tạm dừng hiệu lực giấy phép thăm dò nước dưới đất. giấy phép khai thác tài nguyên nước.,Tài nguyên nước,Sở Nông nghiệp và Môi trường,Toàn trình,Cấp tỉnh và cấp xã,1,18,https://datafiles.hanoi.gov.vn/gov-hni/8123/VanBan/2026/4/22/QD%20492%20PL1.pdf,2026-04-14,False,True,PL1-0486_1_0125.md
PL1-0487,487,1.008127,Cấp lại Giấy chứng nhận đủ điều kiện sản xuất thức ăn chăn nuôi đối với cơ sở sản xuất thức ăn chăn nuôi trên địa bàn (trừ trường hợp cơ sở sản xuất thức ăn chăn nuôi xuất khẩu theo yêu cầu của nước nhập khẩu),Chăn nuôi,Sở Nông nghiệp và Môi trường,Toàn trình,Cấp tỉnh,1,18,https://datafiles.hanoi.gov.vn/gov-hni/8123/VanBan/2026/4/22/QD%20492%20PL1.pdf,2026-04-14,False,False,PL1-0487_1_008127.md
PL1-0488,488,1.008124,Kiểm tra xác nhận chất lượng thức ăn chăn nuôi nhập khẩu,Chăn nuôi,Sở Nông nghiệp và Môi trường,Toàn trình,Cấp tỉnh,1,18,https://datafiles.hanoi.gov.vn/gov-hni/8123/VanBan/2026/4/22/QD%20492%20PL1.pdf,2026-04-14,False,False,PL1-0488_1_008124.md
PL1-0489,489,1.008125,Giảm kiểm tra chất lượng thức ăn chăn nuôi nhập khẩu,Chăn nuôi,Sở Nông nghiệp và Môi trường,Toàn trình,Cấp tỉnh,1,18,https://datafiles.hanoi.gov.vn/gov-hni/8123/VanBan/2026/4/22/QD%20492%20PL1.pdf,2026-04-14,False,False,PL1-0489_1_008125.md
PL1-0490,490,1.008122,Cấp Giấy phép nhập khẩu thức ăn chăn nuôi chưa được công bố thông tin trên Cổng thông tin điện tử của Bộ Nông nghiệp và Môi trường,Chăn nuôi,Sở Nông nghiệp và Môi trường,Toàn trình,Cấp tỉnh,1,18,https://datafiles.hanoi.gov.vn/gov-hni/8123/VanBan/2026/4/22/QD%20492%20PL1.pdf,2026-04-14,False,False,PL1-0490_1_008122.md
PL1-0491,491,3.000127,Công bố thông tin sản phẩm thức ăn bổ sung sản xuất trong nước,Chăn nuôi,Sở Nông nghiệp và Môi trường,Toàn trình,Cấp tỉnh,1,18,https://datafiles.hanoi.gov.vn/gov-hni/8123/VanBan/2026/4/22/QD%20492%20PL1.pdf,2026-04-14,False,False,PL1-0491_3_000127.md
PL1-0492,492,3.000128,Công bố thông tin sản phẩm thức ăn bổ sung nhập khẩu,Chăn nuôi,Sở Nông nghiệp và Môi trường,Toàn trình,Cấp tỉnh,1,18,https://datafiles.hanoi.gov.vn/gov-hni/8123/VanBan/2026/4/22/QD%20492%20PL1.pdf,2026-04-14,False,False,PL1-0492_3_000128.md
PL1-0493,493,3.000129,Công bố lại thông tin sản phẩm thức ăn bổ sung,Chăn nuôi,Sở Nông nghiệp và Môi trường,Toàn trình,Cấp tỉnh,1,18,https://datafiles.hanoi.gov.vn/gov-hni/8123/VanBan/2026/4/22/QD%20492%20PL1.pdf,2026-04-14,False,False,PL1-0493_3_000129.md
PL1-0494,494,3.00013,Thay đổi thông tin sản phẩm thức ăn bổ sung,Chăn nuôi,Sở Nông nghiệp và Môi trường,Toàn trình,Cấp tỉnh,1,18,https://datafiles.hanoi.gov.vn/gov-hni/8123/VanBan/2026/4/22/QD%20492%20PL1.pdf,2026-04-14,False,True,PL1-0494_3_00013.md
PL1-0495,495,1.004756,Cấp Chứng chỉ hành nghề thú y,Thú y,Sở Nông nghiệp và Môi trường,Toàn trình,Cấp tỉnh,1,18,https://datafiles.hanoi.gov.vn/gov-hni/8123/VanBan/2026/4/22/QD%20492%20PL1.pdf,2026-04-14,False,False,PL1-0495_1_004756.md
PL1-0496,496,1.005319,Cấp lại Chứng chỉ hành nghề thú y,Thú y,Sở Nông nghiệp và Môi trường,Toàn trình,Cấp tỉnh,1,18,https://datafiles.hanoi.gov.vn/gov-hni/8123/VanBan/2026/4/22/QD%20492%20PL1.pdf,2026-04-14,False,False,PL1-0496_1_005319.md
PL1-0497,497,2.001064,Gia hạn Chứng chỉ hành nghề thú y,Thú y,Sở Nông nghiệp và Môi trường,Toàn trình,Cấp tỉnh,1,18,https://datafiles.hanoi.gov.vn/gov-hni/8123/VanBan/2026/4/22/QD%20492%20PL1.pdf,2026-04-14,False,False,PL1-0497_2_001064.md
PL1-0498,498,1.004022,Cấp giấy xác nhận nội dung quảng cáo thuốc thú y,Thú y,Sở Nông nghiệp và Môi trường,Toàn trình,Cấp tỉnh,1,18,https://datafiles.hanoi.gov.vn/gov-hni/8123/VanBan/2026/4/22/QD%20492%20PL1.pdf,2026-04-14,False,False,PL1-0498_1_004022.md
PL1-0499,499,1.004923,Công nhận và giao quyền quản lý cho tổ chức cộng đồng (thuộc địa bàn từ hai xã trở lên),Thủy sản,Sở Nông nghiệp và Môi trường,Toàn trình,Cấp tỉnh,1,18,https://datafiles.hanoi.gov.vn/gov-hni/8123/VanBan/2026/4/22/QD%20492%20PL1.pdf,2026-04-14,False,False,PL1-0499_1_004923.md
PL1-0500,500,1.004921,Sửa đổi. bổ sung nội dung quyết định công nhận và giao quyền quản lý cho tổ chức cộng đồng (thuộc địa bàn từ hai xã trở lên),Thủy sản,Sở Nông nghiệp và Môi trường,Toàn trình,Cấp tỉnh,1,18,https://datafiles.hanoi.gov.vn/gov-hni/8123/VanBan/2026/4/22/QD%20492%20PL1.pdf,2026-04-14,False,False,PL1-0500_1_004921.md
PL1-0501,501,1.004359,Cấp. cấp lại giấy phép khai thác thủy sản,Thủy sản,Sở Nông nghiệp và Môi trường,Toàn trình,Cấp tỉnh,1,18,https://datafiles.hanoi.gov.vn/gov-hni/8123/VanBan/2026/4/22/QD%20492%20PL1.pdf,2026-04-14,False,False,PL1-0501_1_004359.md
PL1-0502,502,1.004913,Cấp giấy chứng nhận cơ sở đủ điều kiện nuôi trồng thủy sản (theo yêu cầu),Thủy sản,Sở Nông nghiệp và Môi trường,Toàn trình,Cấp tỉnh,1,18,https://datafiles.hanoi.gov.vn/gov-hni/8123/VanBan/2026/4/22/QD%20492%20PL1.pdf,2026-04-14,False,False,PL1-0502_1_004913.md
PL1-0503,503,1.004692,Cấp. cấp lại giấy xác nhận đăng ký nuôi trồng thủy sản lồng bè. đối tượng thủy sản nuôi chủ lực,Thủy sản,Sở Nông nghiệp và Môi trường,Toàn trình,Cấp tỉnh,1,18,https://datafiles.hanoi.gov.vn/gov-hni/8123/VanBan/2026/4/22/QD%20492%20PL1.pdf,2026-04-14,False,False,PL1-0503_1_004692.md
PL1-0504,504,1.004344,Cấp văn bản chấp thuận đóng mới. cải hoán. thuê. mua tàu cá Việt Nam,Thủy sản,Sở Nông nghiệp và Môi trường,Toàn trình,Cấp tỉnh,1,18,https://datafiles.hanoi.gov.vn/gov-hni/8123/VanBan/2026/4/22/QD%20492%20PL1.pdf,2026-04-14,False,False,PL1-0504_1_004344.md
PL1-0505,505,1.004680,Xác nhận nguồn gốc loài thủy sản thuộc Phụ lục Công ước quốc tế về buôn bán các loài động vật. thực vật hoang dã nguy cấp và các loài thủy sản nguy cấp. quý. hiếm có nguồn gốc từ nuôi trồng,Thủy sản,Sở Nông nghiệp và Môi trường,Toàn trình,Cấp xã,1,18,https://datafiles.hanoi.gov.vn/gov-hni/8123/VanBan/2026/4/22/QD%20492%20PL1.pdf,2026-04-14,False,False,PL1-0505_1_004680.md
PL1-0506,506,1.004656,Xác nhận nguồn gốc loài thủy sản thuộc Phụ lục Công ước quốc tế về buôn bán các loài động vật. thực vật hoang dã nguy cấp; loài thủy sản nguy cấp. quý. hiếm có nguồn gốc khai thác từ tự nhiên,Thủy sản,Sở Nông nghiệp và Môi trường,Toàn trình,Cấp xã,1,18,https://datafiles.hanoi.gov.vn/gov-hni/8123/VanBan/2026/4/22/QD%20492%20PL1.pdf,2026-04-14,False,False,PL1-0506_1_004656.md
PL1-0507,507,1.014801,Cấp. cấp lại Giấy xác nhận nuôi trồng thủy sản lồng bè. đối tượng thủy sản nuôi chủ lực (hoạt động trên nội địa thuộc phạm vi quản lý và cơ sở nuôi trồng thủy sản lồng bè thuộc thẩm quyền giao khu vực biển của Chủ tịch Ủy ban nhân dân cấp xã),Thủy sản,Sở Nông nghiệp và Môi trường,Toàn trình,Cấp xã,1,18,https://datafiles.hanoi.gov.vn/gov-hni/8123/VanBan/2026/4/22/QD%20492%20PL1.pdf,2026-04-14,False,False,PL1-0507_1_014801.md
PL1-0508,508,1.012004,Cấp lại Giấy chứng nhận tổ chức giám định quyền đối với giống cây trồng,Trồng trọt,Sở Nông nghiệp và Môi trường,Toàn trình,Cấp tỉnh,1,18,https://datafiles.hanoi.gov.vn/gov-hni/8123/VanBan/2026/4/22/QD%20492%20PL1.pdf,2026-04-14,False,False,PL1-0508_1_012004.md
PL1-0509,509,1.012003,Cấp Giấy chứng nhận tổ chức giám định quyền đối với giống cây trồng,Trồng trọt,Sở Nông nghiệp và Môi trường,Toàn trình,Cấp tỉnh,1,18,https://datafiles.hanoi.gov.vn/gov-hni/8123/VanBan/2026/4/22/QD%20492%20PL1.pdf,2026-04-14,False,False,PL1-0509_1_012003.md
PL1-0510,510,1.012002,Cấp lại Thẻ giám định viên quyền đối với giống cây trồng,Trồng trọt,Sở Nông nghiệp và Môi trường,Toàn trình,Cấp tỉnh,1,18,https://datafiles.hanoi.gov.vn/gov-hni/8123/VanBan/2026/4/22/QD%20492%20PL1.pdf,2026-04-14,False,False,PL1-0510_1_012002.md
PL1-0511,511,1.012001,Cấp Thẻ giám định viên quyền đối với giống cây trồng,Trồng trọt,Sở Nông nghiệp và Môi trường,Toàn trình,Cấp tỉnh,1,18,https://datafiles.hanoi.gov.vn/gov-hni/8123/VanBan/2026/4/22/QD%20492%20PL1.pdf,2026-04-14,False,False,PL1-0511_1_012001.md
PL1-0512,512,1.012000,Thu hồi Giấy chứng nhận tổ chức giám định quyền đối với giống cây trồng theo yêu cầu của tổ chức. cá nhân,Trồng trọt,Sở Nông nghiệp và Môi trường,Toàn trình,Cấp tỉnh,1,18,https://datafiles.hanoi.gov.vn/gov-hni/8123/VanBan/2026/4/22/QD%20492%20PL1.pdf,2026-04-14,False,False,PL1-0512_1_012000.md
PL1-0513,513,1.011999,Thu hồi Thẻ giám định viên quyền đối với giống cây trồng theo yêu cầu của tổ chức. cá nhân,Trồng trọt,Sở Nông nghiệp và Môi trường,Toàn trình,Cấp tỉnh,1,19,https://datafiles.hanoi.gov.vn/gov-hni/8123/VanBan/2026/4/22/QD%20492%20PL1.pdf,2026-04-14,False,False,PL1-0513_1_011999.md
PL1-0514,514,1.004363,Cấp Giấy chứng nhận đủ điều kiện buôn bán thuốc bảo vệ thực vật,Trồng trọt và Bảo vệ thực vật,Sở Nông nghiệp và Môi trường,Toàn trình,Cấp tỉnh,1,19,https://datafiles.hanoi.gov.vn/gov-hni/8123/VanBan/2026/4/22/QD%20492%20PL1.pdf,2026-04-14,False,False,PL1-0514_1_004363.md
PL1-0515,515,1.004346,Cấp lại Giấy chứng nhận đủ điều kiện buôn bán thuốc bảo vệ thực vật,Trồng trọt và Bảo vệ thực vật,Sở Nông nghiệp và Môi trường,Toàn trình,Cấp tỉnh,1,19,https://datafiles.hanoi.gov.vn/gov-hni/8123/VanBan/2026/4/22/QD%20492%20PL1.pdf,2026-04-14,False,False,PL1-0515_1_004346.md
PL1-0516,516,1.008682,Cấp Giấy chứng nhận cơ sở bảo tồn đa dạng sinh học,Bảo tồn thiên nhiên và Đa dạng sinh học,Sở Nông nghiệp và Môi trường,Toàn trình,Cấp tỉnh,1,19,https://datafiles.hanoi.gov.vn/gov-hni/8123/VanBan/2026/4/22/QD%20492%20PL1.pdf,2026-04-14,False,False,PL1-0516_1_008682.md
PL1-0517,517,1.01463,Cấp sửa đổi. bổ sung Giấy chứng nhận cơ sở bảo tồn đa dạng sinh học,Bảo tồn thiên nhiên và Đa dạng sinh học,Sở Nông nghiệp và Môi trường,Toàn trình,Cấp tỉnh,1,19,https://datafiles.hanoi.gov.vn/gov-hni/8123/VanBan/2026/4/22/QD%20492%20PL1.pdf,2026-04-14,False,True,PL1-0517_1_01463.md
PL1-0518,518,1.008672,Phê duyệt Phương án khai thác mẫu vật loài nguy cấp. quý. hiếm từ tự nhiên,Bảo tồn thiên nhiên và Đa dạng sinh học,Sở Nông nghiệp và Môi trường,Toàn trình,Cấp tỉnh,1,19,https://datafiles.hanoi.gov.vn/gov-hni/8123/VanBan/2026/4/22/QD%20492%20PL1.pdf,2026-04-14,False,False,PL1-0518_1_008672.md
PL1-0519,519,1.008675,Cấp giấy phép trao đổi. tặng cho mẫu vật của loài nguy cấp. quý. hiếm được ưu tiên bảo vệ,Bảo tồn thiên nhiên và Đa dạng sinh học,Sở Nông nghiệp và Môi trường,Toàn trình,Cấp tỉnh,1,19,https://datafiles.hanoi.gov.vn/gov-hni/8123/VanBan/2026/4/22/QD%20492%20PL1.pdf,2026-04-14,False,False,PL1-0519_1_008675.md
PL1-0520,520,1.014022,Thả động vật nuôi sinh sản tại cơ sở nuôi. cơ sở bảo tồn đa dạng sinh học về môi trường tự nhiên,Bảo tồn thiên nhiên và Đa dạng sinh học,Sở Nông nghiệp và Môi trường,Toàn trình,Cấp tỉnh,1,19,https://datafiles.hanoi.gov.vn/gov-hni/8123/VanBan/2026/4/22/QD%20492%20PL1.pdf,2026-04-14,False,False,PL1-0520_1_014022.md
PL1-0521,521,1.011671,Cung cấp thông tin. dữ liệu. sản phẩm đo đạc và bản đồ,Đo đạc. bản đồ và thông tin địa lý,Sở Nông nghiệp và Môi trường,Toàn trình,Cấp tỉnh,1,19,https://datafiles.hanoi.gov.vn/gov-hni/8123/VanBan/2026/4/22/QD%20492%20PL1.pdf,2026-04-14,False,False,PL1-0521_1_011671.md
PL1-0522,522,1.014833,Cấp lại Giấy phép tiếp cận nguồn gen,Bảo tồn thiên nhiên và Đa dạng sinh học,Sở Nông nghiệp và Môi trường,Toàn trình,Cấp tỉnh,1,19,https://datafiles.hanoi.gov.vn/gov-hni/8123/VanBan/2026/4/22/QD%20492%20PL1.pdf,2026-04-14,False,False,PL1-0522_1_014833.md
PL1-0523,523,1.004096,Gia hạn Giấy phép tiếp cận nguồn gen,Bảo tồn thiên nhiên và Đa dạng sinh học,Sở Nông nghiệp và Môi trường,Toàn trình,Cấp tỉnh,1,19,https://datafiles.hanoi.gov.vn/gov-hni/8123/VanBan/2026/4/22/QD%20492%20PL1.pdf,2026-04-14,False,False,PL1-0523_1_004096.md
PL1-0524,524,1.004117,Đưa nguồn gen ra nước ngoài phục vụ học tập. nghiên cứu không vì mục đích thương mại,Bảo tồn thiên nhiên và Đa dạng sinh học,Sở Nông nghiệp và Môi trường,Toàn trình,Cấp tỉnh,1,19,https://datafiles.hanoi.gov.vn/gov-hni/8123/VanBan/2026/4/22/QD%20492%20PL1.pdf,2026-04-14,False,False,PL1-0524_1_004117.md
PL1-0525,525,1.00415,Cấp Giấy phép tiếp cận nguồn gen,Bảo tồn thiên nhiên và Đa dạng sinh học,Sở Nông nghiệp và Môi trường,Toàn trình,Cấp tỉnh,1,19,https://datafiles.hanoi.gov.vn/gov-hni/8123/VanBan/2026/4/22/QD%20492%20PL1.pdf,2026-04-14,False,True,PL1-0525_1_00415.md
PL1-0526,526,1.003211,Thẩm định. phê duyệt phương án ứng phó thiên tai cho công trình. vùng hạ du đập trong quá trình thi công thuộc thẩm quyền của UBND cấp tỉnh,Thủy lợi,Sở Nông nghiệp và Môi trường,Toàn trình,Cấp tỉnh,1,19,https://datafiles.hanoi.gov.vn/gov-hni/8123/VanBan/2026/4/22/QD%20492%20PL1.pdf,2026-04-14,False,False,PL1-0526_1_003211.md
PL1-0527,527,1.003203,Thẩm định. phê duyệt phương án ứng phó với tình huống khẩn cấp thuộc thẩm quyền của UBND cấp tỉnh,Thủy lợi,Sở Nông nghiệp và Môi trường,Toàn trình,Cấp tỉnh,1,19,https://datafiles.hanoi.gov.vn/gov-hni/8123/VanBan/2026/4/22/QD%20492%20PL1.pdf,2026-04-14,False,False,PL1-0527_1_003203.md
PL1-0528,528,1.014847,Phê duyệt phương án bảo vệ công trình thủy lợi thuộc thẩm quyền của Chủ tịch Ủy ban nhân dân cấp tỉnh,Thủy lợi,Sở Nông nghiệp và Môi trường,Toàn trình,Cấp tỉnh,1,19,https://datafiles.hanoi.gov.vn/gov-hni/8123/VanBan/2026/4/22/QD%20492%20PL1.pdf,2026-04-14,False,False,PL1-0528_1_014847.md
PL1-0529,529,1.003867,Thẩm định quy trình vận hành đối với công trình thủy lợi lớn và công trình thủy lợi vừa thuộc thẩm quyền của Chủ tịch UBND cấp tỉnh phê duyệt,Thủy lợi,Sở Nông nghiệp và Môi trường,Toàn trình,Cấp tỉnh,1,19,https://datafiles.hanoi.gov.vn/gov-hni/8123/VanBan/2026/4/22/QD%20492%20PL1.pdf,2026-04-14,False,False,PL1-0529_1_003867.md
PL1-0530,530,2.001804,Phê duyệt phương án. cắm mốc chỉ giới phạm vi bảo vệ công trình thủy lợi do Chủ tịch UBND cấp tỉnh phê duyệt,Thủy lợi,Sở Nông nghiệp và Môi trường,Toàn trình,Cấp tỉnh,1,19,https://datafiles.hanoi.gov.vn/gov-hni/8123/VanBan/2026/4/22/QD%20492%20PL1.pdf,2026-04-14,False,False,PL1-0530_2_001804.md
PL1-0531,531,1.003232,Thẩm định. phê duyệt. điều chỉnh và công bố công khai quy trình vận hành hồ chứa nước thuộc thẩm quyền của UBND cấp tỉnh,Thủy lợi,Sở Nông nghiệp và Môi trường,Toàn trình,Cấp tỉnh,1,19,https://datafiles.hanoi.gov.vn/gov-hni/8123/VanBan/2026/4/22/QD%20492%20PL1.pdf,2026-04-14,False,False,PL1-0531_1_003232.md
PL1-0532,532,1.003221,Thẩm định. phê duyệt đề cương. kết quả kiểm định an toàn đập. hồ chứa thủy lợi thuộc thẩm quyền của UBND cấp tỉnh,Thủy lợi,Sở Nông nghiệp và Môi trường,Toàn trình,Cấp tỉnh,1,19,https://datafiles.hanoi.gov.vn/gov-hni/8123/VanBan/2026/4/22/QD%20492%20PL1.pdf,2026-04-14,False,False,PL1-0532_1_003221.md
PL1-0533,533,1.004427,Cấp giấy phép cho các hoạt động trong phạm vi bảo vệ công trình thủy lợi: Xây dựng công trình mới; Lập bến. bãi tập kết nguyên liệu. nhiên liệu. vật tư. phương tiện; Xây dựng công trình ngầm thuộc thẩm quyền cấp phép của Chủ tịch UBND cấp tỉnh.,Thủy lợi,Sở Nông nghiệp và Môi trường,Toàn trình,Cấp tỉnh,1,19,https://datafiles.hanoi.gov.vn/gov-hni/8123/VanBan/2026/4/22/QD%20492%20PL1.pdf,2026-04-14,False,False,PL1-0533_1_004427.md
PL1-0534,534,2.001796,Cấp giấy phép cho các hoạt động trong phạm vi bảo vệ công trình thuỷ lợi đối với hoạt động du lịch. thể thao. nghiên cứu khoa học. kinh doanh. dịch vụ thuộc thẩm quyền cấp phép của Chủ tịch UBND cấp tỉnh.,Thủy lợi,Sở Nông nghiệp và Môi trường,Toàn trình,Cấp tỉnh,1,19,https://datafiles.hanoi.gov.vn/gov-hni/8123/VanBan/2026/4/22/QD%20492%20PL1.pdf,2026-04-14,False,False,PL1-0534_2_001796.md
PL1-0535,535,2.001426,Cấp gia hạn. điều chỉnh nội dung giấy phép cho các hoạt động trong phạm vi bảo vệ công trình thuỷ lợi: Xây dựng công trình mới; Lập bến. bãi tập kết nguyên liệu. nhiên liệu. vật liệu. vật tư. phương tiện; Xây dựng công trình ngầm thuộc thẩm quyền cấp phép của Chủ tịch UBND cấp tỉnh,Thủy lợi,Sở Nông nghiệp và Môi trường,Toàn trình,Cấp tỉnh,1,19,https://datafiles.hanoi.gov.vn/gov-hni/8123/VanBan/2026/4/22/QD%20492%20PL1.pdf,2026-04-14,False,False,PL1-0535_2_001426.md
PL1-0536,536,2.001795,Cấp giấy phép nổ mìn và các hoạt động gây nổ khác trong phạm vi bảo vệ công trình thủy lợi thuộc thẩm quyền cấp phép của Chủ tịch UBND cấp tỉnh,Thủy lợi,Sở Nông nghiệp và Môi trường,Toàn trình,Cấp tỉnh,1,19,https://datafiles.hanoi.gov.vn/gov-hni/8123/VanBan/2026/4/22/QD%20492%20PL1.pdf,2026-04-14,False,False,PL1-0536_2_001795.md
PL1-0537,537,1.003870,Cấp gia hạn. điều chỉnh nội dung giấy phép cho các hoạt động trong phạm vi bảo vệ công trình thủy lợi: Nuôi trồng thủy sản; Nổ mìn và các hoạt động gây nổ khác thuộc thẩm quyền cấp phép của Chủ tịch UBND cấp tỉnh,Thủy lợi,Sở Nông nghiệp và Môi trường,Toàn trình,Cấp tỉnh,1,20,https://datafiles.hanoi.gov.vn/gov-hni/8123/VanBan/2026/4/22/QD%20492%20PL1.pdf,2026-04-14,False,False,PL1-0537_1_003870.md
PL1-0538,538,1.003893,Cấp lại giấy phép cho các hoạt động trong phạm vi bảo vệ công trình thủy lợi trong trường hợp tên chủ giấy phép đã được cấp bị thay đổi do chuyển nhượng. sáp nhập. chia tách. cơ cấu lại tổ chức thuộc thẩm quyền cấp phép của Chủ tịch UBND cấp tỉnh.,Thủy lợi,Sở Nông nghiệp và Môi trường,Toàn trình,Cấp tỉnh,1,20,https://datafiles.hanoi.gov.vn/gov-hni/8123/VanBan/2026/4/22/QD%20492%20PL1.pdf,2026-04-14,False,False,PL1-0538_1_003893.md
PL1-0539,539,2.001793,Cấp giấy phép hoạt động của phương tiện thủy nội địa. phương tiện cơ giới. trừ xe mô tô. xe gắn máy. phương tiện thủy nội địa thô sơ trong phạm vi bảo vệ công trình thủy lợi thuộc thẩm quyền cấp phép của Chủ tịch UBND cấp tỉnh,Thủy lợi,Sở Nông nghiệp và Môi trường,Toàn trình,Cấp tỉnh,1,20,https://datafiles.hanoi.gov.vn/gov-hni/8123/VanBan/2026/4/22/QD%20492%20PL1.pdf,2026-04-14,False,False,PL1-0539_2_001793.md
PL1-0540,540,1.004385,Cấp giấy phép cho các hoạt động trồng cây lâu năm trong phạm vi bảo vệ công trình thủy lợi thuộc thẩm quyền cấp phép của Chủ tịch UBND cấp tỉnh.,Thủy lợi,Sở Nông nghiệp và Môi trường,Toàn trình,Cấp tỉnh,1,20,https://datafiles.hanoi.gov.vn/gov-hni/8123/VanBan/2026/4/22/QD%20492%20PL1.pdf,2026-04-14,False,False,PL1-0540_1_004385.md
PL1-0541,541,2.001791,Cấp giấy phép nuôi trồng thủy sản trong phạm vi bảo vệ công trình thuỷ lợi thuộc thẩm quyền cấp phép của Chủ tịch UBND cấp tỉnh.,Thủy lợi,Sở Nông nghiệp và Môi trường,Toàn trình,Cấp tỉnh,1,20,https://datafiles.hanoi.gov.vn/gov-hni/8123/VanBan/2026/4/22/QD%20492%20PL1.pdf,2026-04-14,False,False,PL1-0541_2_001791.md
PL1-0542,542,1.003880,Cấp gia hạn. điều chỉnh nội dung giấy phép cho các hoạt động trong phạm vi bảo vệ công trình thuỷ lợi đối với hoạt động: du lịch. thể thao. nghiên cứu khoa học. kinh doanh. dịch vụ thuộc thẩm quyền cấp phép của Chủ tịch UBND cấp tỉnh.,Thủy lợi,Sở Nông nghiệp và Môi trường,Toàn trình,Cấp tỉnh,1,20,https://datafiles.hanoi.gov.vn/gov-hni/8123/VanBan/2026/4/22/QD%20492%20PL1.pdf,2026-04-14,False,False,PL1-0542_1_003880.md
PL1-0543,543,2.001401,Cấp gia hạn. điều chỉnh nội dung giấy phép cho các hoạt động trong phạm vi bảo vệ công trình thuỷ lợi: Trồng cây lâu năm; Hoạt động của phương tiện thủy nội địa. phương tiện cơ giới. trừ xe mô tô. xe gắn máy. phương tiện thủy nội địa thô sơ thuộc thẩm quyền cấp phép của Chủ tịch UBND cấp tỉnh.,Thủy lợi,Sở Nông nghiệp và Môi trường,Toàn trình,Cấp tỉnh,1,20,https://datafiles.hanoi.gov.vn/gov-hni/8123/VanBan/2026/4/22/QD%20492%20PL1.pdf,2026-04-14,False,False,PL1-0543_2_001401.md
PL1-0544,544,1.010091,Hỗ trợ khám chữa bệnh. trợ cấp tai nạn cho lực lượng xung kích phòng chống thiên tai cấp xã trong trường hợp chưa tham gia bảo hiểm y tế. bảo hiểm xã hội,Quản lý Đê điều và Phòng. chống thiên tai,Sở Nông nghiệp và Môi trường,Toàn trình,Cấp xã,1,20,https://datafiles.hanoi.gov.vn/gov-hni/8123/VanBan/2026/4/22/QD%20492%20PL1.pdf,2026-04-14,False,False,PL1-0544_1_010091.md
PL1-0545,545,1.010092,Trợ cấp tiền tuất. tai nạn (đối với trường hợp tai nạn suy giảm khả năng lao động từ 5% trở lên) cho lực lượng xung kích phòng chống thiên tai cấp xã chưa tham gia bảo hiểm xã hội,Quản lý Đê điều và Phòng. chống thiên tai,Sở Nông nghiệp và Môi trường,Toàn trình,Cấp xã,1,20,https://datafiles.hanoi.gov.vn/gov-hni/8123/VanBan/2026/4/22/QD%20492%20PL1.pdf,2026-04-14,False,False,PL1-0545_1_010092.md
PL1-0546,546,1.014849,Cấp giấy phép cho các hoạt động trong phạm vi bảo vệ công trình thủy lợi: Xây dựng công trình mới; Lập bến. bãi tập kết nguyên liệu. nhiên liệu. vật tư. phương tiện; Xây dựng công trình ngầm do Chủ tịch UBND cấp tỉnh phân cấp cho Chủ tịch UBND cấp xã,Thủy lợi,Sở Nông nghiệp và Môi trường,Toàn trình,Cấp xã,1,20,https://datafiles.hanoi.gov.vn/gov-hni/8123/VanBan/2026/4/22/QD%20492%20PL1.pdf,2026-04-14,False,False,PL1-0546_1_014849.md
PL1-0547,547,1.014850,Cấp giấy phép cho các hoạt động trong phạm vi bảo vệ công trình thủy lợi đối với hoạt động du lịch. thể thao. nghiên cứu khoa học. kinh doanh. dịch vụ do Chủ tịch UBND cấp tỉnh phân cấp cho Chủ tịch UBND cấp xã,Thủy lợi,Sở Nông nghiệp và Môi trường,Toàn trình,Cấp xã,1,20,https://datafiles.hanoi.gov.vn/gov-hni/8123/VanBan/2026/4/22/QD%20492%20PL1.pdf,2026-04-14,False,False,PL1-0547_1_014850.md
PL1-0548,548,1.014851,Cấp gia hạn. điều chỉnh nội dung giấy phép cho các hoạt động trong phạm vi bảo vệ công trình thủy lợi: Xây dựng công trình mới; Lập bến. bãi tập kết nguyên liệu. nhiên liệu. vật liệu. vật tư. phương tiện; Xây dựng công trình ngầm do Chủ tịch UBND cấp tỉnh phân cấp cho Chủ tịch UBND cấp xã,Thủy lợi,Sở Nông nghiệp và Môi trường,Toàn trình,Cấp xã,1,20,https://datafiles.hanoi.gov.vn/gov-hni/8123/VanBan/2026/4/22/QD%20492%20PL1.pdf,2026-04-14,False,False,PL1-0548_1_014851.md
PL1-0549,549,1.014852,Cấp giấy phép nổ mìn và các hoạt động gây nổ khác trong phạm vi bảo vệ công trình thủy lợi do Chủ tịch UBND cấp tỉnh phân cấp cho Chủ tịch UBND cấp xã,Thủy lợi,Sở Nông nghiệp và Môi trường,Toàn trình,Cấp xã,1,20,https://datafiles.hanoi.gov.vn/gov-hni/8123/VanBan/2026/4/22/QD%20492%20PL1.pdf,2026-04-14,False,False,PL1-0549_1_014852.md
PL1-0550,550,1.014853,Cấp gia hạn. điều chỉnh nội dung giấy phép cho các hoạt động trong phạm vi bảo vệ công trình thủy lợi: Nuôi trồng thủy sản; Nổ mìn và các hoạt động gây nổ khác do Chủ tịch UBND cấp tỉnh phân cấp cho Chủ tịch UBND cấp xã,Thủy lợi,Sở Nông nghiệp và Môi trường,Toàn trình,Cấp xã,1,20,https://datafiles.hanoi.gov.vn/gov-hni/8123/VanBan/2026/4/22/QD%20492%20PL1.pdf,2026-04-14,False,False,PL1-0550_1_014853.md
PL1-0551,551,1.014854,Cấp lại giấy phép cho các hoạt động trong phạm vi bảo vệ công trình thủy lợi trong trường hợp tên chủ giấy phép đã được cấp bị thay đổi do chuyển nhượng. sáp nhập. chia tách. cơ cấu lại tổ chức do Chủ tịch UBND cấp tỉnh phân cấp cho Chủ tịch UBND cấp xã,Thủy lợi,Sở Nông nghiệp và Môi trường,Toàn trình,Cấp xã,1,20,https://datafiles.hanoi.gov.vn/gov-hni/8123/VanBan/2026/4/22/QD%20492%20PL1.pdf,2026-04-14,False,False,PL1-0551_1_014854.md
PL1-0552,552,1.014859,Cấp giấy phép hoạt động của phương tiện thủy nội địa. phương tiện cơ giới. trừ xe mô tô. xe gắn máy. phương tiện thủy nội địa thồ sơ trong phạm vi bảo vệ công trình thủy lợi do Chủ tịch UBND cấp tỉnh phân cấp cho Chủ tịch UBND cấp xã,Thủy lợi,Sở Nông nghiệp và Môi trường,Toàn trình,Cấp xã,1,20,https://datafiles.hanoi.gov.vn/gov-hni/8123/VanBan/2026/4/22/QD%20492%20PL1.pdf,2026-04-14,False,False,PL1-0552_1_014859.md
PL1-0553,553,1.01486,Cấp giấy phép cho các hoạt động trồng cây lâu năm trong phạm vi bảo vệ công trình thủy lợi do Chủ tịch UBND cấp tỉnh phân cấp cho Chủ tịch UBND cấp xã,Thủy lợi,Sở Nông nghiệp và Môi trường,Toàn trình,Cấp xã,1,20,https://datafiles.hanoi.gov.vn/gov-hni/8123/VanBan/2026/4/22/QD%20492%20PL1.pdf,2026-04-14,False,True,PL1-0553_1_01486.md
PL1-0554,554,1.014862,Cấp giấy phép nuôi trồng thủy sản trong phạm vi bảo vệ công trình thủy do Chủ tịch UBND cấp tỉnh phân cấp cho Chủ tịch UBND cấp xã,Thủy lợi,Sở Nông nghiệp và Môi trường,Toàn trình,Cấp xã,1,20,https://datafiles.hanoi.gov.vn/gov-hni/8123/VanBan/2026/4/22/QD%20492%20PL1.pdf,2026-04-14,False,False,PL1-0554_1_014862.md
PL1-0555,555,1.014863,Cấp gia hạn. điều chỉnh nội dung giấy phép cho các hoạt động trong phạm vi bảo vệ công trình thủy lợi đối với hoạt động: du lịch. thể thao. nghiên cứu khoa học. kinh doanh. dịch vụ do Chủ tịch UBND cấp tỉnh phân cấp cho Chủ tịch UBND cấp xã,Thủy lợi,Sở Nông nghiệp và Môi trường,Toàn trình,Cấp xã,1,21,https://datafiles.hanoi.gov.vn/gov-hni/8123/VanBan/2026/4/22/QD%20492%20PL1.pdf,2026-04-14,False,False,PL1-0555_1_014863.md
PL1-0556,556,1.014864,Cấp gia hạn. điều chỉnh nội dung giấy phép cho các hoạt động trong phạm vi bảo vệ công trình thủy lợi: Trồng cây lâu năm; Hoạt động của phương tiện thủy nội địa. phương tiện cơ giới. trừ xe mô tô. xe gắn máy. phương tiện thủy nội địa thồ sơ do Chủ tịch UBND cấp tỉnh phân cấp cho Chủ tịch UBND cấp xã,Thủy lợi,Sở Nông nghiệp và Môi trường,Toàn trình,Cấp xã,1,21,https://datafiles.hanoi.gov.vn/gov-hni/8123/VanBan/2026/4/22/QD%20492%20PL1.pdf,2026-04-14,False,False,PL1-0556_1_014864.md
PL1-0557,557,1.014865,Thẩm định quy trình vận hành đối với công trình thủy lợi lớn và công trình thủy lợi vừa do Chủ tịch UBND cấp tỉnh phân cấp cho Chủ tịch UBND cấp xã phê duyệt,Thủy lợi,Sở Nông nghiệp và Môi trường,Toàn trình,Cấp xã,1,21,https://datafiles.hanoi.gov.vn/gov-hni/8123/VanBan/2026/4/22/QD%20492%20PL1.pdf,2026-04-14,False,False,PL1-0557_1_014865.md
PL1-0558,558,1.003446,Thẩm định. phê duyệt phương án ứng phó thiên tai cho công trình. vùng hạ du đập trong quá trình thi công thuộc thẩm quyền của UBND cấp xã,Thủy lợi,Sở Nông nghiệp và Môi trường,Toàn trình,Cấp xã,1,21,https://datafiles.hanoi.gov.vn/gov-hni/8123/VanBan/2026/4/22/QD%20492%20PL1.pdf,2026-04-14,False,False,PL1-0558_1_003446.md
PL1-0559,559,1.003440,Thẩm định. phê duyệt phương án ứng phó với tình huống khẩn cấp thuộc thẩm quyền của UBND cấp xã,,Sở Nông nghiệp và Môi trường,Toàn trình,Cấp xã,1,21,https://datafiles.hanoi.gov.vn/gov-hni/8123/VanBan/2026/4/22/QD%20492%20PL1.pdf,2026-04-14,False,False,PL1-0559_1_003440.md
PL1-0560,560,2.001621,Hỗ trợ đầu tư xây dựng phát triển thủy lợi nhỏ. thuỷ lợi nội đồng và tưới tiên tiến. tiết kiệm nước (Đối với nguồn vốn hỗ trợ trực tiếp. ngân sách địa phương và nguồn vốn hợp pháp khác của địa phương phân bổ dự toán cho UBND cấp xã thực hiện),Thủy lợi,Sở Nông nghiệp và Môi trường,Toàn trình,Cấp xã,1,21,https://datafiles.hanoi.gov.vn/gov-hni/8123/VanBan/2026/4/22/QD%20492%20PL1.pdf,2026-04-14,False,False,PL1-0560_2_001621.md
PL1-0561,561,1.003347,Phê duyệt. công bố công khai quy trình vận hành hồ chứa thủy lợi thuộc thẩm quyền của Chủ tịch UBND cấp xã.,Thủy lợi,Sở Nông nghiệp và Môi trường,Toàn trình,Cấp xã,1,21,https://datafiles.hanoi.gov.vn/gov-hni/8123/VanBan/2026/4/22/QD%20492%20PL1.pdf,2026-04-14,False,False,PL1-0561_1_003347.md
PL1-0562,562,1.003471,Phê duyệt đề cương. kết quả kiểm định an toàn đập. hồ chứa thủy lợi thuộc thẩm quyền của Chủ tịch UBND cấp xã,Thủy lợi,Sở Nông nghiệp và Môi trường,Toàn trình,Cấp xã,1,21,https://datafiles.hanoi.gov.vn/gov-hni/8123/VanBan/2026/4/22/QD%20492%20PL1.pdf,2026-04-14,False,False,PL1-0562_1_003471.md
PL1-0563,563,1.014848,Phê duyệt phương án bảo vệ công trình thủy lợi do Chủ tịch UBND cấp tỉnh phân cấp cho Chủ tịch UBND cấp xã,Thủy lợi,Sở Nông nghiệp và Môi trường,Toàn trình,Cấp xã,1,21,https://datafiles.hanoi.gov.vn/gov-hni/8123/VanBan/2026/4/22/QD%20492%20PL1.pdf,2026-04-14,False,False,PL1-0563_1_014848.md
PL1-0564,564,2.002819,Cấp. cấp lại. sửa đổi. bổ sung thông tin Giấy chứng nhận thuỷ sản. sản phẩm thủy sản đạt yêu cầu xuất khẩu vào Hoa Kỳ (COA),Thủy sản,Sở Nông nghiệp và Môi trường,Toàn trình,Cấp tỉnh,1,21,https://datafiles.hanoi.gov.vn/gov-hni/8123/VanBan/2026/4/22/QD%20492%20PL1.pdf,2026-04-14,False,False,PL1-0564_2_002819.md
PL1-0565,565,2.001694,Cấp. cấp lại Giấy phép nhập khẩu giống thủy sản không có tên trong Danh mục loài thủy sản được phép kinh doanh tại Việt Nam để nghiên cứu khoa học. trưng bày tại hội chợ. triển lãm,Thủy sản,Sở Nông nghiệp và Môi trường,Toàn trình,Cấp tỉnh,1,21,https://datafiles.hanoi.gov.vn/gov-hni/8123/VanBan/2026/4/22/QD%20492%20PL1.pdf,2026-04-14,False,False,PL1-0565_2_001694.md
PL1-0566,566,1.004794,Cấp. cấp lại Giấy phép nhập khẩu thức ăn thủy sản. sản phẩm xử lý môi trường nuôi trồng thủy sản để nghiên cứu khoa học. trưng bày tại hội chợ. triển lãm,Thủy sản,Sở Nông nghiệp và Môi trường,Toàn trình,Cấp tỉnh,1,21,https://datafiles.hanoi.gov.vn/gov-hni/8123/VanBan/2026/4/22/QD%20492%20PL1.pdf,2026-04-14,False,False,PL1-0566_1_004794.md
PL1-0567,567,1.012786,Cấp lại Giấy chứng nhận do bị mất,Đất đai,Sở Nông nghiệp và Môi trường,Toàn trình,Cấp tỉnh,1,21,https://datafiles.hanoi.gov.vn/gov-hni/8123/VanBan/2026/4/22/QD%20492%20PL1.pdf,2026-04-14,False,False,PL1-0567_1_012786.md
PL1-0568,568,1.012756,Đăng ký đất đai lần đầu đối với trường hợp được Nhà nước giao đất để quản lý.,Đất đai,Sở Nông nghiệp và Môi trường,Toàn trình,Cấp tỉnh,1,21,https://datafiles.hanoi.gov.vn/gov-hni/8123/VanBan/2026/4/22/QD%20492%20PL1.pdf,2026-04-14,False,False,PL1-0568_1_012756.md
PL1-0569,569,1.008891,Cấp chứng chỉ hành nghề kiến trúc,Kiến trúc,Sở Quy hoạch Kiến trúc,Toàn trình,Cấp tỉnh,1,21,https://datafiles.hanoi.gov.vn/gov-hni/8123/VanBan/2026/4/22/QD%20492%20PL1.pdf,2026-04-14,False,False,PL1-0569_1_008891.md
PL1-0570,570,1.008989,Cấp lại chứng chỉ hành nghề kiến trúc (do chứng chỉ hành nghề bị mất. hư hỏng hoặc thay đổi thông tin cá nhân được ghi trong chứng chỉ hành nghề kiến trúc),Kiến trúc,Sở Quy hoạch Kiến trúc,Toàn trình,Cấp tỉnh,1,21,https://datafiles.hanoi.gov.vn/gov-hni/8123/VanBan/2026/4/22/QD%20492%20PL1.pdf,2026-04-14,False,False,PL1-0570_1_008989.md
PL1-0571,571,1.008990,Cấp lại chứng chỉ hành nghề kiến trúc bị ghi sai do lỗi của cơ quan cấp,Kiến trúc,Sở Quy hoạch Kiến trúc,Toàn trình,Cấp tỉnh,1,21,https://datafiles.hanoi.gov.vn/gov-hni/8123/VanBan/2026/4/22/QD%20492%20PL1.pdf,2026-04-14,False,False,PL1-0571_1_008990.md
PL1-0572,572,1.008991,Gia hạn chứng chỉ hành nghề kiến trúc,Kiến trúc,Sở Quy hoạch Kiến trúc,Toàn trình,Cấp tỉnh,1,21,https://datafiles.hanoi.gov.vn/gov-hni/8123/VanBan/2026/4/22/QD%20492%20PL1.pdf,2026-04-14,False,False,PL1-0572_1_008991.md
PL1-0573,573,1.008992,Công nhận chứng chỉ hành nghề kiến trúc của người nước ngoài ở Việt Nam,Kiến trúc,Sở Quy hoạch Kiến trúc,Toàn trình,Cấp tỉnh,1,21,https://datafiles.hanoi.gov.vn/gov-hni/8123/VanBan/2026/4/22/QD%20492%20PL1.pdf,2026-04-14,False,False,PL1-0573_1_008992.md
PL1-0574,574,1.008.993,Chuyển đổi chứng chỉ hành nghề kiến trúc của người nước ngoài ở Việt Nam,Kiến trúc,Sở Quy hoạch Kiến trúc,Toàn trình,Cấp tỉnh,1,21,https://datafiles.hanoi.gov.vn/gov-hni/8123/VanBan/2026/4/22/QD%20492%20PL1.pdf,2026-04-14,False,True,PL1-0574_1_008_993.md
PL1-0575,575,1.014156,Phê duyệt nhiệm vụ quy hoạch. nhiệm vụ điều chỉnh quy hoạch đô thị và nông thôn do nhà đầu tư đã được lựa chọn để thực hiện dự án đầu tư tổ chức lập,Quy hoạch đô thị và nông thôn,Sở Quy hoạch Kiến trúc,Toàn trình,Cấp tỉnh và cấp xã,1,21,https://datafiles.hanoi.gov.vn/gov-hni/8123/VanBan/2026/4/22/QD%20492%20PL1.pdf,2026-04-14,False,False,PL1-0575_1_014156.md
PL1-0576,576,1.014158,Phê duyệt quy hoạch. điều chỉnh quy hoạch đô thị và nông thôn do nhà đầu tư đã được lựa chọn để thực hiện dự án đầu tư tổ chức lập,Quy hoạch đô thị và nông thôn,Sở Quy hoạch Kiến trúc,Toàn trình,Cấp tỉnh và cấp xã,1,21,https://datafiles.hanoi.gov.vn/gov-hni/8123/VanBan/2026/4/22/QD%20492%20PL1.pdf,2026-04-14,False,False,PL1-0576_1_014158.md
PL1-0577,577,1.014159,Cung cấp thông tin về quy hoạch đô thị và nông thôn.,Quy hoạch đô thị và nông thôn,Sở Quy hoạch Kiến trúc,Toàn trình,Cấp tỉnh và cấp xã,1,21,https://datafiles.hanoi.gov.vn/gov-hni/8123/VanBan/2026/4/22/QD%20492%20PL1.pdf,2026-04-14,False,False,PL1-0577_1_014159.md
PL1-0578,578,2.001583,Đăng ký thành lập công ty TNHH một thành viên,Thành lập và hoạt động của doanh nghiệp,Sở Tài chính,Toàn trình,Cấp tỉnh,1,21,https://datafiles.hanoi.gov.vn/gov-hni/8123/VanBan/2026/4/22/QD%20492%20PL1.pdf,2026-04-14,False,False,PL1-0578_2_001583.md
PL1-0579,579,1.010010,Đề nghị dừng thực hiện thủ tục đăng ký doanh nghiệp; thông báo hủy bỏ nghị quyết. quyết định giải thể doanh nghiệp,Thành lập và hoạt động của doanh nghiệp,Sở Tài chính,Toàn trình,Cấp tỉnh,1,21,https://datafiles.hanoi.gov.vn/gov-hni/8123/VanBan/2026/4/22/QD%20492%20PL1.pdf,2026-04-14,False,False,PL1-0579_1_010010.md
PL1-0580,580,2.001610,Đăng ký thành lập doanh nghiệp tư nhân,Thành lập và hoạt động của doanh nghiệp,Sở Tài chính,Toàn trình,Cấp tỉnh,1,21,https://datafiles.hanoi.gov.vn/gov-hni/8123/VanBan/2026/4/22/QD%20492%20PL1.pdf,2026-04-14,False,False,PL1-0580_2_001610.md
PL1-0581,581,2.001199,Đăng ký thành lập công ty TNHH hai thành viên trở lên,Thành lập và hoạt động của doanh nghiệp,Sở Tài chính,Toàn trình,Cấp tỉnh,1,22,https://datafiles.hanoi.gov.vn/gov-hni/8123/VanBan/2026/4/22/QD%20492%20PL1.pdf,2026-04-14,False,False,PL1-0581_2_001199.md
PL1-0582,582,2.002043,Đăng ký thành lập công ty cổ phần,Thành lập và hoạt động của doanh nghiệp,Sở Tài chính,Toàn trình,Cấp tỉnh,1,22,https://datafiles.hanoi.gov.vn/gov-hni/8123/VanBan/2026/4/22/QD%20492%20PL1.pdf,2026-04-14,False,False,PL1-0582_2_002043.md
PL1-0583,583,2.002042,Đăng ký thành lập công ty hợp danh,Thành lập và hoạt động của doanh nghiệp,Sở Tài chính,Toàn trình,Cấp tỉnh,1,22,https://datafiles.hanoi.gov.vn/gov-hni/8123/VanBan/2026/4/22/QD%20492%20PL1.pdf,2026-04-14,False,False,PL1-0583_2_002042.md
PL1-0584,584,2.002041,Đăng ký thay đổi địa chỉ trụ sở chính. đăng ký đổi tên của doanh nghiệp; Thông báo thay đổi ngành. nghề kinh doanh; Thông báo thay đổi nội dung đăng ký thuế,Thành lập và hoạt động của doanh nghiệp,Sở Tài chính,Toàn trình,Cấp tỉnh,1,22,https://datafiles.hanoi.gov.vn/gov-hni/8123/VanBan/2026/4/22/QD%20492%20PL1.pdf,2026-04-14,False,False,PL1-0584_2_002041.md
PL1-0585,585,2.002011,Đăng ký thay đổi thành viên hợp danh; đăng ký thay đổi thành viên công ty trách nhiệm hữu hạn hai thành viên trở lên; đăng ký thay đổi người đại diện theo pháp luật của công ty trách nhiệm hữu hạn. công ty cổ phần; đăng ký thay đổi chủ sở hữu công ty trách nhiệm hữu hạn một thành viên; đăng ký thay đổi chủ doanh nghiệp tư nhân trong trường hợp bản. tặng cho doanh nghiệp. chủ doanh nghiệp chết,Thành lập và hoạt động của doanh nghiệp,Sở Tài chính,Toàn trình,Cấp tỉnh,1,22,https://datafiles.hanoi.gov.vn/gov-hni/8123/VanBan/2026/4/22/QD%20492%20PL1.pdf,2026-04-14,False,False,PL1-0585_2_002011.md
PL1-0586,586,2.002009,Đăng ký thay đổi vốn điều lệ. phần vốn góp. tỷ lệ phần vốn góp (đối với công ty TNHH. công ty cổ phần. công ty hợp danh),Thành lập và hoạt động của doanh nghiệp,Sở Tài chính,Toàn trình,Cấp tỉnh,1,22,https://datafiles.hanoi.gov.vn/gov-hni/8123/VanBan/2026/4/22/QD%20492%20PL1.pdf,2026-04-14,False,False,PL1-0586_2_002009.md
PL1-0587,587,2.002044,Thông báo thay đổi thông tin cổ đông sáng lập. thay đổi cổ đông là nhà đầu tư nước ngoài. thông tin về chủ sở hữu hưởng lợi của doanh nghiệp. thông tin để xác định chủ sở hữu hưởng lợi của doanh nghiệp (của công ty cổ phần không phải là công ty niêm yết và công ty đăng ký giao dịch chứng khoán),Thành lập và hoạt động của doanh nghiệp,Sở Tài chính,Toàn trình,Cấp tỉnh,1,22,https://datafiles.hanoi.gov.vn/gov-hni/8123/VanBan/2026/4/22/QD%20492%20PL1.pdf,2026-04-14,False,False,PL1-0587_2_002044.md
PL1-0588,588,2.002069,Đăng ký hoạt động chi nhánh. văn phòng đại diện. thông báo lập địa điểm kinh doanh; thông báo lập chi nhánh. văn phòng đại diện ở nước ngoài,Thành lập và hoạt động của doanh nghiệp,Sở Tài chính,Toàn trình,Cấp tỉnh,1,22,https://datafiles.hanoi.gov.vn/gov-hni/8123/VanBan/2026/4/22/QD%20492%20PL1.pdf,2026-04-14,False,False,PL1-0588_2_002069.md
PL1-0589,589,2.002045,Đăng ký thay đổi nội dung đăng ký hoạt động chi nhánh. văn phòng đại diện. địa điểm kinh doanh,Thành lập và hoạt động của doanh nghiệp,Sở Tài chính,Toàn trình,Cấp tỉnh,1,22,https://datafiles.hanoi.gov.vn/gov-hni/8123/VanBan/2026/4/22/QD%20492%20PL1.pdf,2026-04-14,False,False,PL1-0589_2_002045.md
PL1-0590,590,1.010026,Thông báo thay đổi thông tin cổ đông là nhà đầu tư nước ngoài. thông báo cho thuê doanh nghiệp tư nhân. thông báo thay đổi người đại diện theo ủy quyền của chủ sở hữu. thành viên công ty trách nhiệm hữu hạn là tổ chức. cổ đông là tổ chức nước ngoài,Thành lập và hoạt động của doanh nghiệp,Sở Tài chính,Toàn trình,Cấp tỉnh,1,22,https://datafiles.hanoi.gov.vn/gov-hni/8123/VanBan/2026/4/22/QD%20492%20PL1.pdf,2026-04-14,False,False,PL1-0590_1_010026.md
PL1-0591,591,2.002085,Đăng ký doanh nghiệp đối với các công ty được thành lập trên cơ sở chia công ty. tách công ty. hợp nhất công ty,Thành lập và hoạt động của doanh nghiệp,Sở Tài chính,Toàn trình,Cấp tỉnh,1,22,https://datafiles.hanoi.gov.vn/gov-hni/8123/VanBan/2026/4/22/QD%20492%20PL1.pdf,2026-04-14,False,False,PL1-0591_2_002085.md
PL1-0592,592,2.002060,Đăng ký thay đổi nội dung đăng ký doanh nghiệp đối với công ty nhận sáp nhập (đối với công ty trách nhiệm hữu hạn. công ty cổ phần và công ty hợp danh),Thành lập và hoạt động của doanh nghiệp,Sở Tài chính,Toàn trình,Cấp tỉnh,1,22,https://datafiles.hanoi.gov.vn/gov-hni/8123/VanBan/2026/4/22/QD%20492%20PL1.pdf,2026-04-14,False,False,PL1-0592_2_002060.md
PL1-0593,593,2.002057,Đăng ký thay đổi nội dung đăng ký doanh nghiệp đối với công ty bị tách (đối với công ty trách nhiệm hữu hạn. công ty cổ phần),Thành lập và hoạt động của doanh nghiệp,Sở Tài chính,Toàn trình,Cấp tỉnh,1,22,https://datafiles.hanoi.gov.vn/gov-hni/8123/VanBan/2026/4/22/QD%20492%20PL1.pdf,2026-04-14,False,False,PL1-0593_2_002057.md
PL1-0594,594,2.002034,Chuyển đổi công ty trách nhiệm hữu hạn thành công ty cổ phần và ngược lại,Thành lập và hoạt động của doanh nghiệp,Sở Tài chính,Toàn trình,Cấp tỉnh,1,22,https://datafiles.hanoi.gov.vn/gov-hni/8123/VanBan/2026/4/22/QD%20492%20PL1.pdf,2026-04-14,False,False,PL1-0594_2_002034.md
PL1-0595,595,2.002032,Chuyển đổi doanh nghiệp tư nhân thành công ty hợp danh. công ty trách nhiệm hữu hạn. công ty cổ phần,Thành lập và hoạt động của doanh nghiệp,Sở Tài chính,Toàn trình,Cấp tỉnh,1,22,https://datafiles.hanoi.gov.vn/gov-hni/8123/VanBan/2026/4/22/QD%20492%20PL1.pdf,2026-04-14,False,False,PL1-0595_2_002032.md
PL1-0596,596,2.002033,Chuyển đổi công ty trách nhiệm hữu hạn một thành viên thành công ty trách nhiệm hữu hạn hai thành viên trở lên và ngược lại,Thành lập và hoạt động của doanh nghiệp,Sở Tài chính,Toàn trình,Cấp tỉnh,1,22,https://datafiles.hanoi.gov.vn/gov-hni/8123/VanBan/2026/4/22/QD%20492%20PL1.pdf,2026-04-14,False,False,PL1-0596_2_002033.md
PL1-0597,597,2.002018,Cấp lại Giấy chứng nhận đăng ký doanh nghiệp. Giấy xác nhận về việc thay đổi nội dung đăng ký doanh nghiệp. Giấy chứng nhận đăng ký hoạt động chi nhánh. văn phòng đại diện. Giấy chứng nhận đăng ký địa điểm kinh doanh. Giấy xác nhận về việc thay đổi nội dung đăng ký hoạt động chi nhánh. văn phòng đại diện. địa điểm kinh doanh do bị mất. cháy. rách. nát hoặc bị tiêu hủy dưới hình thức khác,Thành lập và hoạt động của doanh nghiệp,Sở Tài chính,Toàn trình,Cấp tỉnh,1,22,https://datafiles.hanoi.gov.vn/gov-hni/8123/VanBan/2026/4/22/QD%20492%20PL1.pdf,2026-04-14,False,False,PL1-0597_2_002018.md
PL1-0598,598,2.002017,Cấp đổi Giấy chứng nhận đăng ký kinh doanh hoặc Giấy chứng nhận đăng ký kinh doanh và đăng ký thuế sang Giấy chứng nhận đăng ký doanh nghiệp,Thành lập và hoạt động của doanh nghiệp,Sở Tài chính,Toàn trình,Cấp tỉnh,1,22,https://datafiles.hanoi.gov.vn/gov-hni/8123/VanBan/2026/4/22/QD%20492%20PL1.pdf,2026-04-14,False,False,PL1-0598_2_002017.md
PL1-0599,599,2.002015,Cập nhật bổ sung thông tin trong hồ sơ đăng ký doanh nghiệp,Thành lập và hoạt động của doanh nghiệp,Sở Tài chính,Toàn trình,Cấp tỉnh,1,22,https://datafiles.hanoi.gov.vn/gov-hni/8123/VanBan/2026/4/22/QD%20492%20PL1.pdf,2026-04-14,False,False,PL1-0599_2_002015.md
PL1-0600,600,2.002029,Thông báo tạm ngừng kinh doanh. tiếp tục kinh doanh trước thời hạn đã thông báo đối với doanh nghiệp. chi nhánh. địa điểm kinh doanh. thông báo tạm ngừng hoạt động. tiếp tục hoạt động trước thời hạn đã thông báo đối với văn phòng đại diện,Thành lập và hoạt động của doanh nghiệp,Sở Tài chính,Toàn trình,Cấp tỉnh,1,23,https://datafiles.hanoi.gov.vn/gov-hni/8123/VanBan/2026/4/22/QD%20492%20PL1.pdf,2026-04-14,False,False,PL1-0600_2_002029.md
PL1-0601,601,2.002023,Giải thể doanh nghiệp. giải thể trong trường hợp bị thu hồi Giấy chứng nhận đăng ký doanh nghiệp hoặc theo quyết định của Tòa án,Thành lập và hoạt động của doanh nghiệp,Sở Tài chính,Toàn trình,Cấp tỉnh,1,23,https://datafiles.hanoi.gov.vn/gov-hni/8123/VanBan/2026/4/22/QD%20492%20PL1.pdf,2026-04-14,False,False,PL1-0601_2_002023.md
PL1-0602,602,2.002020,Chấm dứt hoạt động chi nhánh. văn phòng đại diện. địa điểm kinh doanh,Thành lập và hoạt động của doanh nghiệp,Sở Tài chính,Toàn trình,Cấp tỉnh,1,23,https://datafiles.hanoi.gov.vn/gov-hni/8123/VanBan/2026/4/22/QD%20492%20PL1.pdf,2026-04-14,False,False,PL1-0602_2_002020.md
PL1-0603,603,2.002016,Hiệu đính thông tin đăng ký doanh nghiệp. hiệu đính thông tin trên Giấy xác nhận về việc thay đổi nội dung đăng ký doanh nghiệp. Giấy chứng nhận đăng ký hoạt động chi nhánh. văn phòng đại diện. Giấy chứng nhận đăng ký địa điểm kinh doanh và các thông tin về đăng ký doanh nghiệp lưu giữ tại Cơ sở dữ liệu quốc gia về đăng ký doanh nghiệp,Thành lập và hoạt động của doanh nghiệp,Sở Tài chính,Toàn trình,Cấp tỉnh,1,23,https://datafiles.hanoi.gov.vn/gov-hni/8123/VanBan/2026/4/22/QD%20492%20PL1.pdf,2026-04-14,False,False,PL1-0603_2_002016.md
PL1-0604,604,2.000368,Thông báo thay đổi nội dung Cam kết thực hiện mục tiêu xã hội. môi trường; chấm dứt Cam kết thực hiện mục tiêu xã hội. môi trường của doanh nghiệp xã hội,Thành lập và hoạt động của doanh nghiệp,Sở Tài chính,Toàn trình,Cấp tỉnh,1,23,https://datafiles.hanoi.gov.vn/gov-hni/8123/VanBan/2026/4/22/QD%20492%20PL1.pdf,2026-04-14,False,False,PL1-0604_2_000368.md
PL1-0605,605,2.000416,Chuyển đổi doanh nghiệp thành doanh nghiệp xã hội,Thành lập và hoạt động của doanh nghiệp,Sở Tài chính,Toàn trình,Cấp tỉnh,1,23,https://datafiles.hanoi.gov.vn/gov-hni/8123/VanBan/2026/4/22/QD%20492%20PL1.pdf,2026-04-14,False,False,PL1-0605_2_000416.md
PL1-0606,606,1.010029,Thông báo về việc sáp nhập công ty trong trường hợp sau sáp nhập công ty. công ty nhận sáp nhập không thay đổi nội dung đăng ký doanh nghiệp,Thành lập và hoạt động của doanh nghiệp,Sở Tài chính,Toàn trình,Cấp tỉnh,1,23,https://datafiles.hanoi.gov.vn/gov-hni/8123/VanBan/2026/4/22/QD%20492%20PL1.pdf,2026-04-14,False,False,PL1-0606_1_010029.md
PL1-0607,607,2.002031,Cấp đổi Giấy phép đầu tư. Giấy chứng nhận đầu tư (đồng thời là Giấy chứng nhận đăng ký kinh doanh) hoặc các giấy tờ có giá trị pháp lý tương đương của doanh nghiệp. chi nhánh. văn phòng đại diện. địa điểm kinh doanh chuyển sang hoạt động theo Giấy chứng nhận đăng ký doanh nghiệp. Giấy chứng nhận đăng ký chi nhánh. Giấy chứng nhận đăng ký địa điểm kinh doanh,Thành lập và hoạt động của doanh nghiệp,Sở Tài chính,Toàn trình,Cấp tỉnh,1,23,https://datafiles.hanoi.gov.vn/gov-hni/8123/VanBan/2026/4/22/QD%20492%20PL1.pdf,2026-04-14,False,False,PL1-0607_2_002031.md
PL1-0608,608,1.005169,Đề nghị doanh nghiệp. chi nhánh. văn phòng đại diện. địa điểm kinh doanh có tên xâm phạm quyền sở hữu công nghiệp thay đổi tên doanh nghiệp,Thành lập và hoạt động của doanh nghiệp,Sở Tài chính,Toàn trình,Cấp tỉnh,1,23,https://datafiles.hanoi.gov.vn/gov-hni/8123/VanBan/2026/4/22/QD%20492%20PL1.pdf,2026-04-14,False,False,PL1-0608_1_005169.md
PL1-0609,609,2.002008,Đề nghị thu hồi Giấy chứng nhận đăng ký doanh nghiệp trường hợp nội dung kê khai trong hồ sơ là giả mạo,Thành lập và hoạt động của doanh nghiệp,Sở Tài chính,Toàn trình,Cấp tỉnh,1,23,https://datafiles.hanoi.gov.vn/gov-hni/8123/VanBan/2026/4/22/QD%20492%20PL1.pdf,2026-04-14,False,False,PL1-0609_2_002008.md
PL1-0610,610,2.002418,Hỗ trợ tư vấn. công nghệ cho doanh nghiệp nhỏ và vừa. hỗ trợ phát triển nguồn nhân lực. hỗ trợ doanh nghiệp nhỏ và vừa khởi nghiệp sáng tạo và tham gia cụm liên kết ngành. chuỗi giá trị,Phát triển doanh nghiệp tư nhân và kinh tế tập thể,Sở Tài chính,Toàn trình,Cấp tỉnh,1,23,https://datafiles.hanoi.gov.vn/gov-hni/8123/VanBan/2026/4/22/QD%20492%20PL1.pdf,2026-04-14,False,False,PL1-0610_2_002418.md
PL1-0611,611,2.001999,Thủ tục hỗ trợ tư vấn. hướng dẫn hồ sơ. thủ tục chuyển đổi hộ kinh doanh thành doanh nghiệp,Phát triển doanh nghiệp tư nhân và kinh tế tập thể,Sở Tài chính,Toàn trình,Cấp tỉnh,1,23,https://datafiles.hanoi.gov.vn/gov-hni/8123/VanBan/2026/4/22/QD%20492%20PL1.pdf,2026-04-14,False,False,PL1-0611_2_001999.md
PL1-0612,612,2.000024,Thông báo thành lập quỹ đầu tư khởi nghiệp sáng tạo,Phát triển doanh nghiệp tư nhân và kinh tế tập thể,Sở Tài chính,Toàn trình,Cấp tỉnh,1,23,https://datafiles.hanoi.gov.vn/gov-hni/8123/VanBan/2026/4/22/QD%20492%20PL1.pdf,2026-04-14,False,False,PL1-0612_2_000024.md
PL1-0613,613,1.000016,Thông báo tăng. giảm vốn góp của quỹ đầu tư khởi nghiệp sáng tạo,Phát triển doanh nghiệp tư nhân và kinh tế tập thể,Sở Tài chính,Toàn trình,Cấp tỉnh,1,23,https://datafiles.hanoi.gov.vn/gov-hni/8123/VanBan/2026/4/22/QD%20492%20PL1.pdf,2026-04-14,False,False,PL1-0613_1_000016.md
PL1-0614,614,2.000005,Thông báo gia hạn thời gian hoạt động quỹ đầu tư khởi nghiệp sáng tạo,Phát triển doanh nghiệp tư nhân và kinh tế tập thể,Sở Tài chính,Toàn trình,Cấp tỉnh,1,23,https://datafiles.hanoi.gov.vn/gov-hni/8123/VanBan/2026/4/22/QD%20492%20PL1.pdf,2026-04-14,False,False,PL1-0614_2_000005.md
PL1-0615,615,2.002005,Thông báo giải thể và kết quả giải thể quỹ đầu tư khởi nghiệp sáng tạo,Phát triển doanh nghiệp tư nhân và kinh tế tập thể,Sở Tài chính,Toàn trình,Cấp tỉnh,1,23,https://datafiles.hanoi.gov.vn/gov-hni/8123/VanBan/2026/4/22/QD%20492%20PL1.pdf,2026-04-14,False,False,PL1-0615_2_002005.md
PL1-0616,616,2.002004,Thông báo chuyển nhượng phần vốn góp của các nhà đầu tư,Phát triển doanh nghiệp tư nhân và kinh tế tập thể,Sở Tài chính,Toàn trình,Cấp tỉnh,1,23,https://datafiles.hanoi.gov.vn/gov-hni/8123/VanBan/2026/4/22/QD%20492%20PL1.pdf,2026-04-14,False,False,PL1-0616_2_002004.md
PL1-0617,617,1.014565,Đăng ký kinh doanh lần đầu. đăng ký thay đổi nội dung đăng ký kinh doanh. đăng ký cấp lại. hiệu đính thông tin đăng ký kinh doanh của tổ chức khoa học công nghệ. chi nhánh của tổ chức khoa học công nghệ,Đăng ký kinh doanh tổ chức khoa học và công nghệ,Sở Tài chính,Toàn trình,Cấp tỉnh,1,23,https://datafiles.hanoi.gov.vn/gov-hni/8123/VanBan/2026/4/22/QD%20492%20PL1.pdf,2026-04-14,False,False,PL1-0617_1_014565.md
PL1-0618,618,1.014566,Đăng ký tạm ngừng kinh doanh. tiếp tục kinh doanh trước thời hạn đã đăng ký. chấm dứt kinh doanh của tổ chức khoa học và công nghệ. chi nhánh của tổ chức khoa học và công nghệ,Đăng ký kinh doanh tổ chức khoa học và công nghệ,Sở Tài chính,Toàn trình,Cấp tỉnh,1,24,https://datafiles.hanoi.gov.vn/gov-hni/8123/VanBan/2026/4/22/QD%20492%20PL1.pdf,2026-04-14,False,False,PL1-0618_1_014566.md
PL1-0619,619,1.014567,Đề nghị thu hồi giấy tờ trong trường hợp có căn cứ xác định nội dung kê khai trong hồ sơ đăng ký kinh doanh của tổ chức khoa học và công nghệ là giả mạo,Đăng ký kinh doanh tổ chức khoa học và công nghệ,Sở Tài chính,Toàn trình,Cấp tỉnh,1,24,https://datafiles.hanoi.gov.vn/gov-hni/8123/VanBan/2026/4/22/QD%20492%20PL1.pdf,2026-04-14,False,False,PL1-0619_1_014567.md
PL1-0620,620,1.009647,Thủ tục điều chỉnh dự án đầu tư đã được cấp Giấy chứng nhận đăng ký đầu tư và không thuộc diện chấp thuận điều chỉnh chủ trương đầu tư (Sở Tài chính thực hiện),Đầu tư tại việt nam,Sở Tài chính,Toàn trình,Cấp tỉnh,1,24,https://datafiles.hanoi.gov.vn/gov-hni/8123/VanBan/2026/4/22/QD%20492%20PL1.pdf,2026-04-14,False,False,PL1-0620_1_009647.md
PL1-0621,621,1.009662,Thủ tục chấm dứt hoạt động của dự án đầu tư đối với dự án đầu tư thuộc thẩm quyền chấp thuận chủ trương đầu tư của UBND cấp tỉnh hoặc Sở Tài chính cấp Giấy chứng nhận đăng ký đầu tư,Đầu tư tại việt nam,Sở Tài chính,Toàn trình,Cấp tỉnh,1,24,https://datafiles.hanoi.gov.vn/gov-hni/8123/VanBan/2026/4/22/QD%20492%20PL1.pdf,2026-04-14,False,False,PL1-0621_1_009662.md
PL1-0622,622,1.009665,Thủ tục cấp lại và hiệu đính thông tin trên Giấy chứng nhận đăng ký đầu tư,Đầu tư tại việt nam,Sở Tài chính,Toàn trình,Cấp tỉnh,1,24,https://datafiles.hanoi.gov.vn/gov-hni/8123/VanBan/2026/4/22/QD%20492%20PL1.pdf,2026-04-14,False,False,PL1-0622_1_009665.md
PL1-0623,623,1.009671,Thủ tục đổi Giấy chứng nhận đăng ký đầu tư,Đầu tư tại việt nam,Sở Tài chính,Toàn trình,Cấp tỉnh,1,24,https://datafiles.hanoi.gov.vn/gov-hni/8123/VanBan/2026/4/22/QD%20492%20PL1.pdf,2026-04-14,False,False,PL1-0623_1_009671.md
PL1-0624,624,1.009729,Thủ tục thực hiện hoạt động đầu tư theo hình thức góp vốn. mua cổ phần. mua phần vốn góp đối với nhà đầu tư nước ngoài (Sở Tài chính thực hiện),Đầu tư tại việt nam,Sở Tài chính,Toàn trình,Cấp tỉnh,1,24,https://datafiles.hanoi.gov.vn/gov-hni/8123/VanBan/2026/4/22/QD%20492%20PL1.pdf,2026-04-14,False,False,PL1-0624_1_009729.md
PL1-0625,625,2.002665,Chuyển đổi công ty nhà nước thành công ty TNHH MTV do Nhà nước nắm giữ 100% vốn điều lệ,Phát triển doanh nghiệp nhà nước,Sở Tài chính,Toàn trình,Cấp tỉnh,1,24,https://datafiles.hanoi.gov.vn/gov-hni/8123/VanBan/2026/4/22/QD%20492%20PL1.pdf,2026-04-14,False,False,PL1-0625_2_002665.md
PL1-0626,626,2.002666,Chuyển đổi công ty con chưa chuyển đổi thành công ty TNHH MTV,Phát triển doanh nghiệp nhà nước,Sở Tài chính,Toàn trình,Cấp tỉnh,1,24,https://datafiles.hanoi.gov.vn/gov-hni/8123/VanBan/2026/4/22/QD%20492%20PL1.pdf,2026-04-14,False,False,PL1-0626_2_002666.md
PL1-0627,627,2.002667,Đăng ký lại chi nhánh. văn phòng đại diện. địa điểm kinh doanh của công ty nhà nước và công ty con chưa chuyển đổi,Phát triển doanh nghiệp nhà nước,Sở Tài chính,Toàn trình,Cấp tỉnh,1,24,https://datafiles.hanoi.gov.vn/gov-hni/8123/VanBan/2026/4/22/QD%20492%20PL1.pdf,2026-04-14,False,False,PL1-0627_2_002667.md
PL1-0628,628,1.002395,Tạm ngừng. đình chỉ hoạt động. chấm dứt kinh doanh tại doanh nghiệp do Nhà nước nắm giữ 100% vốn điều lệ do cơ quan đại diện chủ sở hữu (Uỷ ban nhân dân cấp tỉnh) quyết định thành lập hoặc được giao quản lý,Phát triển doanh nghiệp nhà nước,Sở Tài chính,Toàn trình,Cấp tỉnh,1,24,https://datafiles.hanoi.gov.vn/gov-hni/8123/VanBan/2026/4/22/QD%20492%20PL1.pdf,2026-04-14,False,False,PL1-0628_1_002395.md
PL1-0629,629,1.012507,Cấp chứng chỉ nghiệp vụ chuyên môn về đấu thầu,Quản lý đấu thầu,Sở Tài chính,Toàn trình,Cấp tỉnh,1,24,https://datafiles.hanoi.gov.vn/gov-hni/8123/VanBan/2026/4/22/QD%20492%20PL1.pdf,2026-04-14,False,False,PL1-0629_1_012507.md
PL1-0630,630,3.000291,Thẩm định. phê duyệt. điều chỉnh. bổ sung kế hoạch quản lý. khai thác nhà. đất,Quản lý công sản,Sở Tài chính,Toàn trình,Cấp tỉnh,1,24,https://datafiles.hanoi.gov.vn/gov-hni/8123/VanBan/2026/4/22/QD%20492%20PL1.pdf,2026-04-14,False,False,PL1-0630_3_000291.md
PL1-0631,631,2.000765,Cam kết hỗ trợ vốn cho doanh nghiệp đầu tư vào nông nghiệp. nông thôn theo Nghị định số 57/2018/NĐ-CP ngày 17/4/2018 của Chính phủ (Cấp tỉnh),Hỗ trợ doanh nghiệp đầu tư vào nông nghiệp. nông thôn,Sở Tài chính,Toàn trình,Cấp tỉnh,1,24,https://datafiles.hanoi.gov.vn/gov-hni/8123/VanBan/2026/4/22/QD%20492%20PL1.pdf,2026-04-14,False,False,PL1-0631_2_000765.md
PL1-0632,632,2.002206,Đăng ký mã số đơn vị có quan hệ với ngân sách,Công nghệ thông tin,Sở Tài chính,Toàn trình,Cấp tỉnh,1,24,https://datafiles.hanoi.gov.vn/gov-hni/8123/VanBan/2026/4/22/QD%20492%20PL1.pdf,2026-04-14,False,False,PL1-0632_2_002206.md
PL1-0633,633,1.014316,Hỗ trợ chi phí (đối với dự án ngoài Khu Kinh tế. Khu công nghiệp. Khu Công nghệ cao),Hỗ trợ đầu tư,Sở Tài chính,Toàn trình,Cấp tỉnh,1,24,https://datafiles.hanoi.gov.vn/gov-hni/8123/VanBan/2026/4/22/QD%20492%20PL1.pdf,2026-04-14,False,False,PL1-0633_1_014316.md
PL1-0634,634,2.002842,Đề nghị hoàn trả số tiền thuê lại đất mà chủ đầu tư đã giảm cho doanh nghiệp công nghệ cao thuộc khu vực kinh tế tư nhân. doanh nghiệp nhỏ và vừa. doanh nghiệp khởi nghiệp sáng tạo thuê đất. thuê lại đất tại khu công nghiệp. cụm công nghiệp. vườn ươm công nghệ,Hỗ trợ doanh nghiệp,Sở Tài chính,Toàn trình,Cấp tỉnh,1,24,https://datafiles.hanoi.gov.vn/gov-hni/8123/VanBan/2026/4/22/QD%20492%20PL1.pdf,2026-04-14,False,False,PL1-0634_2_002842.md
PL1-0635,635,1.014736,Lựa chọn. phê duyệt dự án phát triển sản xuất liên kết theo chuỗi giá trị,Quản lý các chương trình mục tiêu quốc gia,Sở Tài chính,Toàn trình,Cấp tỉnh và cấp xã,1,24,https://datafiles.hanoi.gov.vn/gov-hni/8123/VanBan/2026/4/22/QD%20492%20PL1.pdf,2026-04-14,False,False,PL1-0635_1_014736.md
PL1-0636,636,2.002648,Hiệu đính. cập nhật. bổ sung thông tin đăng ký hợp tác xã. liên hiệp hợp tác xã. chi nhánh. văn phòng đại diện. địa điểm kinh doanh của hợp tác xã. liên hiệp hợp tác xã,Thành lập và hoạt động của tổ hợp tác. hợp tác xã. liên hiệp hợp tác xã (Bộ Tài chính),Sở Tài chính,Toàn trình,Cấp xã,1,24,https://datafiles.hanoi.gov.vn/gov-hni/8123/VanBan/2026/4/22/QD%20492%20PL1.pdf,2026-04-14,False,False,PL1-0636_2_002648.md
PL1-0637,637,2.002649,Thông báo bổ sung. cập nhật thông tin trong hồ sơ đăng ký hợp tác xã. liên hiệp hợp tác xã,Thành lập và hoạt động của tổ hợp tác. hợp tác xã. liên hiệp hợp tác xã (Bộ Tài chính),Sở Tài chính,Toàn trình,Cấp xã,1,24,https://datafiles.hanoi.gov.vn/gov-hni/8123/VanBan/2026/4/22/QD%20492%20PL1.pdf,2026-04-14,False,False,PL1-0637_2_002649.md
PL1-0638,638,2.002641,Thông báo tạm ngừng kinh doanh. tiếp tục kinh doanh trở lại đối với tổ hợp tác. hợp tác xã. liên hiệp hợp tác xã. chi nhánh. văn phòng đại diện. địa điểm kinh doanh,Thành lập và hoạt động của tổ hợp tác. hợp tác xã. liên hiệp hợp tác xã (Bộ Tài chính),Sở Tài chính,Toàn trình,Cấp xã,1,25,https://datafiles.hanoi.gov.vn/gov-hni/8123/VanBan/2026/4/22/QD%20492%20PL1.pdf,2026-04-14,False,False,PL1-0638_2_002641.md
PL1-0639,639,2.002640,Hiệu đính. cập nhật. bổ sung thông tin đăng ký tổ hợp tác,Thành lập và hoạt động của tổ hợp tác. hợp tác xã. liên hiệp hợp tác xã (Bộ Tài chính),Sở Tài chính,Toàn trình,Cấp xã,1,25,https://datafiles.hanoi.gov.vn/gov-hni/8123/VanBan/2026/4/22/QD%20492%20PL1.pdf,2026-04-14,False,False,PL1-0639_2_002640.md
PL1-0640,640,2.002639,Đăng ký thay đổi nội dung đăng ký tổ hợp tác,Thành lập và hoạt động của tổ hợp tác. hợp tác xã. liên hiệp hợp tác xã (Bộ Tài chính),Sở Tài chính,Toàn trình,Cấp xã,1,25,https://datafiles.hanoi.gov.vn/gov-hni/8123/VanBan/2026/4/22/QD%20492%20PL1.pdf,2026-04-14,False,False,PL1-0640_2_002639.md
PL1-0641,641,2.002643,Dừng thực hiện thủ tục đăng ký hợp tác xã. liên hiệp hợp tác xã; Dừng thực hiện thủ tục giải thể hợp tác xã. liên hiệp hợp tác xã,Thành lập và hoạt động của tổ hợp tác. hợp tác xã. liên hiệp hợp tác xã (Bộ Tài chính),Sở Tài chính,Toàn trình,Cấp xã,1,25,https://datafiles.hanoi.gov.vn/gov-hni/8123/VanBan/2026/4/22/QD%20492%20PL1.pdf,2026-04-14,False,False,PL1-0641_2_002643.md
PL1-0642,642,2.002642,Chấm dứt hoạt động tổ hợp tác,Thành lập và hoạt động của tổ hợp tác. hợp tác xã. liên hiệp hợp tác xã (Bộ Tài chính),Sở Tài chính,Toàn trình,Cấp xã,1,25,https://datafiles.hanoi.gov.vn/gov-hni/8123/VanBan/2026/4/22/QD%20492%20PL1.pdf,2026-04-14,False,False,PL1-0642_2_002642.md
PL1-0643,643,2.002638,Cấp lại Giấy chứng nhận đăng ký tổ hợp tác/ Giấy chứng nhận đăng ký hợp tác xã/ Giấy chứng nhận đăng ký hoạt động chi nhánh. văn phòng đại diện/ Giấy chứng nhận đăng ký địa điểm kinh doanh của hợp tác xã. liên hiệp hợp tác xã do bị mất. cháy. rách. nát hoặc bị tiêu hủy,Thành lập và hoạt động của tổ hợp tác. hợp tác xã. liên hiệp hợp tác xã (Bộ Tài chính),Sở Tài chính,Toàn trình,Cấp xã,1,25,https://datafiles.hanoi.gov.vn/gov-hni/8123/VanBan/2026/4/22/QD%20492%20PL1.pdf,2026-04-14,False,False,PL1-0643_2_002638.md
PL1-0644,644,2.002636,Đề nghị thu hồi Giấy chứng nhận đăng ký tổ hợp tác. Giấy chứng nhận đăng ký hợp tác xã. Giấy chứng nhận đăng ký chi nhánh. văn phòng đại diện đối với trường hợp nội dung kê khai trong hồ sơ đăng ký thành lập là giả mạo,Thành lập và hoạt động của tổ hợp tác. hợp tác xã. liên hiệp hợp tác xã (Bộ Tài chính),Sở Tài chính,Toàn trình,Cấp xã,1,25,https://datafiles.hanoi.gov.vn/gov-hni/8123/VanBan/2026/4/22/QD%20492%20PL1.pdf,2026-04-14,False,False,PL1-0644_2_002636.md
PL1-0645,645,2.002637,Đăng ký thành lập tổ hợp tác; đăng ký tổ hợp tác trong trường hợp đã được thành lập trước ngày Luật Hợp tác xã có hiệu lực thi hành. thuộc đối tượng phải đăng ký theo quy định tại khoản 2 Điều 107 Luật Hợp tác xã 2023,Thành lập và hoạt động của tổ hợp tác. hợp tác xã. liên hiệp hợp tác xã (Bộ Tài chính),Sở Tài chính,Toàn trình,Cấp xã,1,25,https://datafiles.hanoi.gov.vn/gov-hni/8123/VanBan/2026/4/22/QD%20492%20PL1.pdf,2026-04-14,False,False,PL1-0645_2_002637.md
PL1-0646,646,2.002635,Đề nghị thay đổi tên tổ hợp tác. hợp tác xã. liên hiệp hợp tác xã. chi nhánh. văn phòng đại diện. địa điểm kinh doanh của hợp tác xã. liên hiệp hợp tác xã do xâm phạm quyền sở hữu công nghiệp,Thành lập và hoạt động của tổ hợp tác. hợp tác xã. liên hiệp hợp tác xã (Bộ Tài chính),Sở Tài chính,Toàn trình,Cấp xã,1,25,https://datafiles.hanoi.gov.vn/gov-hni/8123/VanBan/2026/4/22/QD%20492%20PL1.pdf,2026-04-14,False,False,PL1-0646_2_002635.md
PL1-0647,647,1.004901,Cấp đổi Giấy chứng nhận đăng ký hợp tác xã. liên hiệp hợp tác xã,Thành lập và hoạt động của tổ hợp tác. hợp tác xã. liên hiệp hợp tác xã (Bộ Tài chính),Sở Tài chính,Toàn trình,Cấp xã,1,25,https://datafiles.hanoi.gov.vn/gov-hni/8123/VanBan/2026/4/22/QD%20492%20PL1.pdf,2026-04-14,False,False,PL1-0647_1_004901.md
PL1-0648,648,1.005010,Chấm dứt hoạt động chi nhánh. văn phòng đại diện. địa điểm kinh doanh của hợp tác xã. liên hiệp hợp tác xã,Thành lập và hoạt động của tổ hợp tác. hợp tác xã. liên hiệp hợp tác xã (Bộ Tài chính),Sở Tài chính,Toàn trình,Cấp xã,1,25,https://datafiles.hanoi.gov.vn/gov-hni/8123/VanBan/2026/4/22/QD%20492%20PL1.pdf,2026-04-14,False,False,PL1-0648_1_005010.md
PL1-0649,649,2.001958,Thông báo về việc thành lập doanh nghiệp của hợp tác xã. liên hiệp hợp tác xã,Thành lập và hoạt động của tổ hợp tác. hợp tác xã. liên hiệp hợp tác xã (Bộ Tài chính),Sở Tài chính,Toàn trình,Cấp xã,1,26,https://datafiles.hanoi.gov.vn/gov-hni/8123/VanBan/2026/4/22/QD%20492%20PL1.pdf,2026-04-14,False,False,PL1-0649_2_001958.md
PL1-0650,650,1.004979,Thông báo thay đổi nội dung đăng ký hợp tác xã. liên hiệp hợp tác xã; Thông báo thay đổi nội dung đăng ký đối với hợp tác xã. liên hiệp hợp tác xã bị tách. nhận sáp nhập,Thành lập và hoạt động của tổ hợp tác. hợp tác xã. liên hiệp hợp tác xã (Bộ Tài chính),Sở Tài chính,Toàn trình,Cấp xã,1,26,https://datafiles.hanoi.gov.vn/gov-hni/8123/VanBan/2026/4/22/QD%20492%20PL1.pdf,2026-04-14,False,False,PL1-0650_1_004979.md
PL1-0651,651,1.004982,Đăng ký giải thể hợp tác xã. liên hiệp hợp tác xã,Thành lập và hoạt động của tổ hợp tác. hợp tác xã. liên hiệp hợp tác xã (Bộ Tài chính),Sở Tài chính,Toàn trình,Cấp xã,1,26,https://datafiles.hanoi.gov.vn/gov-hni/8123/VanBan/2026/4/22/QD%20492%20PL1.pdf,2026-04-14,False,False,PL1-0651_1_004982.md
PL1-0652,652,1.005378,Đăng ký thay đổi nội dung đăng ký hoạt động của chi nhánh. văn phòng đại diện. địa điểm kinh doanh của hợp tác xã. liên hiệp hợp tác xã,Thành lập và hoạt động của tổ hợp tác. hợp tác xã. liên hiệp hợp tác xã (Bộ Tài chính),Sở Tài chính,Toàn trình,Cấp xã,1,26,https://datafiles.hanoi.gov.vn/gov-hni/8123/VanBan/2026/4/22/QD%20492%20PL1.pdf,2026-04-14,False,False,PL1-0652_1_005378.md
PL1-0653,653,1.005277,Đăng ký thay đổi nội dung đăng ký hợp tác xã. liên hiệp hợp tác xã; Đăng ký thay đổi nội dung đối với trường hợp hợp tác xã. liên hiệp hợp tác xã bị tách. nhận sáp nhập,Thành lập và hoạt động của tổ hợp tác. hợp tác xã. liên hiệp hợp tác xã (Bộ Tài chính),Sở Tài chính,Toàn trình,Cấp xã,1,26,https://datafiles.hanoi.gov.vn/gov-hni/8123/VanBan/2026/4/22/QD%20492%20PL1.pdf,2026-04-14,False,False,PL1-0653_1_005277.md
PL1-0654,654,2.002123,Đăng ký hoạt động chi nhánh. văn phòng đại diện. thông báo địa điểm kinh doanh; Thông báo lập chi nhánh. văn phòng đại diện ở nước ngoài của hợp tác xã. liên hiệp hợp tác xã,Thành lập và hoạt động của tổ hợp tác. hợp tác xã. liên hiệp hợp tác xã (Bộ Tài chính),Sở Tài chính,Toàn trình,Cấp xã,1,26,https://datafiles.hanoi.gov.vn/gov-hni/8123/VanBan/2026/4/22/QD%20492%20PL1.pdf,2026-04-14,False,False,PL1-0654_2_002123.md
PL1-0655,655,1.005280,Đăng ký thành lập hợp tác xã. liên hiệp hợp tác xã; đăng ký chuyển đổi tổ hợp tác thành hợp tác xã; đăng ký khi hợp tác xã. liên hiệp hợp tác xã chia. tách. hợp nhất,Thành lập và hoạt động của tổ hợp tác. hợp tác xã. liên hiệp hợp tác xã (Bộ Tài chính),Sở Tài chính,Toàn trình,Cấp xã,1,26,https://datafiles.hanoi.gov.vn/gov-hni/8123/VanBan/2026/4/22/QD%20492%20PL1.pdf,2026-04-14,False,False,PL1-0655_1_005280.md
PL1-0656,656,1.014034,Đăng ký cập nhật. bổ sung thông tin trong hồ sơ đăng ký hộ kinh doanh. hiệu đính thông tin đăng ký hộ kinh doanh,Thành lập và hoạt động của hộ kinh doanh,Sở Tài chính,Toàn trình,Cấp xã,1,26,https://datafiles.hanoi.gov.vn/gov-hni/8123/VanBan/2026/4/22/QD%20492%20PL1.pdf,2026-04-14,False,False,PL1-0656_1_014034.md
PL1-0657,657,1.014035,Dừng thực hiện thủ tục đăng ký hộ kinh doanh,Thành lập và hoạt động của hộ kinh doanh,Sở Tài chính,Toàn trình,Cấp xã,1,26,https://datafiles.hanoi.gov.vn/gov-hni/8123/VanBan/2026/4/22/QD%20492%20PL1.pdf,2026-04-14,False,False,PL1-0657_1_014035.md
PL1-0658,658,2.000575,Cấp lại Giấy chứng nhận đăng ký hộ kinh doanh,Thành lập và hoạt động của hộ kinh doanh,Sở Tài chính,Toàn trình,Cấp xã,1,26,https://datafiles.hanoi.gov.vn/gov-hni/8123/VanBan/2026/4/22/QD%20492%20PL1.pdf,2026-04-14,False,False,PL1-0658_2_000575.md
PL1-0659,659,1.001266,Chấm dứt hoạt động hộ kinh doanh,Thành lập và hoạt động của hộ kinh doanh,Sở Tài chính,Toàn trình,Cấp xã,1,26,https://datafiles.hanoi.gov.vn/gov-hni/8123/VanBan/2026/4/22/QD%20492%20PL1.pdf,2026-04-14,False,False,PL1-0659_1_001266.md
PL1-0660,660,1.001570,Tạm ngừng kinh doanh. tiếp tục kinh doanh trước thời hạn đã thông báo của hộ kinh doanh,Thành lập và hoạt động của hộ kinh doanh,Sở Tài chính,Toàn trình,Cấp xã,1,26,https://datafiles.hanoi.gov.vn/gov-hni/8123/VanBan/2026/4/22/QD%20492%20PL1.pdf,2026-04-14,False,False,PL1-0660_1_001570.md
PL1-0661,661,2.000720,Đăng ký thay đổi nội dung đăng ký hộ kinh doanh,Thành lập và hoạt động của hộ kinh doanh,Sở Tài chính,Toàn trình,Cấp xã,1,26,https://datafiles.hanoi.gov.vn/gov-hni/8123/VanBan/2026/4/22/QD%20492%20PL1.pdf,2026-04-14,False,False,PL1-0661_2_000720.md
PL1-0662,662,1.001612,Đăng ký thành lập hộ kinh doanh,Thành lập và hoạt động của hộ kinh doanh,Sở Tài chính,Toàn trình,Cấp xã,1,26,https://datafiles.hanoi.gov.vn/gov-hni/8123/VanBan/2026/4/22/QD%20492%20PL1.pdf,2026-04-14,False,False,PL1-0662_1_001612.md
PL1-0663,663,1.014737,Lựa chọn. phê duyệt dự án phát triển sản xuất cộng đồng,Quản lý các chương trình mục tiêu quốc gia,Sở Tài chính,Toàn trình,Cấp xã,1,26,https://datafiles.hanoi.gov.vn/gov-hni/8123/VanBan/2026/4/22/QD%20492%20PL1.pdf,2026-04-14,False,False,PL1-0663_1_014737.md
PL1-0664,664,3.000410,Quyết định xác lập quyền sở hữu toàn dân đối với tài sản không có người thừa kế,Quản lý công sản (Bộ Tài chính),Sở Tài chính,Toàn trình,Cấp tỉnh và cấp xã,1,26,https://datafiles.hanoi.gov.vn/gov-hni/8123/VanBan/2026/4/22/QD%20492%20PL1.pdf,2026-04-14,False,False,PL1-0664_3_000410.md
PL1-0665,665,1.009759,Thủ tục điều chỉnh dự án đầu tư thuộc thẩm quyền chấp thuận chủ trương đầu tư của Ban Quản lý các KCN cao và KCN (Ban Quản lýKCN cao và KCN thực hiện),Đầu tư tại Việt Nam,Sở Tài chính,Toàn trình,Cấp tỉnh,1,27,https://datafiles.hanoi.gov.vn/gov-hni/8123/VanBan/2026/4/22/QD%20492%20PL1.pdf,2026-04-14,False,False,PL1-0665_1_009759.md
PL1-0666,666,1.009756,Thủ tục cấp Giấy chứng nhận đăng ký đầu tư đối với dự án không thuộc diện chấp thuận chủ trương đầu tư (Ban Quản lý KCN cao và KCN thực hiện),Đầu tư tại Việt Nam,Sở Tài chính,Toàn trình,Cấp tỉnh,1,27,https://datafiles.hanoi.gov.vn/gov-hni/8123/VanBan/2026/4/22/QD%20492%20PL1.pdf,2026-04-14,False,False,PL1-0666_1_009756.md
PL1-0667,667,1.001117,Cấp lại Giấy đăng ký hoạt động của Văn phòng giám định tư pháp trong trường hợp Giấy đăng ký hoạt động bị hư hỏng hoặc bị mất,Giám định tư pháp,Sở Tư pháp,Toàn trình,Cấp tỉnh,1,27,https://datafiles.hanoi.gov.vn/gov-hni/8123/VanBan/2026/4/22/QD%20492%20PL1.pdf,2026-04-14,False,False,PL1-0667_1_001117.md
PL1-0668,668,1.008908,Cấp lại Giấy phép thành lập Trung tâm hòa giải thương mại. Giấy phép thành lập chi nhánh. văn phòng đại diện của tổ chức hòa giải thương mại nước ngoài tại Việt Nam,Hòa giải thương mại,Sở Tư pháp,Toàn trình,Cấp tỉnh,1,27,https://datafiles.hanoi.gov.vn/gov-hni/8123/VanBan/2026/4/22/QD%20492%20PL1.pdf,2026-04-14,False,False,PL1-0668_1_008908.md
PL1-0669,669,1.013849,Chuyển đổi Văn phòng công chứng theo loại hình doanh nghiệp tư nhân thành Văn phòng công chứng theo loại hình công ty hợp danh,Công chứng,Sở Tư pháp,Toàn trình,Cấp tỉnh,1,27,https://datafiles.hanoi.gov.vn/gov-hni/8123/VanBan/2026/4/22/QD%20492%20PL1.pdf,2026-04-14,False,False,PL1-0669_1_013849.md
PL1-0670,670,1.003198,Cấp giấy xác nhận công dân Việt Nam ở trong nước đủ điều kiện nhận trẻ em nước ngoài làm con nuôi,Nuôi con nuôi,Sở Tư pháp,Toàn trình,Cấp tỉnh,1,27,https://datafiles.hanoi.gov.vn/gov-hni/8123/VanBan/2026/4/22/QD%20492%20PL1.pdf,2026-04-14,False,False,PL1-0670_1_003198.md
PL1-0671,671,1.008921,Công nhận tương đương đào tạo nghề Thừa phát lại ở nước ngoài,Thừa phát lại,Sở Tư pháp,Toàn trình,Cấp tỉnh,1,27,https://datafiles.hanoi.gov.vn/gov-hni/8123/VanBan/2026/4/22/QD%20492%20PL1.pdf,2026-04-14,False,False,PL1-0671_1_008921.md
PL1-0672,672,2.001117,Cấp lại chứng chỉ hành nghề Quản tài viên trong trường hợp chứng chỉ bị mất hoặc bị hư hỏng không thể sử dụng được,Quản tài viên,Sở Tư pháp,Toàn trình,Cấp tỉnh,1,27,https://datafiles.hanoi.gov.vn/gov-hni/8123/VanBan/2026/4/22/QD%20492%20PL1.pdf,2026-04-14,False,False,PL1-0672_2_001117.md
PL1-0673,673,2.001130,Cấp chứng chỉ hành nghề Quản tài viên đối với người đề nghị là công dân Việt Nam,Quản tài viên,Sở Tư pháp,Toàn trình,Cấp tỉnh,1,27,https://datafiles.hanoi.gov.vn/gov-hni/8123/VanBan/2026/4/22/QD%20492%20PL1.pdf,2026-04-14,False,False,PL1-0673_2_001130.md
PL1-0674,674,1.001928,Công nhận đào tạo nghề luật sư ở nước ngoài,Luật sư,Sở Tư pháp,Toàn trình,Cấp tỉnh,1,27,https://datafiles.hanoi.gov.vn/gov-hni/8123/VanBan/2026/4/22/QD%20492%20PL1.pdf,2026-04-14,False,False,PL1-0674_1_001928.md
PL1-0675,675,1.002681,Cấp chứng chỉ hành nghề Quản tài viên đối với người đề nghị là luật sư nước ngoài. kiểm toán viên là người nước ngoài,Quản tài viên,Sở Tư pháp,Toàn trình,Cấp tỉnh,1,27,https://datafiles.hanoi.gov.vn/gov-hni/8123/VanBan/2026/4/22/QD%20492%20PL1.pdf,2026-04-14,False,False,PL1-0675_1_002681.md
PL1-0676,676,1.008888,Cấp lại Giấy phép thành lập của Trung tâm trọng tài. Chi nhánh. Văn phòng đại diện của Tổ chức trọng tài nước ngoài tại Việt Nam,Trọng tài thương mại,Sở Tư pháp,Toàn trình,Cấp tỉnh,1,27,https://datafiles.hanoi.gov.vn/gov-hni/8123/VanBan/2026/4/22/QD%20492%20PL1.pdf,2026-04-14,False,False,PL1-0676_1_008888.md
PL1-0677,677,1.013848,Thay đổi nội dung đăng ký hoạt động của Văn phòng công chứng nhận chuyển nhượng vốn góp,Công chứng,Sở Tư pháp,Toàn trình,Cấp tỉnh,1,27,https://datafiles.hanoi.gov.vn/gov-hni/8123/VanBan/2026/4/22/QD%20492%20PL1.pdf,2026-04-14,False,False,PL1-0677_1_013848.md
PL1-0678,678,1.013846,Chuyển nhượng toàn bộ phần vốn góp của toàn bộ thành viên hợp danh của Văn phòng công chứng,Công chứng,Sở Tư pháp,Toàn trình,Cấp tỉnh,1,27,https://datafiles.hanoi.gov.vn/gov-hni/8123/VanBan/2026/4/22/QD%20492%20PL1.pdf,2026-04-14,False,False,PL1-0678_1_013846.md
PL1-0679,679,1.013835,Đăng ký hoạt động Văn phòng công chứng,Công chứng,Sở Tư pháp,Toàn trình,Cấp tỉnh,1,27,https://datafiles.hanoi.gov.vn/gov-hni/8123/VanBan/2026/4/22/QD%20492%20PL1.pdf,2026-04-14,False,False,PL1-0679_1_013835.md
PL1-0680,680,1.013832,Thu hồi Thẻ công chứng viên,Công chứng,Sở Tư pháp,Toàn trình,Cấp tỉnh,1,27,https://datafiles.hanoi.gov.vn/gov-hni/8123/VanBan/2026/4/22/QD%20492%20PL1.pdf,2026-04-14,False,False,PL1-0680_1_013832.md
PL1-0681,681,1.008614,Thu hồi chứng chỉ hành nghề luật sư,Luật sư,Sở Tư pháp,Toàn trình,Cấp tỉnh,1,27,https://datafiles.hanoi.gov.vn/gov-hni/8123/VanBan/2026/4/22/QD%20492%20PL1.pdf,2026-04-14,False,False,PL1-0681_1_008614.md
PL1-0682,682,1.013837,Cấp lại Giấy đăng ký hoạt động cho Văn phòng công chứng do bị mất. hỏng,Công chứng,Sở Tư pháp,Toàn trình,Cấp tỉnh,1,27,https://datafiles.hanoi.gov.vn/gov-hni/8123/VanBan/2026/4/22/QD%20492%20PL1.pdf,2026-04-14,False,False,PL1-0682_1_013837.md
PL1-0683,683,1.013834,Thành lập Văn phòng công chứng,Công chứng,Sở Tư pháp,Toàn trình,Cấp tỉnh,1,27,https://datafiles.hanoi.gov.vn/gov-hni/8123/VanBan/2026/4/22/QD%20492%20PL1.pdf,2026-04-14,False,False,PL1-0683_1_013834.md
PL1-0684,684,1.013818,Đăng ký tham dự kiểm tra kết quả tập sự hành nghề công chứng,Công chứng,Sở Tư pháp,Toàn trình,Cấp tỉnh,1,27,https://datafiles.hanoi.gov.vn/gov-hni/8123/VanBan/2026/4/22/QD%20492%20PL1.pdf,2026-04-14,False,False,PL1-0684_1_013818.md
PL1-0685,685,1.013816,Chấm dứt tập sự hành nghề công chứng,Công chứng,Sở Tư pháp,Toàn trình,Cấp tỉnh,1,27,https://datafiles.hanoi.gov.vn/gov-hni/8123/VanBan/2026/4/22/QD%20492%20PL1.pdf,2026-04-14,False,False,PL1-0685_1_013816.md
PL1-0686,686,1.013810,Thay đổi nơi tập sự hành nghề công chứng từ tổ chức hành nghề công chứng này sang tổ chức hành nghề công chứng khác trong cùng một tỉnh. thành phố trực thuộc Trung ương,Công chứng,Sở Tư pháp,Toàn trình,Cấp tỉnh,1,27,https://datafiles.hanoi.gov.vn/gov-hni/8123/VanBan/2026/4/22/QD%20492%20PL1.pdf,2026-04-14,False,False,PL1-0686_1_013810.md
PL1-0687,687,1.013808,Đăng ký tập sự lại hành nghề công chứng sau khi chấm dứt tập sự hành nghề công chứng,Công chứng,Sở Tư pháp,Toàn trình,Cấp tỉnh,1,27,https://datafiles.hanoi.gov.vn/gov-hni/8123/VanBan/2026/4/22/QD%20492%20PL1.pdf,2026-04-14,False,False,PL1-0687_1_013808.md
PL1-0688,688,1.013806,Công nhận tương đương đối với người được đào tạo nghề công chứng ở nước ngoài,Công chứng,Sở Tư pháp,Toàn trình,Cấp tỉnh,1,27,https://datafiles.hanoi.gov.vn/gov-hni/8123/VanBan/2026/4/22/QD%20492%20PL1.pdf,2026-04-14,False,False,PL1-0688_1_013806.md
PL1-0689,689,1.001609,Thay đổi nội dung Giấy phép thành lập của Chi nhánh của Tổ chức trọng tài nước ngoài tại Việt Nam,Trọng tài thương mại,Sở Tư pháp,Toàn trình,Cấp tỉnh,1,27,https://datafiles.hanoi.gov.vn/gov-hni/8123/VanBan/2026/4/22/QD%20492%20PL1.pdf,2026-04-14,False,False,PL1-0689_1_001609.md
PL1-0690,690,1.008886,Cấp Giấy phép thành lập Chi nhánh. Văn phòng đại diện của Tổ chức trọng tài nước ngoài tại Việt Nam,Trọng tài thương mại,Sở Tư pháp,Toàn trình,Cấp tỉnh,1,27,https://datafiles.hanoi.gov.vn/gov-hni/8123/VanBan/2026/4/22/QD%20492%20PL1.pdf,2026-04-14,False,False,PL1-0690_1_008886.md
PL1-0691,691,2.000819,Thay đổi nội dung Giấy phép thành lập của Trung tâm Trọng tài,Trọng tài thương mại,Sở Tư pháp,Toàn trình,Cấp tỉnh,1,27,https://datafiles.hanoi.gov.vn/gov-hni/8123/VanBan/2026/4/22/QD%20492%20PL1.pdf,2026-04-14,False,False,PL1-0691_2_000819.md
PL1-0692,692,1.013856,Công nhận Điều lệ của Văn phòng công chứng được thành lập trước ngày 01/7/2025,Công chứng,Sở Tư pháp,Toàn trình,Cấp tỉnh,1,27,https://datafiles.hanoi.gov.vn/gov-hni/8123/VanBan/2026/4/22/QD%20492%20PL1.pdf,2026-04-14,False,False,PL1-0692_1_013856.md
PL1-0693,693,1.013853,Thay đổi nội dung đăng ký hoạt động của Văn phòng công chứng được bán,Công chứng,Sở Tư pháp,Toàn trình,Cấp tỉnh,1,27,https://datafiles.hanoi.gov.vn/gov-hni/8123/VanBan/2026/4/22/QD%20492%20PL1.pdf,2026-04-14,False,False,PL1-0693_1_013853.md
PL1-0694,694,1.013852,Bán Văn phòng công chứng theo loại hình doanh nghiệp tư nhân,Công chứng,Sở Tư pháp,Toàn trình,Cấp tỉnh,1,27,https://datafiles.hanoi.gov.vn/gov-hni/8123/VanBan/2026/4/22/QD%20492%20PL1.pdf,2026-04-14,False,False,PL1-0694_1_013852.md
PL1-0695,695,1.013843,Thay đổi nội dung đăng ký hoạt động của Văn phòng công chứng nhận sáp nhập,Công chứng,Sở Tư pháp,Toàn trình,Cấp tỉnh,1,27,https://datafiles.hanoi.gov.vn/gov-hni/8123/VanBan/2026/4/22/QD%20492%20PL1.pdf,2026-04-14,False,False,PL1-0695_1_013843.md
PL1-0696,696,1.013836,Thay đổi nội dung đăng ký hoạt động của Văn phòng công chứng,Công chứng,Sở Tư pháp,Toàn trình,Cấp tỉnh,1,27,https://datafiles.hanoi.gov.vn/gov-hni/8123/VanBan/2026/4/22/QD%20492%20PL1.pdf,2026-04-14,False,False,PL1-0696_1_013836.md
PL1-0697,697,1.013859,Cấp thẻ công chứng viên,Công chứng,Sở Tư pháp,Toàn trình,Cấp tỉnh,1,27,https://datafiles.hanoi.gov.vn/gov-hni/8123/VanBan/2026/4/22/QD%20492%20PL1.pdf,2026-04-14,False,False,PL1-0697_1_013859.md
PL1-0698,698,1.013812,Thay đổi nơi tập sự hành nghề công chứng từ tổ chức hành nghề công chứng tại tỉnh. thành phố trực thuộc Trung ương này sang tổ chức hành nghề công chứng tại tỉnh. thành phố trực thuộc Trung ương khác,Công chứng,Sở Tư pháp,Toàn trình,Cấp tỉnh,1,27,https://datafiles.hanoi.gov.vn/gov-hni/8123/VanBan/2026/4/22/QD%20492%20PL1.pdf,2026-04-14,False,False,PL1-0698_1_013812.md
PL1-0699,699,1.013803,Bổ nhiệm công chứng viên,Công chứng,Sở Tư pháp,Toàn trình,Cấp tỉnh,1,27,https://datafiles.hanoi.gov.vn/gov-hni/8123/VanBan/2026/4/22/QD%20492%20PL1.pdf,2026-04-14,False,False,PL1-0699_1_013803.md
PL1-0700,700,1.008887,Chấm dứt hoạt động Chi nhánh. Văn phòng đại diện của Tổ chức trọng tài nước ngoài tại Việt Nam trong trường hợp Chi nhánh. Văn phòng đại diện của Tổ chức trọng tài nước ngoài bị chấm dứt hoạt động theo quyết định của Tổ chức trọng tài nước ngoài hoặc Tổ chức trọng tài nước ngoài thành lập Chi nhánh. Văn phòng đại diện tại Việt Nam đã chấm dứt hoạt động ở nước ngoài,Trọng tài thương mại,Sở Tư pháp,Toàn trình,Cấp tỉnh,1,28,https://datafiles.hanoi.gov.vn/gov-hni/8123/VanBan/2026/4/22/QD%20492%20PL1.pdf,2026-04-14,False,False,PL1-0700_1_008887.md
PL1-0701,701,2.000822,Thành lập. đăng ký hoạt động Trung tâm trọng tài,Trọng tài thương mại,Sở Tư pháp,Toàn trình,Cấp tỉnh,1,28,https://datafiles.hanoi.gov.vn/gov-hni/8123/VanBan/2026/4/22/QD%20492%20PL1.pdf,2026-04-14,False,False,PL1-0701_2_000822.md
PL1-0702,702,1.013842,Sáp nhập Văn phòng công chứng theo loại hình công ty hợp danh,Công chứng,Sở Tư pháp,Toàn trình,Cấp tỉnh,1,28,https://datafiles.hanoi.gov.vn/gov-hni/8123/VanBan/2026/4/22/QD%20492%20PL1.pdf,2026-04-14,False,False,PL1-0702_1_013842.md
PL1-0703,703,1.013840,Đăng ký hoạt động Văn phòng công chứng hợp nhất,Công chứng,Sở Tư pháp,Toàn trình,Cấp tỉnh,1,28,https://datafiles.hanoi.gov.vn/gov-hni/8123/VanBan/2026/4/22/QD%20492%20PL1.pdf,2026-04-14,False,False,PL1-0703_1_013840.md
PL1-0704,704,1.013839,Hợp nhất Văn phòng công chứng theo loại hình công ty hợp danh,Công chứng,Sở Tư pháp,Toàn trình,Cấp tỉnh,1,28,https://datafiles.hanoi.gov.vn/gov-hni/8123/VanBan/2026/4/22/QD%20492%20PL1.pdf,2026-04-14,False,False,PL1-0704_1_013839.md
PL1-0705,705,1.013830,Cấp lại Thẻ công chứng viên,Công chứng,Sở Tư pháp,Toàn trình,Cấp tỉnh,1,28,https://datafiles.hanoi.gov.vn/gov-hni/8123/VanBan/2026/4/22/QD%20492%20PL1.pdf,2026-04-14,False,False,PL1-0705_1_013830.md
PL1-0706,706,3.000444,Công nhận hoàn thành tập sự hành nghề công chứng,Công chứng,Sở Tư pháp,Toàn trình,Cấp tỉnh,1,28,https://datafiles.hanoi.gov.vn/gov-hni/8123/VanBan/2026/4/22/QD%20492%20PL1.pdf,2026-04-14,False,False,PL1-0706_3_000444.md
PL1-0707,707,1.013807,Đăng ký tập sự hành nghề công chứng,Công chứng,Sở Tư pháp,Toàn trình,Cấp tỉnh,1,28,https://datafiles.hanoi.gov.vn/gov-hni/8123/VanBan/2026/4/22/QD%20492%20PL1.pdf,2026-04-14,False,False,PL1-0707_1_013807.md
PL1-0708,708,1.013805,Miễn nhiệm công chứng viên (trường hợp được miễn nhiệm),Công chứng,Sở Tư pháp,Toàn trình,Cấp tỉnh,1,28,https://datafiles.hanoi.gov.vn/gov-hni/8123/VanBan/2026/4/22/QD%20492%20PL1.pdf,2026-04-14,False,False,PL1-0708_1_013805.md
PL1-0709,709,1.005464,Đề nghị hỗ trợ chi phí tư vấn pháp luật cho doanh nghiệp nhỏ và vừa,Hỗ trợ pháp lý DN,Sở Tư pháp,Toàn trình,Cấp tỉnh,1,28,https://datafiles.hanoi.gov.vn/gov-hni/8123/VanBan/2026/4/22/QD%20492%20PL1.pdf,2026-04-14,False,False,PL1-0709_1_005464.md
PL1-0710,710,1.013634,Thay đổi nội dung đăng ký hoạt động của chi nhánh doanh nghiệp đấu giá tài sản,Đấu giá tài sản,Sở Tư pháp,Toàn trình,Cấp tỉnh,1,28,https://datafiles.hanoi.gov.vn/gov-hni/8123/VanBan/2026/4/22/QD%20492%20PL1.pdf,2026-04-14,False,False,PL1-0710_1_013634.md
PL1-0711,711,2.000977,Thủ tục lựa chọn. ký hợp đồng với Luật sư,Trợ giúp pháp lý,Sở Tư pháp,Toàn trình,Cấp tỉnh,1,28,https://datafiles.hanoi.gov.vn/gov-hni/8123/VanBan/2026/4/22/QD%20492%20PL1.pdf,2026-04-14,False,False,PL1-0711_2_000977.md
PL1-0712,712,1.008624,Cấp lại Chứng chỉ hành nghề luật sư trong trường hợp bị thu hồi Chứng chỉ hành nghề luật sư theo quy định tại Điều 18 của Luật Luật sư,Luật sư,Sở Tư pháp,Toàn trình,Cấp tỉnh,1,28,https://datafiles.hanoi.gov.vn/gov-hni/8123/VanBan/2026/4/22/QD%20492%20PL1.pdf,2026-04-14,False,False,PL1-0712_1_008624.md
PL1-0713,713,1.008628,Cấp lại Chứng chỉ hành nghề luật sư trong trường hợp bị mất. bị rách. bị cháy hoặc vì lý do khác không cố ý,Luật sư,Sở Tư pháp,Toàn trình,Cấp tỉnh,1,28,https://datafiles.hanoi.gov.vn/gov-hni/8123/VanBan/2026/4/22/QD%20492%20PL1.pdf,2026-04-14,False,False,PL1-0713_1_008628.md
PL1-0714,714,1.009832,Cấp lại thẻ giám định viên tư pháp cấp tỉnh,Giám định tư pháp,Sở Tư pháp,Toàn trình,Cấp tỉnh,1,28,https://datafiles.hanoi.gov.vn/gov-hni/8123/VanBan/2026/4/22/QD%20492%20PL1.pdf,2026-04-14,False,False,PL1-0714_1_009832.md
PL1-0715,715,2.000515,Chấm dứt hoạt động Trung tâm hòa giải thương mại trong trường hợp Trung tâm hòa giải thương mại tự chấm dứt hoạt động,Hòa giải thương mại,Sở Tư pháp,Toàn trình,Cấp tỉnh,1,28,https://datafiles.hanoi.gov.vn/gov-hni/8123/VanBan/2026/4/22/QD%20492%20PL1.pdf,2026-04-14,False,False,PL1-0715_2_000515.md
PL1-0716,716,1.008912,Chấm dứt hoạt động của chi nhánh. văn phòng đại diện của tổ chức hòa giải thương mại nước ngoài tại Việt Nam trong trường hợp chi nhánh. văn phòng đại diện chấm dứt hoạt động theo quyết định của tổ chức hòa giải thương mại nước ngoài hoặc Tổ chức hòa giải thương mại nước ngoài thành lập chi nhánh. văn phòng đại diện tại Việt Nam chấm dứt hoạt động ở nước ngoài,Hòa giải thương mại,Sở Tư pháp,Toàn trình,Cấp tỉnh,1,28,https://datafiles.hanoi.gov.vn/gov-hni/8123/VanBan/2026/4/22/QD%20492%20PL1.pdf,2026-04-14,False,False,PL1-0716_1_008912.md
PL1-0717,717,1.008709,Chuyển đổi công ty luật trách nhiệm hữu hạn và công ty luật hợp danh. chuyển đổi văn phòng luật sư thành công ty luật,Luật sư,Sở Tư pháp,Toàn trình,Cấp tỉnh,1,28,https://datafiles.hanoi.gov.vn/gov-hni/8123/VanBan/2026/4/22/QD%20492%20PL1.pdf,2026-04-14,False,False,PL1-0717_1_008709.md
PL1-0718,718,2.001687,Thủ tục thay đổi người thực hiện trợ giúp pháp lý,Trợ giúp pháp lý,Sở Tư pháp,Toàn trình,Cấp tỉnh,1,28,https://datafiles.hanoi.gov.vn/gov-hni/8123/VanBan/2026/4/22/QD%20492%20PL1.pdf,2026-04-14,False,False,PL1-0718_2_001687.md
PL1-0719,719,1.008727,Thay đổi thành viên hợp danh của công ty hợp danh hoặc thay đổi chủ doanh nghiệp tư nhân của doanh nghiệp quản lý. thanh lý tài sản,Quản tài viên,Sở Tư pháp,Toàn trình,Cấp tỉnh,1,28,https://datafiles.hanoi.gov.vn/gov-hni/8123/VanBan/2026/4/22/QD%20492%20PL1.pdf,2026-04-14,False,False,PL1-0719_1_008727.md
PL1-0720,720,2.001680,Thủ tục rút yêu cầu trợ giúp pháp lý của người được trợ giúp pháp lý,Trợ giúp pháp lý,Sở Tư pháp,Toàn trình,Cấp tỉnh,1,28,https://datafiles.hanoi.gov.vn/gov-hni/8123/VanBan/2026/4/22/QD%20492%20PL1.pdf,2026-04-14,False,False,PL1-0720_2_001680.md
PL1-0721,721,2.000829,Thủ tục yêu cầu trợ giúp pháp lý,Trợ giúp pháp lý,Sở Tư pháp,Toàn trình,Cấp tỉnh,1,28,https://datafiles.hanoi.gov.vn/gov-hni/8123/VanBan/2026/4/22/QD%20492%20PL1.pdf,2026-04-14,False,False,PL1-0721_2_000829.md
PL1-0722,722,1.008916,Thay đổi tên gọi. Trưởng chi nhánh. địa chỉ trụ sở sang tỉnh. thành phố trực thuộc trung ương khác của chi nhánh tổ chức hòa giải thương mại nước ngoài tại Việt Nam; đăng ký hoạt động của chi nhánh tổ chức hoà giải thương mại nước ngoài tại Việt Nam khi thay đổi tên gọi. Trưởng chi nhánh,Hòa giải thương mại,Sở Tư pháp,Toàn trình,Cấp tỉnh,1,28,https://datafiles.hanoi.gov.vn/gov-hni/8123/VanBan/2026/4/22/QD%20492%20PL1.pdf,2026-04-14,False,False,PL1-0722_1_008916.md
PL1-0723,723,1.008915,Đăng ký hoạt động của chi nhánh tổ chức hòa giải thương mại nước ngoài tại Việt Nam sau khi được cấp Giấy phép thành lập,Hòa giải thương mại,Sở Tư pháp,Toàn trình,Cấp tỉnh,1,28,https://datafiles.hanoi.gov.vn/gov-hni/8123/VanBan/2026/4/22/QD%20492%20PL1.pdf,2026-04-14,False,False,PL1-0723_1_008915.md
PL1-0724,724,1.008914,Cấp lại Giấy đăng ký hoạt động Trung tâm hòa giải thương mại. chi nhánh Trung tâm hòa giải thương mại. Giấy đăng ký hoạt động của chi nhánh tổ chức hòa giải thương mại nước ngoài tại Việt Nam,Hòa giải thương mại,Sở Tư pháp,Toàn trình,Cấp tỉnh,1,28,https://datafiles.hanoi.gov.vn/gov-hni/8123/VanBan/2026/4/22/QD%20492%20PL1.pdf,2026-04-14,False,False,PL1-0724_1_008914.md
PL1-0725,725,1.008906,Đăng ký hoạt động Chi nhánh của Tổ chức trọng tài nước ngoài tại Việt Nam sau khi được cấp Giấy phép thành lập; đăng ký hoạt động Chi nhánh của Tổ chức trọng tài nước ngoài tại Việt Nam trong trường hợp chuyển địa điểm trụ sở sang tỉnh. thành phố trực thuộc trung ương khác,Trọng tài thương mại,Sở Tư pháp,Toàn trình,Cấp tỉnh,1,28,https://datafiles.hanoi.gov.vn/gov-hni/8123/VanBan/2026/4/22/QD%20492%20PL1.pdf,2026-04-14,False,False,PL1-0725_1_008906.md
PL1-0726,726,1.008889,Đăng ký hoạt động Trung tâm trọng tài khi thay đổi địa điểm đặt trụ sở sang tỉnh. thành phố trực thuộc trung ương khác,Trọng tài thương mại,Sở Tư pháp,Toàn trình,Cấp tỉnh,1,28,https://datafiles.hanoi.gov.vn/gov-hni/8123/VanBan/2026/4/22/QD%20492%20PL1.pdf,2026-04-14,False,False,PL1-0726_1_008889.md
PL1-0727,727,1.008924,Bổ nhiệm lại Thừa phát lại,Thừa phát lại,Sở Tư pháp,Toàn trình,Cấp tỉnh,1,28,https://datafiles.hanoi.gov.vn/gov-hni/8123/VanBan/2026/4/22/QD%20492%20PL1.pdf,2026-04-14,False,False,PL1-0727_1_008924.md
PL1-0728,728,1.008923,Miễn nhiệm Thừa phát lại (trường hợp được miễn nhiệm),Thừa phát lại,Sở Tư pháp,Toàn trình,Cấp tỉnh,1,28,https://datafiles.hanoi.gov.vn/gov-hni/8123/VanBan/2026/4/22/QD%20492%20PL1.pdf,2026-04-14,False,False,PL1-0728_1_008923.md
PL1-0729,729,1.008922,Bổ nhiệm Thừa phát lại,Thừa phát lại,Sở Tư pháp,Toàn trình,Cấp tỉnh,1,28,https://datafiles.hanoi.gov.vn/gov-hni/8123/VanBan/2026/4/22/QD%20492%20PL1.pdf,2026-04-14,False,False,PL1-0729_1_008922.md
PL1-0730,730,1.008937,Thay đổi nội dung đăng ký hoạt động sau khi chuyển nhượng Văn phòng Thừa phát lại,Thừa phát lại,Sở Tư pháp,Toàn trình,Cấp tỉnh,1,29,https://datafiles.hanoi.gov.vn/gov-hni/8123/VanBan/2026/4/22/QD%20492%20PL1.pdf,2026-04-14,False,False,PL1-0730_1_008937.md
PL1-0731,731,1.008936,Chuyển nhượng Văn phòng Thừa phát lại,Thừa phát lại,Sở Tư pháp,Toàn trình,Cấp tỉnh,1,29,https://datafiles.hanoi.gov.vn/gov-hni/8123/VanBan/2026/4/22/QD%20492%20PL1.pdf,2026-04-14,False,False,PL1-0731_1_008936.md
PL1-0732,732,1.008931,Thay đổi nội dung đăng ký hoạt động của Văn phòng Thừa phát lại,Thừa phát lại,Sở Tư pháp,Toàn trình,Cấp tỉnh,1,29,https://datafiles.hanoi.gov.vn/gov-hni/8123/VanBan/2026/4/22/QD%20492%20PL1.pdf,2026-04-14,False,False,PL1-0732_1_008931.md
PL1-0733,733,1.008930,Đăng ký hoạt động Văn phòng Thừa phát lại,Thừa phát lại,Sở Tư pháp,Toàn trình,Cấp tỉnh,1,29,https://datafiles.hanoi.gov.vn/gov-hni/8123/VanBan/2026/4/22/QD%20492%20PL1.pdf,2026-04-14,False,False,PL1-0733_1_008930.md
PL1-0734,734,1.008929,Thành lập Văn phòng Thừa phát lại,Thừa phát lại,Sở Tư pháp,Toàn trình,Cấp tỉnh,1,29,https://datafiles.hanoi.gov.vn/gov-hni/8123/VanBan/2026/4/22/QD%20492%20PL1.pdf,2026-04-14,False,False,PL1-0734_1_008929.md
PL1-0735,735,1.008928,Cấp lại Thẻ Thừa phát lại,Thừa phát lại,Sở Tư pháp,Toàn trình,Cấp tỉnh,1,29,https://datafiles.hanoi.gov.vn/gov-hni/8123/VanBan/2026/4/22/QD%20492%20PL1.pdf,2026-04-14,False,False,PL1-0735_1_008928.md
PL1-0736,736,1.008934,Hợp nhất. sáp nhập Văn phòng Thừa phát lại,Thừa phát lại,Sở Tư pháp,Toàn trình,Cấp tỉnh,1,29,https://datafiles.hanoi.gov.vn/gov-hni/8123/VanBan/2026/4/22/QD%20492%20PL1.pdf,2026-04-14,False,False,PL1-0736_1_008934.md
PL1-0737,737,1.008935,Đăng ký hoạt động. thay đổi nội dung đăng ký hoạt động sau khi hợp nhất. sáp nhập Văn phòng Thừa phát lại,Thừa phát lại,Sở Tư pháp,Toàn trình,Cấp tỉnh,1,29,https://datafiles.hanoi.gov.vn/gov-hni/8123/VanBan/2026/4/22/QD%20492%20PL1.pdf,2026-04-14,False,False,PL1-0737_1_008935.md
PL1-0738,738,1.008933,Đăng ký hoạt động sau khi chuyển đổi loại hình hoạt động Văn phòng Thừa phát lại,Thừa phát lại,Sở Tư pháp,Toàn trình,Cấp tỉnh,1,29,https://datafiles.hanoi.gov.vn/gov-hni/8123/VanBan/2026/4/22/QD%20492%20PL1.pdf,2026-04-14,False,False,PL1-0738_1_008933.md
PL1-0739,739,1.008932,Chuyển đổi loại hình hoạt động Văn phòng Thừa phát lại,Thừa phát lại,Sở Tư pháp,Toàn trình,Cấp tỉnh,1,29,https://datafiles.hanoi.gov.vn/gov-hni/8123/VanBan/2026/4/22/QD%20492%20PL1.pdf,2026-04-14,False,False,PL1-0739_1_008932.md
PL1-0740,740,1.008927,Đăng ký hành nghề và cấp Thẻ Thừa phát lại,Thừa phát lại,Sở Tư pháp,Toàn trình,Cấp tỉnh,1,29,https://datafiles.hanoi.gov.vn/gov-hni/8123/VanBan/2026/4/22/QD%20492%20PL1.pdf,2026-04-14,False,False,PL1-0740_1_008927.md
PL1-0741,741,1.008926,Thay đổi nơi tập sự hành nghề Thừa phát lại,Thừa phát lại,Sở Tư pháp,Toàn trình,Cấp tỉnh,1,29,https://datafiles.hanoi.gov.vn/gov-hni/8123/VanBan/2026/4/22/QD%20492%20PL1.pdf,2026-04-14,False,False,PL1-0741_1_008926.md
PL1-0742,742,1.008925,Đăng ký tập sự hành nghề Thừa phát lại,Thừa phát lại,Sở Tư pháp,Toàn trình,Cấp tỉnh,1,29,https://datafiles.hanoi.gov.vn/gov-hni/8123/VanBan/2026/4/22/QD%20492%20PL1.pdf,2026-04-14,False,False,PL1-0742_1_008925.md
PL1-0743,743,1.000688,Cấp Chứng chỉ hành nghề luật sư đối với người được miễn đào tạo nghề luật sư. miễn tập sự hành nghề luật sư,Luật sư,Sở Tư pháp,Toàn trình,Cấp tỉnh,1,29,https://datafiles.hanoi.gov.vn/gov-hni/8123/VanBan/2026/4/22/QD%20492%20PL1.pdf,2026-04-14,False,False,PL1-0743_1_000688.md
PL1-0744,744,1.000828,Cấp Chứng chỉ hành nghề luật sư đối với người đạt yêu cầu kiểm tra kết quả tập sự hành nghề luật sư,Luật sư,Sở Tư pháp,Toàn trình,Cấp tỉnh,1,29,https://datafiles.hanoi.gov.vn/gov-hni/8123/VanBan/2026/4/22/QD%20492%20PL1.pdf,2026-04-14,False,False,PL1-0744_1_000828.md
PL1-0745,745,1.001633,Thay đổi tên. địa chỉ trụ sở. văn phòng đại diện. chi nhánh. người đại diện theo pháp luật. danh sách Quản tài viên hành nghề trong doanh nghiệp quản lý. thanh lý tài sản,Quản tài viên,Sở Tư pháp,Toàn trình,Cấp tỉnh,1,29,https://datafiles.hanoi.gov.vn/gov-hni/8123/VanBan/2026/4/22/QD%20492%20PL1.pdf,2026-04-14,False,False,PL1-0745_1_001633.md
PL1-0746,746,1.002010,Đăng ký hoạt động của tổ chức hành nghề luật sư,Luật sư,Sở Tư pháp,Toàn trình,Cấp tỉnh,1,29,https://datafiles.hanoi.gov.vn/gov-hni/8123/VanBan/2026/4/22/QD%20492%20PL1.pdf,2026-04-14,False,False,PL1-0746_1_002010.md
PL1-0747,747,1.002079,Thay đổi người đại diện theo pháp luật của công ty luật trách nhiệm hữu hạn hai thành viên trở lên. công ty luật hợp danh,Luật sư,Sở Tư pháp,Toàn trình,Cấp tỉnh,1,29,https://datafiles.hanoi.gov.vn/gov-hni/8123/VanBan/2026/4/22/QD%20492%20PL1.pdf,2026-04-14,False,False,PL1-0747_1_002079.md
PL1-0748,748,1.002055,Thay đổi người đại diện theo pháp luật của Văn phòng luật sư. công ty luật trách nhiệm hữu hạn một thành viên,Luật sư,Sở Tư pháp,Toàn trình,Cấp tỉnh,1,29,https://datafiles.hanoi.gov.vn/gov-hni/8123/VanBan/2026/4/22/QD%20492%20PL1.pdf,2026-04-14,False,False,PL1-0748_1_002055.md
PL1-0749,749,1.003179,Đăng ký lại việc nuôi con nuôi có yếu tố nước ngoài,Nuôi con nuôi,Sở Tư pháp,Toàn trình,Cấp tỉnh,1,29,https://datafiles.hanoi.gov.vn/gov-hni/8123/VanBan/2026/4/22/QD%20492%20PL1.pdf,2026-04-14,False,False,PL1-0749_1_003179.md
PL1-0750,750,2.002036,Thủ tục thôi quốc tịch Việt Nam ở trong nước,Quốc tịch,Sở Tư pháp,Toàn trình,Cấp tỉnh,1,29,https://datafiles.hanoi.gov.vn/gov-hni/8123/VanBan/2026/4/22/QD%20492%20PL1.pdf,2026-04-14,False,False,PL1-0750_2_002036.md
PL1-0751,751,2.002038,Thủ tục trở lại quốc tịch Việt Nam ở trong nước,Quốc tịch,Sở Tư pháp,Toàn trình,Cấp tỉnh,1,29,https://datafiles.hanoi.gov.vn/gov-hni/8123/VanBan/2026/4/22/QD%20492%20PL1.pdf,2026-04-14,False,False,PL1-0751_2_002038.md
PL1-0752,752,1.005136,Thủ tục cấp Giấy xác nhận có quốc tịch Việt Nam ở trong nước,Quốc tịch,Sở Tư pháp,Toàn trình,Cấp tỉnh,1,29,https://datafiles.hanoi.gov.vn/gov-hni/8123/VanBan/2026/4/22/QD%20492%20PL1.pdf,2026-04-14,False,False,PL1-0752_1_005136.md
PL1-0753,753,2.001716,Đăng ký hoạt động của Chi nhánh Trung tâm hòa giải thương mại,Hòa giải thương mại,Sở Tư pháp,Toàn trình,Cấp tỉnh,1,29,https://datafiles.hanoi.gov.vn/gov-hni/8123/VanBan/2026/4/22/QD%20492%20PL1.pdf,2026-04-14,False,False,PL1-0753_2_001716.md
PL1-0754,754,2.001247,Đăng ký hoạt động của Chi nhánh doanh nghiệp đấu giá tài sản,Đấu giá tài sản,Sở Tư pháp,Toàn trình,Cấp tỉnh,1,29,https://datafiles.hanoi.gov.vn/gov-hni/8123/VanBan/2026/4/22/QD%20492%20PL1.pdf,2026-04-14,False,False,PL1-0754_2_001247.md
PL1-0755,755,2.001258,Cấp lại Giấy đăng ký hoạt động của doanh nghiệp đấu giá tài sản,Đấu giá tài sản,Sở Tư pháp,Toàn trình,Cấp tỉnh,1,29,https://datafiles.hanoi.gov.vn/gov-hni/8123/VanBan/2026/4/22/QD%20492%20PL1.pdf,2026-04-14,False,False,PL1-0755_2_001258.md
PL1-0756,756,2.001333,Thay đổi nội dung đăng ký hoạt động của doanh nghiệp đấu giá tài sản,Đấu giá tài sản,Sở Tư pháp,Toàn trình,Cấp tỉnh,1,29,https://datafiles.hanoi.gov.vn/gov-hni/8123/VanBan/2026/4/22/QD%20492%20PL1.pdf,2026-04-14,False,False,PL1-0756_2_001333.md
PL1-0757,757,1.001600,Thay đổi thông tin đăng ký hành nghề của Quản tài viên,Quản tài viên,Sở Tư pháp,Toàn trình,Cấp tỉnh,1,29,https://datafiles.hanoi.gov.vn/gov-hni/8123/VanBan/2026/4/22/QD%20492%20PL1.pdf,2026-04-14,False,False,PL1-0757_1_001600.md
PL1-0758,758,1.001842,Đăng ký hành nghề quản lý. thanh lý tài sản đối với doanh nghiệp quản lý. thanh lý tài sản,Quản tài viên,Sở Tư pháp,Toàn trình,Cấp tỉnh,1,29,https://datafiles.hanoi.gov.vn/gov-hni/8123/VanBan/2026/4/22/QD%20492%20PL1.pdf,2026-04-14,False,False,PL1-0758_1_001842.md
PL1-0759,759,1.002626,Đăng ký hành nghề quản lý. thanh lý tài sản với tư cách cá nhân,Quản tài viên,Sở Tư pháp,Toàn trình,Cấp tỉnh,1,29,https://datafiles.hanoi.gov.vn/gov-hni/8123/VanBan/2026/4/22/QD%20492%20PL1.pdf,2026-04-14,False,False,PL1-0759_1_002626.md
PL1-0760,760,1.000390,Cấp lại thẻ tư vấn viên pháp luật,Tư vấn pháp luật,Sở Tư pháp,Toàn trình,Cấp tỉnh,1,29,https://datafiles.hanoi.gov.vn/gov-hni/8123/VanBan/2026/4/22/QD%20492%20PL1.pdf,2026-04-14,False,False,PL1-0760_1_000390.md
PL1-0761,761,1.000404,Thu hồi thẻ tư vấn viên pháp luật,Tư vấn pháp luật,Sở Tư pháp,Toàn trình,Cấp tỉnh,1,29,https://datafiles.hanoi.gov.vn/gov-hni/8123/VanBan/2026/4/22/QD%20492%20PL1.pdf,2026-04-14,False,False,PL1-0761_1_000404.md
PL1-0762,762,1.000426,Cấp thẻ tư vấn viên pháp luật,Tư vấn pháp luật,Sở Tư pháp,Toàn trình,Cấp tỉnh,1,29,https://datafiles.hanoi.gov.vn/gov-hni/8123/VanBan/2026/4/22/QD%20492%20PL1.pdf,2026-04-14,False,False,PL1-0762_1_000426.md
PL1-0763,763,1.000588,Thay đổi nội dung đăng ký hoạt động của Trung tâm tư vấn pháp luật. chi nhánh,Tư vấn pháp luật,Sở Tư pháp,Toàn trình,Cấp tỉnh,1,29,https://datafiles.hanoi.gov.vn/gov-hni/8123/VanBan/2026/4/22/QD%20492%20PL1.pdf,2026-04-14,False,False,PL1-0763_1_000588.md
PL1-0764,764,1.000614,Đăng ký hoạt động cho chi nhánh của Trung tâm tư vấn pháp luật,Tư vấn pháp luật,Sở Tư pháp,Toàn trình,Cấp tỉnh,1,29,https://datafiles.hanoi.gov.vn/gov-hni/8123/VanBan/2026/4/22/QD%20492%20PL1.pdf,2026-04-14,False,False,PL1-0764_1_000614.md
PL1-0765,765,1.000627,Đăng ký hoạt động của Trung tâm tư vấn pháp luật,Tư vấn pháp luật,Sở Tư pháp,Toàn trình,Cấp tỉnh,1,29,https://datafiles.hanoi.gov.vn/gov-hni/8123/VanBan/2026/4/22/QD%20492%20PL1.pdf,2026-04-14,False,False,PL1-0765_1_000627.md
PL1-0766,766,2.000592,Thủ tục giải quyết khiếu nại về trợ giúp pháp lý,Trợ giúp pháp lý,Sở Tư pháp,Toàn trình,Cấp tỉnh,1,29,https://datafiles.hanoi.gov.vn/gov-hni/8123/VanBan/2026/4/22/QD%20492%20PL1.pdf,2026-04-14,False,False,PL1-0766_2_000592.md
PL1-0767,767,2.000840,Thủ tục chấm dứt tham gia trợ giúp pháp lý,Trợ giúp pháp lý,Sở Tư pháp,Toàn trình,Cấp tỉnh,1,29,https://datafiles.hanoi.gov.vn/gov-hni/8123/VanBan/2026/4/22/QD%20492%20PL1.pdf,2026-04-14,False,False,PL1-0767_2_000840.md
PL1-0768,768,2.000954,Thủ tục cấp lại Giấy đăng ký tham gia trợ giúp pháp lý,Trợ giúp pháp lý,Sở Tư pháp,Toàn trình,Cấp tỉnh,1,29,https://datafiles.hanoi.gov.vn/gov-hni/8123/VanBan/2026/4/22/QD%20492%20PL1.pdf,2026-04-14,False,False,PL1-0768_2_000954.md
PL1-0769,769,1.001233,Thủ tục thay đổi nội dung Giấy đăng ký tham gia trợ giúp pháp lý,Trợ giúp pháp lý,Sở Tư pháp,Toàn trình,Cấp tỉnh,1,29,https://datafiles.hanoi.gov.vn/gov-hni/8123/VanBan/2026/4/22/QD%20492%20PL1.pdf,2026-04-14,False,False,PL1-0769_1_001233.md
PL1-0770,770,2.000596,Thủ tục đăng ký tham gia trợ giúp pháp lý,Trợ giúp pháp lý,Sở Tư pháp,Toàn trình,Cấp tỉnh,1,29,https://datafiles.hanoi.gov.vn/gov-hni/8123/VanBan/2026/4/22/QD%20492%20PL1.pdf,2026-04-14,False,False,PL1-0770_2_000596.md
PL1-0771,771,2.000970,Thủ tục lựa chọn. ký hợp đồng với tổ chức hành nghề luật sư. tổ chức tư vấn pháp luật,Trợ giúp pháp lý,Sở Tư pháp,Toàn trình,Cấp tỉnh,1,29,https://datafiles.hanoi.gov.vn/gov-hni/8123/VanBan/2026/4/22/QD%20492%20PL1.pdf,2026-04-14,False,False,PL1-0771_2_000970.md
PL1-0772,772,1.002368,Cấp lại Giấy đăng ký hoạt động của chi nhánh. công ty luật nước ngoài,Luật sư,Sở Tư pháp,Toàn trình,Cấp tỉnh,1,29,https://datafiles.hanoi.gov.vn/gov-hni/8123/VanBan/2026/4/22/QD%20492%20PL1.pdf,2026-04-14,False,False,PL1-0772_1_002368.md
PL1-0773,773,1.002384,Đăng ký hoạt động của chi nhánh của công ty luật nước ngoài tại Việt Nam,Luật sư,Sở Tư pháp,Toàn trình,Cấp tỉnh,1,29,https://datafiles.hanoi.gov.vn/gov-hni/8123/VanBan/2026/4/22/QD%20492%20PL1.pdf,2026-04-14,False,False,PL1-0773_1_002384.md
PL1-0774,774,1.002398,Đăng ký hoạt động của công ty luật Việt Nam chuyển đổi từ công ty luật nước ngoài,Luật sư,Sở Tư pháp,Toàn trình,Cấp tỉnh,1,29,https://datafiles.hanoi.gov.vn/gov-hni/8123/VanBan/2026/4/22/QD%20492%20PL1.pdf,2026-04-14,False,False,PL1-0774_1_002398.md
PL1-0775,775,1.002234,Sáp nhập công ty luật,Luật sư,Sở Tư pháp,Toàn trình,Cấp tỉnh,1,29,https://datafiles.hanoi.gov.vn/gov-hni/8123/VanBan/2026/4/22/QD%20492%20PL1.pdf,2026-04-14,False,False,PL1-0775_1_002234.md
PL1-0776,776,1.002218,Hợp nhất công ty luật,Luật sư,Sở Tư pháp,Toàn trình,Cấp tỉnh,1,29,https://datafiles.hanoi.gov.vn/gov-hni/8123/VanBan/2026/4/22/QD%20492%20PL1.pdf,2026-04-14,False,False,PL1-0776_1_002218.md
PL1-0777,777,1.002198,Thay đổi nội dung Giấy đăng ký hoạt động của chi nhánh. công ty luật nước ngoài,Luật sư,Sở Tư pháp,Toàn trình,Cấp tỉnh,1,29,https://datafiles.hanoi.gov.vn/gov-hni/8123/VanBan/2026/4/22/QD%20492%20PL1.pdf,2026-04-14,False,False,PL1-0777_1_002198.md
PL1-0778,778,1.002181,Đăng ký hoạt động của chi nhánh. công ty luật nước ngoài,Luật sư,Sở Tư pháp,Toàn trình,Cấp tỉnh,1,29,https://datafiles.hanoi.gov.vn/gov-hni/8123/VanBan/2026/4/22/QD%20492%20PL1.pdf,2026-04-14,False,False,PL1-0778_1_002181.md
PL1-0779,779,1.002153,Đăng ký hành nghề luật sư với tư cách cá nhân,Luật sư,Sở Tư pháp,Toàn trình,Cấp tỉnh,1,29,https://datafiles.hanoi.gov.vn/gov-hni/8123/VanBan/2026/4/22/QD%20492%20PL1.pdf,2026-04-14,False,False,PL1-0779_1_002153.md
PL1-0780,780,1.002032,Thay đổi nội dung đăng ký hoạt động của tổ chức hành nghề luật sư,Luật sư,Sở Tư pháp,Toàn trình,Cấp tỉnh,1,30,https://datafiles.hanoi.gov.vn/gov-hni/8123/VanBan/2026/4/22/QD%20492%20PL1.pdf,2026-04-14,False,False,PL1-0780_1_002032.md
PL1-0781,781,1.002099,Đăng ký hoạt động của chi nhánh của tổ chức hành nghề luật sư,Luật sư,Sở Tư pháp,Toàn trình,Cấp tỉnh,1,30,https://datafiles.hanoi.gov.vn/gov-hni/8123/VanBan/2026/4/22/QD%20492%20PL1.pdf,2026-04-14,False,False,PL1-0781_1_002099.md
PL1-0782,782,2.001895,Thủ tục cấp Giấy xác nhận là người gốc Việt Nam,Quốc tịch,Sở Tư pháp,Toàn trình,Cấp tỉnh,1,30,https://datafiles.hanoi.gov.vn/gov-hni/8123/VanBan/2026/4/22/QD%20492%20PL1.pdf,2026-04-14,False,False,PL1-0782_2_001895.md
PL1-0783,783,3.000323,Đăng ký giám sát việc giám hộ,Hộ tịch,Sở Tư pháp,Toàn trình,Cấp xã,1,30,https://datafiles.hanoi.gov.vn/gov-hni/8123/VanBan/2026/4/22/QD%20492%20PL1.pdf,2026-04-14,False,False,PL1-0783_3_000323.md
PL1-0784,784,3.000322,Đăng ký chấm dứt giám sát việc giám hộ,Hộ tịch,Sở Tư pháp,Toàn trình,Cấp xã,1,30,https://datafiles.hanoi.gov.vn/gov-hni/8123/VanBan/2026/4/22/QD%20492%20PL1.pdf,2026-04-14,False,False,PL1-0784_3_000322.md
PL1-0785,785,2.000424,Thủ tục thực hiện hỗ trợ khi hòa giải viên gặp tai nạn hoặc rủi ro ảnh hưởng đến sức khỏe. tính mạng trong khi thực hiện hoạt động hòa giải,Hòa giải ở cơ sở,Sở Tư pháp,Toàn trình,Cấp xã,1,30,https://datafiles.hanoi.gov.vn/gov-hni/8123/VanBan/2026/4/22/QD%20492%20PL1.pdf,2026-04-14,False,False,PL1-0785_2_000424.md
PL1-0786,786,2.000950,Thủ tục công nhận tổ trưởng tổ hòa giải (cấp xã),Hòa giải ở cơ sở,Sở Tư pháp,Toàn trình,Cấp xã,1,30,https://datafiles.hanoi.gov.vn/gov-hni/8123/VanBan/2026/4/22/QD%20492%20PL1.pdf,2026-04-14,False,False,PL1-0786_2_000950.md
PL1-0787,787,2.000930,Thủ tục thôi làm hòa giải viên (cấp xã),Hòa giải ở cơ sở,Sở Tư pháp,Toàn trình,Cấp xã,1,30,https://datafiles.hanoi.gov.vn/gov-hni/8123/VanBan/2026/4/22/QD%20492%20PL1.pdf,2026-04-14,False,False,PL1-0787_2_000930.md
PL1-0788,788,1.002211,Thủ tục công nhận hòa giải viên (cấp xã),Hòa giải ở cơ sở,Sở Tư pháp,Toàn trình,Cấp xã,1,30,https://datafiles.hanoi.gov.vn/gov-hni/8123/VanBan/2026/4/22/QD%20492%20PL1.pdf,2026-04-14,False,False,PL1-0788_1_002211.md
PL1-0789,789,2.002363,Ghi vào Sổ đăng ký nuôi con nuôi việc nuôi con nuôi đã được giải quyết tại cơ quan có thẩm quyền của nước ngoài,Nuôi con nuôi,Sở Tư pháp,Toàn trình,Cấp xã,1,30,https://datafiles.hanoi.gov.vn/gov-hni/8123/VanBan/2026/4/22/QD%20492%20PL1.pdf,2026-04-14,False,False,PL1-0789_2_002363.md
PL1-0790,790,2.002080,Thủ tục thanh toán thù lao cho hòa giải viên,Hòa giải ở cơ sở,Sở Tư pháp,Toàn trình,Cấp xã,1,30,https://datafiles.hanoi.gov.vn/gov-hni/8123/VanBan/2026/4/22/QD%20492%20PL1.pdf,2026-04-14,False,False,PL1-0790_2_002080.md
PL1-0791,791,2.001255,Đăng ký lại việc nuôi con nuôi trong nước,Nuôi con nuôi,Sở Tư pháp,Toàn trình,Cấp xã,1,30,https://datafiles.hanoi.gov.vn/gov-hni/8123/VanBan/2026/4/22/QD%20492%20PL1.pdf,2026-04-14,False,False,PL1-0791_2_001255.md
PL1-0792,792,1.005461,Đăng ký lại khai tử,Hộ tịch,Sở Tư pháp,Toàn trình,Cấp xã,1,30,https://datafiles.hanoi.gov.vn/gov-hni/8123/VanBan/2026/4/22/QD%20492%20PL1.pdf,2026-04-14,False,False,PL1-0792_1_005461.md
PL1-0793,793,1.004772,Thủ tục đăng ký khai sinh cho người đã có hồ sơ. giấy tờ cá nhân,Hộ tịch,Sở Tư pháp,Toàn trình,Cấp xã,1,30,https://datafiles.hanoi.gov.vn/gov-hni/8123/VanBan/2026/4/22/QD%20492%20PL1.pdf,2026-04-14,False,False,PL1-0793_1_004772.md
PL1-0794,794,1.004859,Thủ tục thay đổi. cải chính. bổ sung thông tin hộ tịch. xác định lại dân tộc,Hộ tịch,Sở Tư pháp,Toàn trình,Cấp xã,1,30,https://datafiles.hanoi.gov.vn/gov-hni/8123/VanBan/2026/4/22/QD%20492%20PL1.pdf,2026-04-14,False,False,PL1-0794_1_004859.md
PL1-0795,795,1.004845,Thủ tục đăng ký chấm dứt giám hộ,Hộ tịch,Sở Tư pháp,Toàn trình,Cấp xã,1,30,https://datafiles.hanoi.gov.vn/gov-hni/8123/VanBan/2026/4/22/QD%20492%20PL1.pdf,2026-04-14,False,False,PL1-0795_1_004845.md
PL1-0796,796,1.004837,Thủ tục đăng ký giám hộ,Hộ tịch,Sở Tư pháp,Toàn trình,Cấp xã,1,30,https://datafiles.hanoi.gov.vn/gov-hni/8123/VanBan/2026/4/22/QD%20492%20PL1.pdf,2026-04-14,False,False,PL1-0796_1_004837.md
PL1-0797,797,1.000689,Thủ tục đăng ký khai sinh kết hợp đăng ký nhận cha. mẹ. con,Hộ tịch,Sở Tư pháp,Toàn trình,Cấp xã,1,30,https://datafiles.hanoi.gov.vn/gov-hni/8123/VanBan/2026/4/22/QD%20492%20PL1.pdf,2026-04-14,False,False,PL1-0797_1_000689.md
PL1-0798,798,1.001022,Thủ tục đăng ký nhận cha. mẹ. con,Hộ tịch,Sở Tư pháp,Toàn trình,Cấp xã,1,30,https://datafiles.hanoi.gov.vn/gov-hni/8123/VanBan/2026/4/22/QD%20492%20PL1.pdf,2026-04-14,False,False,PL1-0798_1_001022.md
PL1-0799,799,2.000497,Thủ tục đăng ký lại khai tử có yếu tố nước ngoài,Hộ tịch,Sở Tư pháp,Toàn trình,Cấp xã,1,30,https://datafiles.hanoi.gov.vn/gov-hni/8123/VanBan/2026/4/22/QD%20492%20PL1.pdf,2026-04-14,False,False,PL1-0799_2_000497.md
PL1-0800,800,1.000893,Thủ tục đăng ký khai sinh có yếu tố nước ngoài cho người đã có hồ sơ. giấy tờ cá nhân,Hộ tịch,Sở Tư pháp,Toàn trình,Cấp xã,1,30,https://datafiles.hanoi.gov.vn/gov-hni/8123/VanBan/2026/4/22/QD%20492%20PL1.pdf,2026-04-14,False,False,PL1-0800_1_000893.md
PL1-0801,801,2.000522,Thủ tục đăng ký lại khai sinh có yếu tố nước ngoài,Hộ tịch,Sở Tư pháp,Toàn trình,Cấp xã,1,30,https://datafiles.hanoi.gov.vn/gov-hni/8123/VanBan/2026/4/22/QD%20492%20PL1.pdf,2026-04-14,False,False,PL1-0801_2_000522.md
PL1-0802,802,2.000547,Thủ tục ghi vào Sổ hộ tịch việc hộ tịch khác của công dân Việt Nam đã được giải quyết tại cơ quan có thẩm quyền của nước ngoài (khai sinh; giám hộ; nhận cha. mẹ. con; xác định cha. mẹ. con; nuôi con nuôi; khai tử; thay đổi hộ tịch),Hộ tịch,Sở Tư pháp,Toàn trình,Cấp xã,1,30,https://datafiles.hanoi.gov.vn/gov-hni/8123/VanBan/2026/4/22/QD%20492%20PL1.pdf,2026-04-14,False,False,PL1-0802_2_000547.md
PL1-0803,803,2.000554,Thủ tục ghi vào Sổ hộ tịch việc ly hôn. hủy việc kết hôn của công dân Việt Nam đã được giải quyết tại cơ quan có thẩm quyền của nước ngoài,Hộ tịch,Sở Tư pháp,Toàn trình,Cấp xã,1,30,https://datafiles.hanoi.gov.vn/gov-hni/8123/VanBan/2026/4/22/QD%20492%20PL1.pdf,2026-04-14,False,False,PL1-0803_2_000554.md
PL1-0804,804,2.002189,Thủ tục ghi vào Sổ hộ tịch việc kết hôn của công dân Việt Nam đã được giải quyết tại cơ quan có thẩm quyền của nước ngoài,Hộ tịch,Sở Tư pháp,Toàn trình,Cấp xã,1,30,https://datafiles.hanoi.gov.vn/gov-hni/8123/VanBan/2026/4/22/QD%20492%20PL1.pdf,2026-04-14,False,False,PL1-0804_2_002189.md
PL1-0805,805,2.000748,Thủ tục thay đổi. cải chính. bổ sung thông tin hộ tịch. xác định lại dân tộc có yếu tố nước ngoài,Hộ tịch,Sở Tư pháp,Toàn trình,Cấp xã,1,30,https://datafiles.hanoi.gov.vn/gov-hni/8123/VanBan/2026/4/22/QD%20492%20PL1.pdf,2026-04-14,False,False,PL1-0805_2_000748.md
PL1-0806,806,2.000756,Thủ tục đăng ký chấm dứt giám hộ có yếu tố nước ngoài,Hộ tịch,Sở Tư pháp,Toàn trình,Cấp xã,1,30,https://datafiles.hanoi.gov.vn/gov-hni/8123/VanBan/2026/4/22/QD%20492%20PL1.pdf,2026-04-14,False,False,PL1-0806_2_000756.md
PL1-0807,807,1.001669,Thủ tục đăng ký giám hộ có yếu tố nước ngoài,Hộ tịch,Sở Tư pháp,Toàn trình,Cấp xã,1,30,https://datafiles.hanoi.gov.vn/gov-hni/8123/VanBan/2026/4/22/QD%20492%20PL1.pdf,2026-04-14,False,False,PL1-0807_1_001669.md
PL1-0808,808,1.001695,Thủ tục đăng ký khai sinh kết hợp đăng ký nhận cha. mẹ. con có yếu tố nước ngoài,Hộ tịch,Sở Tư pháp,Toàn trình,Cấp xã,1,30,https://datafiles.hanoi.gov.vn/gov-hni/8123/VanBan/2026/4/22/QD%20492%20PL1.pdf,2026-04-14,False,False,PL1-0808_1_001695.md
PL1-0809,809,2.000779,Thủ tục đăng ký nhận cha. mẹ. con có yếu tố nước ngoài,Hộ tịch,Sở Tư pháp,Toàn trình,Cấp xã,1,30,https://datafiles.hanoi.gov.vn/gov-hni/8123/VanBan/2026/4/22/QD%20492%20PL1.pdf,2026-04-14,False,False,PL1-0809_2_000779.md
PL1-0810,810,1.001766,Thủ tục đăng ký khai tử có yếu tố nước ngoài,Hộ tịch,Sở Tư pháp,Toàn trình,Cấp xã,1,30,https://datafiles.hanoi.gov.vn/gov-hni/8123/VanBan/2026/4/22/QD%20492%20PL1.pdf,2026-04-14,False,False,PL1-0810_1_001766.md
PL1-0811,811,2.000528,Thủ tục đăng ký khai sinh có yếu tố nước ngoài,Hộ tịch,Sở Tư pháp,Toàn trình,Cấp xã,1,30,https://datafiles.hanoi.gov.vn/gov-hni/8123/VanBan/2026/4/22/QD%20492%20PL1.pdf,2026-04-14,False,False,PL1-0811_2_000528.md
PL1-0812,812,1.000656,Thủ tục đăng ký khai tử,Hộ tịch,Sở Tư pháp,Toàn trình,Cấp xã,1,30,https://datafiles.hanoi.gov.vn/gov-hni/8123/VanBan/2026/4/22/QD%20492%20PL1.pdf,2026-04-14,False,False,PL1-0812_1_000656.md
PL1-0813,813,1.004873,Thủ tục cấp Giấy xác nhận tình trạng hôn nhân,Hộ tịch,Sở Tư pháp,Toàn trình,Cấp xã,1,30,https://datafiles.hanoi.gov.vn/gov-hni/8123/VanBan/2026/4/22/QD%20492%20PL1.pdf,2026-04-14,False,False,PL1-0813_1_004873.md
PL1-0814,814,1.001193,Thủ tục đăng ký khai sinh,Hộ tịch,Sở Tư pháp,Toàn trình,Cấp xã,1,30,https://datafiles.hanoi.gov.vn/gov-hni/8123/VanBan/2026/4/22/QD%20492%20PL1.pdf,2026-04-14,False,False,PL1-0814_1_001193.md
PL1-0815,815,2.002516,Thủ tục xác nhận thông tin hộ tịch,Hộ tịch,Sở Tư pháp,Toàn trình,Cấp xã,1,30,https://datafiles.hanoi.gov.vn/gov-hni/8123/VanBan/2026/4/22/QD%20492%20PL1.pdf,2026-04-14,False,False,PL1-0815_2_002516.md
PL1-0816,816,2.000635,Cấp bản sao Trích lục hộ tịch. bản sao Giấy khai sinh,Hộ tịch,Sở Tư pháp,Toàn trình,Cấp xã,1,30,https://datafiles.hanoi.gov.vn/gov-hni/8123/VanBan/2026/4/22/QD%20492%20PL1.pdf,2026-04-14,False,False,PL1-0816_2_000635.md
PL1-0817,817,2.000908,Thủ tục cấp bản sao từ sổ gốc,Chứng thực,Sở Tư pháp,Toàn trình,Cấp xã,1,30,https://datafiles.hanoi.gov.vn/gov-hni/8123/VanBan/2026/4/22/QD%20492%20PL1.pdf,2026-04-14,False,False,PL1-0817_2_000908.md
PL1-0818,818,1.004884,Thủ tục đăng ký lại khai sinh,Hộ tịch,Sở Tư pháp,Toàn trình,Cấp xã,1,30,https://datafiles.hanoi.gov.vn/gov-hni/8123/VanBan/2026/4/22/QD%20492%20PL1.pdf,2026-04-14,False,False,PL1-0818_1_004884.md
PL1-0819,819,2.000927,Sửa lỗi sai sót trong giao dịch,Chứng thực,Sở Tư pháp,Toàn trình,Cấp xã,1,30,https://datafiles.hanoi.gov.vn/gov-hni/8123/VanBan/2026/4/22/QD%20492%20PL1.pdf,2026-04-14,False,False,PL1-0819_2_000927.md
PL1-0820,820,1.014965,Thu hồi chứng chỉ hành nghề Quản tài viên trong trường hợp thôi hành nghề Quản tài viên theo nguyện vọng cá nhân,Quản tài viên,Sở Tư pháp,Toàn trình,Cấp tỉnh,1,30,https://datafiles.hanoi.gov.vn/gov-hni/8123/VanBan/2026/4/22/QD%20492%20PL1.pdf,2026-04-14,False,False,PL1-0820_1_014965.md
PL1-0821,821,1.014966,Cấp lại chứng chỉ hành nghề Quản tài viên trong trường hợp bị thu hồi chứng chỉ hành nghề,Quản tài viên,Sở Tư pháp,Toàn trình,Cấp tỉnh,1,30,https://datafiles.hanoi.gov.vn/gov-hni/8123/VanBan/2026/4/22/QD%20492%20PL1.pdf,2026-04-14,False,False,PL1-0821_1_014966.md
PL1-0822,822,1.013801,Thủ tục cho phép người Việt Nam định cư ở nước ngoài. tổ chức. cá nhân nước ngoài tiến hành nghiên cứu. sưu tầm di sản tư liệu (địa phương),Di sản văn hóa,Sở Văn hóa và Thể thao,Toàn trình,Cấp tỉnh,1,30,https://datafiles.hanoi.gov.vn/gov-hni/8123/VanBan/2026/4/22/QD%20492%20PL1.pdf,2026-04-14,False,False,PL1-0822_1_013801.md
PL1-0823,823,1.013790,Thủ tục tiếp nhận đăng ký danh mục báo chí nhập khẩu,Báo chí,Sở Văn hóa và Thể thao,Toàn trình,Cấp tỉnh,1,30,https://datafiles.hanoi.gov.vn/gov-hni/8123/VanBan/2026/4/22/QD%20492%20PL1.pdf,2026-04-14,False,False,PL1-0823_1_013790.md
PL1-0824,824,2.002738,Gia hạn giấy chứng nhận cung cấp dịch vụ trò chơi điện tử G2. G3. G4 trên mạng (địa phương),Phát thanh. truyền hình và thông tin điện tử,Sở Văn hóa và Thể thao,Toàn trình,Cấp tỉnh,1,30,https://datafiles.hanoi.gov.vn/gov-hni/8123/VanBan/2026/4/22/QD%20492%20PL1.pdf,2026-04-14,False,False,PL1-0824_2_002738.md
PL1-0825,825,1.001988,Cấp lại giấy chứng nhận cung cấp dịch vụ trò chơi điện tử G2. G3. G4 trên mạng,Phát thanh. truyền hình và thông tin điện tử,Sở Văn hóa và Thể thao,Toàn trình,Cấp tỉnh,1,30,https://datafiles.hanoi.gov.vn/gov-hni/8123/VanBan/2026/4/22/QD%20492%20PL1.pdf,2026-04-14,False,False,PL1-0825_1_001988.md
PL1-0826,826,2.002740,Cấp lại giấy xác nhận thông báo phát hành trò chơi điện tử G2. G3. G4 trên mạng (địa phương),Phát thanh. truyền hình và thông tin điện tử,Sở Văn hóa và Thể thao,Toàn trình,Cấp tỉnh,1,31,https://datafiles.hanoi.gov.vn/gov-hni/8123/VanBan/2026/4/22/QD%20492%20PL1.pdf,2026-04-14,False,False,PL1-0826_2_002740.md
PL1-0827,827,2.002739,Sửa đổi. bổ sung giấy xác nhận thông báo phát hành trò chơi điện tử G2. G3. G4 trên mạng (địa phương),Phát thanh. truyền hình và thông tin điện tử,Sở Văn hóa và Thể thao,Toàn trình,Cấp tỉnh,1,31,https://datafiles.hanoi.gov.vn/gov-hni/8123/VanBan/2026/4/22/QD%20492%20PL1.pdf,2026-04-14,False,False,PL1-0827_2_002739.md
PL1-0828,828,1.004508,Cấp giấy xác nhận thông báo phát hành trò chơi điện tử G2. G3. G4 trên mạng,Phát thanh. truyền hình và thông tin điện tử,Sở Văn hóa và Thể thao,Toàn trình,Cấp tỉnh,1,31,https://datafiles.hanoi.gov.vn/gov-hni/8123/VanBan/2026/4/22/QD%20492%20PL1.pdf,2026-04-14,False,False,PL1-0828_1_004508.md
PL1-0829,829,1.002001,Cấp giấy chứng nhận cung cấp dịch vụ trò chơi điện tử G2. G3. G4 trên mạng (địa phương),Phát thanh. truyền hình và thông tin điện tử,Sở Văn hóa và Thể thao,Toàn trình,Cấp tỉnh,1,31,https://datafiles.hanoi.gov.vn/gov-hni/8123/VanBan/2026/4/22/QD%20492%20PL1.pdf,2026-04-14,False,False,PL1-0829_1_002001.md
PL1-0830,830,1.001976,Sửa đổi. bổ sung giấy chứng nhận cung cấp dịch vụ trò chơi điện tử G2. G3. G4 trên mạng (địa phương),Phát thanh. truyền hình và thông tin điện tử,Sở Văn hóa và Thể thao,Toàn trình,Cấp tỉnh,1,31,https://datafiles.hanoi.gov.vn/gov-hni/8123/VanBan/2026/4/22/QD%20492%20PL1.pdf,2026-04-14,False,False,PL1-0830_1_001976.md
PL1-0831,831,1.013456,Thủ tục cấp phép nhập khẩu di vật. cổ vật không nhằm mục đích kinh doanh cấp tỉnh,Di sản văn hóa,Sở Văn hóa và Thể thao,Toàn trình,Cấp tỉnh,1,31,https://datafiles.hanoi.gov.vn/gov-hni/8123/VanBan/2026/4/22/QD%20492%20PL1.pdf,2026-04-14,False,False,PL1-0831_1_013456.md
PL1-0832,832,1.009386,Văn bản chấp thuận thay đổi nội dung ghi trong giấy phép xuất bản bản tin (địa phương),Báo chí,Sở Văn hóa và Thể thao,Toàn trình,Cấp tỉnh,1,31,https://datafiles.hanoi.gov.vn/gov-hni/8123/VanBan/2026/4/22/QD%20492%20PL1.pdf,2026-04-14,False,False,PL1-0832_1_009386.md
PL1-0833,833,2.001594,Cấp giấy phép hoạt động in xuất bản phẩm,Xuất Bản. In và Phát hành,Sở Văn hóa và Thể thao,Toàn trình,Cấp tỉnh và cấp xã,1,31,https://datafiles.hanoi.gov.vn/gov-hni/8123/VanBan/2026/4/22/QD%20492%20PL1.pdf,2026-04-14,False,False,PL1-0833_2_001594.md
PL1-0834,834,1.003725,Cấp giấy phép nhập khẩu xuất bản phẩm không kinh doanh (địa phương),Xuất Bản. In và Phát hành,Sở Văn hóa và Thể thao,Toàn trình,Cấp xã,1,31,https://datafiles.hanoi.gov.vn/gov-hni/8123/VanBan/2026/4/22/QD%20492%20PL1.pdf,2026-04-14,False,False,PL1-0834_1_003725.md
PL1-0835,835,1.008201,Thủ tục cấp lại giấy xác nhận đăng ký hoạt động phát hành xuất bản phẩm,Xuất Bản. In và Phát hành,Sở Văn hóa và Thể thao,Toàn trình,Cấp tỉnh,1,31,https://datafiles.hanoi.gov.vn/gov-hni/8123/VanBan/2026/4/22/QD%20492%20PL1.pdf,2026-04-14,False,False,PL1-0835_1_008201.md
PL1-0836,836,1.009374,Cấp giấy phép xuất bản bản tin (địa phương),Xuất Bản. In và Phát hành,Sở Văn hóa và Thể thao,Toàn trình,Cấp tỉnh,1,31,https://datafiles.hanoi.gov.vn/gov-hni/8123/VanBan/2026/4/22/QD%20492%20PL1.pdf,2026-04-14,False,False,PL1-0836_1_009374.md
PL1-0837,837,1.012082,Thủ tục cấp đổi giấy chứng nhận đăng ký thành lập cơ sở cung cấp dịch vụ trợ giúp phòng. chống bạo lực gia đình,Gia đình,Sở Văn hóa và Thể thao,Toàn trình,Cấp tỉnh,1,31,https://datafiles.hanoi.gov.vn/gov-hni/8123/VanBan/2026/4/22/QD%20492%20PL1.pdf,2026-04-14,False,False,PL1-0837_1_012082.md
PL1-0838,838,1.012081,Thủ tục cấp lại Giấy chứng nhận đăng ký thành lập cơ sở cung cấp dịch vụ trợ giúp phòng. chống bạo lực gia đình,Gia đình,Sở Văn hóa và Thể thao,Toàn trình,Cấp tỉnh,1,31,https://datafiles.hanoi.gov.vn/gov-hni/8123/VanBan/2026/4/22/QD%20492%20PL1.pdf,2026-04-14,False,False,PL1-0838_1_012081.md
PL1-0839,839,1.012080,Cấp lần đầu Giấy chứng nhận đăng ký thành lập của cơ sở cung cấp dịch vụ trợ giúp phòng. chống bạo lực gia đình,Gia đình,Sở Văn hóa và Thể thao,Toàn trình,Cấp tỉnh,1,31,https://datafiles.hanoi.gov.vn/gov-hni/8123/VanBan/2026/4/22/QD%20492%20PL1.pdf,2026-04-14,False,False,PL1-0839_1_012080.md
PL1-0840,840,1.000564,Thủ tục xét tặng “Giải thưởng Nhà nước” về văn học. nghệ thuật,Thi đua - Khen thưởng,Sở Văn hóa và Thể thao,Toàn trình,Cấp tỉnh,1,31,https://datafiles.hanoi.gov.vn/gov-hni/8123/VanBan/2026/4/22/QD%20492%20PL1.pdf,2026-04-14,False,False,PL1-0840_1_000564.md
PL1-0841,841,1.000871,Thủ tục xét tặng “Giải thưởng Hồ Chí Minh” về văn học. nghệ thuật,Thi đua - Khen thưởng,Sở Văn hóa và Thể thao,Toàn trình,Cấp tỉnh,1,31,https://datafiles.hanoi.gov.vn/gov-hni/8123/VanBan/2026/4/22/QD%20492%20PL1.pdf,2026-04-14,False,False,PL1-0841_1_000871.md
PL1-0842,842,1.000971,Thủ tục xét tặng danh hiệu Nghệ nhân ưu tú trong lĩnh vực di sản văn hóa phi vật thể,Thi đua - Khen thưởng,Sở Văn hóa và Thể thao,Toàn trình,Cấp tỉnh,1,31,https://datafiles.hanoi.gov.vn/gov-hni/8123/VanBan/2026/4/22/QD%20492%20PL1.pdf,2026-04-14,False,False,PL1-0842_1_000971.md
PL1-0843,843,1.001032,Thủ tục xét tặng danh hiệu Nghệ nhân nhân dân trong lĩnh vực di sản văn hóa phi vật thể,Thi đua - Khen thưởng,Sở Văn hóa và Thể thao,Toàn trình,Cấp tỉnh,1,31,https://datafiles.hanoi.gov.vn/gov-hni/8123/VanBan/2026/4/22/QD%20492%20PL1.pdf,2026-04-14,False,False,PL1-0843_1_001032.md
PL1-0844,844,1.001108,Thủ tục xét tặng danh hiệu “Nghệ sĩ ưu tú” (đối với Hội đồng cấp cơ sở tại địa phương),Thi đua - Khen thưởng,Sở Văn hóa và Thể thao,Toàn trình,Cấp tỉnh,1,31,https://datafiles.hanoi.gov.vn/gov-hni/8123/VanBan/2026/4/22/QD%20492%20PL1.pdf,2026-04-14,False,False,PL1-0844_1_001108.md
PL1-0845,845,1.001376,Thủ tục xét tặng danh hiệu “Nghệ sĩ nhân dân” (đối với Hội đồng cấp cơ sở tại địa phương),Thi đua - Khen thưởng,Sở Văn hóa và Thể thao,Toàn trình,Cấp tỉnh,1,31,https://datafiles.hanoi.gov.vn/gov-hni/8123/VanBan/2026/4/22/QD%20492%20PL1.pdf,2026-04-14,False,False,PL1-0845_1_001376.md
PL1-0846,846,1.011454,Thủ tục cấp Giấy phép phân loại phim (thẩm quyền của ủy ban nhân dân cấp tỉnh),Điện ảnh,Sở Văn hóa và Thể thao,Toàn trình,Cấp tỉnh,1,31,https://datafiles.hanoi.gov.vn/gov-hni/8123/VanBan/2026/4/22/QD%20492%20PL1.pdf,2026-04-14,False,False,PL1-0846_1_011454.md
PL1-0847,847,1.002013,Thủ tục đăng cai giải thi đấu. trận thi đấu thể thao thành tích cao khác do liên đoàn thể thao tỉnh. thành phố trực thuộc trung ương tổ chức,Thể dục thể thao,Sở Văn hóa và Thể thao,Toàn trình,Cấp tỉnh,1,31,https://datafiles.hanoi.gov.vn/gov-hni/8123/VanBan/2026/4/22/QD%20492%20PL1.pdf,2026-04-14,False,False,PL1-0847_1_002013.md
PL1-0848,848,1.001755,"Thủ tục cấp giấy phép xây dựng tượng đài, tranh hoành tráng","Mỹ thuật, nhiếp ảnh, triển lãm",Sở Văn hóa và Thể thao,Toàn trình,Cấp tỉnh,1,31,https://datafiles.hanoi.gov.vn/gov-hni/8123/VanBan/2026/4/22/QD%20492%20PL1.pdf,2026-04-14,False,False,PL1-0848_1_001755.md
PL1-0849,849,1.001738,Thủ tục cấp giấy phép tổ chức trại sáng tác điêu khắc (thẩm quyền của Ủy ban nhân dân cấp tỉnh),"Mỹ thuật, nhiếp ảnh, triển lãm",Sở Văn hóa và Thể thao,Toàn trình,Cấp tỉnh,1,31,https://datafiles.hanoi.gov.vn/gov-hni/8123/VanBan/2026/4/22/QD%20492%20PL1.pdf,2026-04-14,False,False,PL1-0849_1_001738.md
PL1-0850,850,1.009398,Thủ tục tổ chức cuộc thi. liên hoan trên địa bàn quản lý (không thuộc trường hợp toàn quốc và quốc tế của các hội chuyên ngành về nghệ thuật biểu diễn thuộc Trung ương. đơn vị sự nghiệp công lập có chức năng biểu diễn nghệ thuật thuộc Trung ương),Nghệ thuật biểu diễn,Sở Văn hóa và Thể thao,Toàn trình,Cấp tỉnh,1,31,https://datafiles.hanoi.gov.vn/gov-hni/8123/VanBan/2026/4/22/QD%20492%20PL1.pdf,2026-04-14,False,False,PL1-0850_1_009398.md
PL1-0851,851,1.009403,Thủ tục ra nước ngoài dự thi người đẹp. người mẫu,Nghệ thuật biểu diễn,Sở Văn hóa và Thể thao,Toàn trình,Cấp tỉnh,1,31,https://datafiles.hanoi.gov.vn/gov-hni/8123/VanBan/2026/4/22/QD%20492%20PL1.pdf,2026-04-14,False,False,PL1-0851_1_009403.md
PL1-0852,852,1.009399,Thủ tục tổ chức cuộc thi người đẹp. người mẫu,Nghệ thuật biểu diễn,Sở Văn hóa và Thể thao,Toàn trình,Cấp tỉnh,1,31,https://datafiles.hanoi.gov.vn/gov-hni/8123/VanBan/2026/4/22/QD%20492%20PL1.pdf,2026-04-14,False,False,PL1-0852_1_009399.md
PL1-0853,853,1.009397,Thủ tục tổ chức biểu diễn nghệ thuật trên địa bàn quản lý (không thuộc trường hợp trong khuôn khổ hợp tác quốc tế của các hội chuyên ngành về nghệ thuật biểu diễn thuộc Trung ương. đơn vị sự nghiệp công lập có chức năng biểu diễn nghệ thuật thuộc Trung ương),Nghệ thuật biểu diễn,Sở Văn hóa và Thể thao,Toàn trình,Cấp tỉnh,1,31,https://datafiles.hanoi.gov.vn/gov-hni/8123/VanBan/2026/4/22/QD%20492%20PL1.pdf,2026-04-14,False,False,PL1-0853_1_009397.md
PL1-0854,854,1.000485,Thủ tục cấp giấy chứng nhận đủ điều kiện kinh doanh hoạt động thể thao đối với môn Patin,Thể dục thể thao,Sở Văn hóa và Thể thao,Toàn trình,Cấp xã,1,31,https://datafiles.hanoi.gov.vn/gov-hni/8123/VanBan/2026/4/22/QD%20492%20PL1.pdf,2026-04-14,False,False,PL1-0854_1_000485.md
PL1-0855,855,1.000544,Thủ tục cấp Giấy chứng nhận đủ điều kiện kinh doanh hoạt động thể thao đối với môn Võ cổ truyền. vovinam,Thể dục thể thao,Sở Văn hóa và Thể thao,Toàn trình,Cấp xã,1,32,https://datafiles.hanoi.gov.vn/gov-hni/8123/VanBan/2026/4/22/QD%20492%20PL1.pdf,2026-04-14,False,False,PL1-0855_1_000544.md
PL1-0856,856,1.001704,Thủ tục cấp giấy phép triển lãm tác phẩm nhiếp ảnh tại Việt Nam (thẩm quyền của Sở Văn hóa. Thể thao và Du lịch/Sở Văn hóa và Thể thao),"Mỹ thuật, nhiếp ảnh, triển lãm",Sở Văn hóa và Thể thao,Toàn trình,Cấp tỉnh,1,32,https://datafiles.hanoi.gov.vn/gov-hni/8123/VanBan/2026/4/22/QD%20492%20PL1.pdf,2026-04-14,False,False,PL1-0856_1_001704.md
PL1-0857,857,1.001809,Thủ tục cấp giấy phép triển lãm mỹ thuật (thẩm quyền của Ủy ban nhân dân cấp tỉnh),"Mỹ thuật, nhiếp ảnh, triển lãm",Sở Văn hóa và Thể thao,Toàn trình,Cấp xã,1,32,https://datafiles.hanoi.gov.vn/gov-hni/8123/VanBan/2026/4/22/QD%20492%20PL1.pdf,2026-04-14,False,False,PL1-0857_1_001809.md
PL1-0858,858,1.001833,Thủ tục tiếp nhận thông báo tổ chức thi sáng tác tác phẩm mỹ thuật (thẩm quyền của Sở Văn hóa. Thể thao và Du lịch),"Mỹ thuật, nhiếp ảnh, triển lãm",Sở Văn hóa và Thể thao,Toàn trình,Cấp tỉnh,1,32,https://datafiles.hanoi.gov.vn/gov-hni/8123/VanBan/2026/4/22/QD%20492%20PL1.pdf,2026-04-14,False,False,PL1-0858_1_001833.md
PL1-0859,859,1.003838,Thủ tục cho phép người Việt Nam định cư ở nước ngoài. tổ chức. cá nhân nước ngoài tiến hành nghiên cứu. sưu tầm. tư liệu hóa di sản văn hóa phi vật thể tại địa phương,Di sản văn hóa,Sở Văn hóa và Thể thao,Toàn trình,Cấp tỉnh,1,32,https://datafiles.hanoi.gov.vn/gov-hni/8123/VanBan/2026/4/22/QD%20492%20PL1.pdf,2026-04-14,False,False,PL1-0859_1_003838.md
PL1-0860,860,1.004645,Thủ tục thông báo tổ chức đoàn người thực hiện quảng cáo,Quảng cáo,Sở Văn hóa và Thể thao,Toàn trình,Cấp tỉnh,1,32,https://datafiles.hanoi.gov.vn/gov-hni/8123/VanBan/2026/4/22/QD%20492%20PL1.pdf,2026-04-14,False,False,PL1-0860_1_004645.md
PL1-0861,861,1.004650,Thủ tục tiếp nhận hồ sơ thông báo sản phẩm quảng cáo trên bảng quảng cáo. băng-rôn,Quảng cáo,Sở Văn hóa và Thể thao,Toàn trình,Cấp xã,1,32,https://datafiles.hanoi.gov.vn/gov-hni/8123/VanBan/2026/4/22/QD%20492%20PL1.pdf,2026-04-14,False,False,PL1-0861_1_004650.md
PL1-0862,862,1.003622,Thủ tục thông báo tổ chức lễ hội cấp xã,Văn hóa,Sở Văn hóa và Thể thao,Toàn trình,Cấp xã,1,32,https://datafiles.hanoi.gov.vn/gov-hni/8123/VanBan/2026/4/22/QD%20492%20PL1.pdf,2026-04-14,False,False,PL1-0862_1_003622.md
PL1-0863,863,1.001671,Thủ tục cấp giấy phép đưa tác phẩm nhiếp ảnh từ Việt Nam ra nước ngoài triển lãm (thẩm quyền của Sở Văn hóa. Thể thao và Du lịch/Sở Văn hóa và Thể thao),"Mỹ thuật, nhiếp ảnh, triển lãm",Sở Văn hóa và Thể thao,Toàn trình,Cấp tỉnh,1,32,https://datafiles.hanoi.gov.vn/gov-hni/8123/VanBan/2026/4/22/QD%20492%20PL1.pdf,2026-04-14,False,False,PL1-0863_1_001671.md
PL1-0864,864,1.003654,Thủ tục thông báo tổ chức lễ hội (thẩm quyền của UBND cấp tỉnh),Văn hóa,Sở Văn hóa và Thể thao,Toàn trình,Cấp tỉnh,1,32,https://datafiles.hanoi.gov.vn/gov-hni/8123/VanBan/2026/4/22/QD%20492%20PL1.pdf,2026-04-14,False,False,PL1-0864_1_003654.md
PL1-0865,865,1.003676,Thủ tục đăng ký tổ chức lễ hội (thẩm quyền của UBND cấp tỉnh),Văn hóa,Sở Văn hóa và Thể thao,Toàn trình,Cấp tỉnh,1,32,https://datafiles.hanoi.gov.vn/gov-hni/8123/VanBan/2026/4/22/QD%20492%20PL1.pdf,2026-04-14,False,False,PL1-0865_1_003676.md
PL1-0866,866,1.001147,Thủ tục thông báo tổ chức triển lãm do tổ chức ở địa phương hoặc cá nhân tổ chức tại địa phương không vì mục đích thương mại,"Mỹ thuật, nhiếp ảnh, triển lãm",Sở Văn hóa và Thể thao,Toàn trình,Cấp tỉnh,1,32,https://datafiles.hanoi.gov.vn/gov-hni/8123/VanBan/2026/4/22/QD%20492%20PL1.pdf,2026-04-14,False,False,PL1-0866_1_001147.md
PL1-0867,867,1.001182,Thủ tục cấp lại giấy phép tổ chức triển lãm do cá nhân nước ngoài tổ chức tại địa phương không vì mục đích thương mại,"Mỹ thuật, nhiếp ảnh, triển lãm",Sở Văn hóa và Thể thao,Toàn trình,Cấp tỉnh,1,32,https://datafiles.hanoi.gov.vn/gov-hni/8123/VanBan/2026/4/22/QD%20492%20PL1.pdf,2026-04-14,False,False,PL1-0867_1_001182.md
PL1-0868,868,1.001191,Thủ tục cấp lại giấy phép tổ chức triển lãm do các tổ chức. cá nhân tại địa phương đưa ra nước ngoài không vì mục đích thương mại,"Mỹ thuật, nhiếp ảnh, triển lãm",Sở Văn hóa và Thể thao,Toàn trình,Cấp tỉnh,1,32,https://datafiles.hanoi.gov.vn/gov-hni/8123/VanBan/2026/4/22/QD%20492%20PL1.pdf,2026-04-14,False,False,PL1-0868_1_001191.md
PL1-0869,869,1.001211,Thủ tục cấp giấy phép tổ chức triển lãm do cá nhân nước ngoài tổ chức tại địa phương không vì mục đích thương mại,"Mỹ thuật, nhiếp ảnh, triển lãm",Sở Văn hóa và Thể thao,Toàn trình,Cấp tỉnh,1,32,https://datafiles.hanoi.gov.vn/gov-hni/8123/VanBan/2026/4/22/QD%20492%20PL1.pdf,2026-04-14,False,False,PL1-0869_1_001211.md
PL1-0870,870,1.001229,Thủ tục cấp giấy phép tổ chức triển lãm do các tổ chức. cá nhân tại địa phương đưa ra nước ngoài không vì mục đích thương mại,"Mỹ thuật, nhiếp ảnh, triển lãm",Sở Văn hóa và Thể thao,Toàn trình,Cấp tỉnh,1,32,https://datafiles.hanoi.gov.vn/gov-hni/8123/VanBan/2026/4/22/QD%20492%20PL1.pdf,2026-04-14,False,False,PL1-0870_1_001229.md
PL1-0871,871,1.001778,Thủ tục cấp giấy phép sao chép tác phẩm mỹ thuật về danh nhân văn hóa. anh hùng dân tộc. lãnh tụ,"Mỹ thuật, nhiếp ảnh, triển lãm",Sở Văn hóa và Thể thao,Toàn trình,Cấp tỉnh,1,32,https://datafiles.hanoi.gov.vn/gov-hni/8123/VanBan/2026/4/22/QD%20492%20PL1.pdf,2026-04-14,False,False,PL1-0871_1_001778.md
PL1-0872,872,2.001496,Thủ tục phê duyệt nội dung tác phẩm mỹ thuật. tác phẩm nhiếp ảnh nhập khẩu cấp tỉnh,"Mỹ thuật, nhiếp ảnh, triển lãm",Sở Văn hóa và Thể thao,Toàn trình,Cấp tỉnh,1,32,https://datafiles.hanoi.gov.vn/gov-hni/8123/VanBan/2026/4/22/QD%20492%20PL1.pdf,2026-04-14,False,False,PL1-0872_2_001496.md
PL1-0873,873,1.003560,Thủ tục xác nhận danh mục sản phẩm nghe nhìn có nội dung vui chơi giải trí nhập khẩu cấp tỉnh,Hoạt động mua bán quốc tế chuyên ngành văn hóa,Sở Văn hóa và Thể thao,Toàn trình,Cấp tỉnh,1,32,https://datafiles.hanoi.gov.vn/gov-hni/8123/VanBan/2026/4/22/QD%20492%20PL1.pdf,2026-04-14,False,False,PL1-0873_1_003560.md
PL1-0874,874,1.003784,Thủ tục thông báo nhập khẩu văn hóa phẩm (trừ di vật. cổ vật) không nhằm mục đích kinh doanh cấp tỉnh,Hoạt động mua bán quốc tế chuyên ngành văn hóa,Sở Văn hóa và Thể thao,Toàn trình,Cấp xã,1,32,https://datafiles.hanoi.gov.vn/gov-hni/8123/VanBan/2026/4/22/QD%20492%20PL1.pdf,2026-04-14,False,False,PL1-0874_1_003784.md
PL1-0875,875,1.000560,Thủ tục cấp Giấy chứng nhận đủ điều kiện kinh doanh hoạt động thể thao đối với môn Quyền anh,Thể dục thể thao,Sở Văn hóa và Thể thao,Toàn trình,Cấp tỉnh,1,32,https://datafiles.hanoi.gov.vn/gov-hni/8123/VanBan/2026/4/22/QD%20492%20PL1.pdf,2026-04-14,False,False,PL1-0875_1_000560.md
PL1-0876,876,1.000830,Thủ tục cấp Giấy chứng nhận đủ điều kiện kinh doanh hoạt động thể thao đối với môn Dù lượn và Diều bay,Thể dục thể thao,Sở Văn hóa và Thể thao,Toàn trình,Cấp tỉnh,1,32,https://datafiles.hanoi.gov.vn/gov-hni/8123/VanBan/2026/4/22/QD%20492%20PL1.pdf,2026-04-14,False,False,PL1-0876_1_000830.md
PL1-0877,877,1.000842,Thủ tục cấp Giấy chứng nhận đủ điều kiện kinh doanh hoạt động thể thao đối với môn Judo,Thể dục thể thao,Sở Văn hóa và Thể thao,Toàn trình,Cấp xã,1,32,https://datafiles.hanoi.gov.vn/gov-hni/8123/VanBan/2026/4/22/QD%20492%20PL1.pdf,2026-04-14,False,False,PL1-0877_1_000842.md
PL1-0878,878,1.000883,Thủ tục cấp Giấy chứng nhận đủ điều kiện kinh hoạt động thể thao đối với môn Bơi. Lặn,Thể dục thể thao,Sở Văn hóa và Thể thao,Toàn trình,Cấp tỉnh,1,32,https://datafiles.hanoi.gov.vn/gov-hni/8123/VanBan/2026/4/22/QD%20492%20PL1.pdf,2026-04-14,False,False,PL1-0878_1_000883.md
PL1-0879,879,1.000904,Thủ tục cấp giấy chứng nhận đủ điều kiện kinh doanh hoạt động thể thao đối với môn Karate,Thể dục thể thao,Sở Văn hóa và Thể thao,Toàn trình,Cấp xã,1,32,https://datafiles.hanoi.gov.vn/gov-hni/8123/VanBan/2026/4/22/QD%20492%20PL1.pdf,2026-04-14,False,False,PL1-0879_1_000904.md
PL1-0880,880,1.000983,Thủ tục cấp lại Giấy chứng nhận đủ điều kiện kinh doanh hoạt động thể thao trong trường hợp bị mất hoặc hư hỏng,Thể dục thể thao,Sở Văn hóa và Thể thao,Toàn trình,Cấp tỉnh,1,32,https://datafiles.hanoi.gov.vn/gov-hni/8123/VanBan/2026/4/22/QD%20492%20PL1.pdf,2026-04-14,False,False,PL1-0880_1_000983.md
PL1-0881,881,1.002445,Thủ tục cấp Giấy chứng nhận đủ điều kiện kinh doanh hoạt động thể thao của câu lạc bộ thể thao chuyên nghiệp,Thể dục thể thao,Sở Văn hóa và Thể thao,Toàn trình,Cấp tỉnh,1,32,https://datafiles.hanoi.gov.vn/gov-hni/8123/VanBan/2026/4/22/QD%20492%20PL1.pdf,2026-04-14,False,False,PL1-0881_1_002445.md
PL1-0882,882,1.003441,Thủ tục cấp lại Giấy chứng nhận đủ điều kiện kinh doanh hoạt động thể thao trong trường hợp thay đổi nội dung ghi trong giấy chứng nhận,Thể dục thể thao,Sở Văn hóa và Thể thao,Toàn trình,Cấp tỉnh,1,32,https://datafiles.hanoi.gov.vn/gov-hni/8123/VanBan/2026/4/22/QD%20492%20PL1.pdf,2026-04-14,False,False,PL1-0882_1_003441.md
PL1-0883,883,1.001782,Thủ tục đăng cai tổ chức giải thi đấu vô địch từng môn thể thao của tỉnh. thành phố trực thuộc trung ương,Thể dục thể thao,Sở Văn hóa và Thể thao,Toàn trình,Cấp tỉnh,1,32,https://datafiles.hanoi.gov.vn/gov-hni/8123/VanBan/2026/4/22/QD%20492%20PL1.pdf,2026-04-14,False,False,PL1-0883_1_001782.md
PL1-0884,884,1.002396,Thủ tục cấp Giấy chứng nhận đủ điều kiện kinh doanh hoạt động thể thao,Thể dục thể thao,Sở Văn hóa và Thể thao,Toàn trình,Cấp tỉnh,1,32,https://datafiles.hanoi.gov.vn/gov-hni/8123/VanBan/2026/4/22/QD%20492%20PL1.pdf,2026-04-14,False,False,PL1-0884_1_002396.md
PL1-0885,885,1.001056,Thủ tục cấp Giấy chứng nhận đủ điều kiện kinh doanh hoạt động thể thao đối với môn Đấu kiếm thể thao,Thể dục thể thao,Sở Văn hóa và Thể thao,Toàn trình,Cấp tỉnh,1,32,https://datafiles.hanoi.gov.vn/gov-hni/8123/VanBan/2026/4/22/QD%20492%20PL1.pdf,2026-04-14,False,False,PL1-0885_1_001056.md
PL1-0886,886,1.001195,Thủ tục cấp Giấy chứng nhận đủ điều kiện kinh doanh hoạt động thể thao đối với môn Taekwondo,Thể dục thể thao,Sở Văn hóa và Thể thao,Toàn trình,Cấp xã,1,33,https://datafiles.hanoi.gov.vn/gov-hni/8123/VanBan/2026/4/22/QD%20492%20PL1.pdf,2026-04-14,False,False,PL1-0886_1_001195.md
PL1-0887,887,1.001213,Thủ tục cấp giấy chứng nhận đủ điều kiện kinh doanh hoạt động thể thao đối với môn Mô tô nước trên biển,Thể dục thể thao,Sở Văn hóa và Thể thao,Toàn trình,Cấp xã,1,33,https://datafiles.hanoi.gov.vn/gov-hni/8123/VanBan/2026/4/22/QD%20492%20PL1.pdf,2026-04-14,False,False,PL1-0887_1_001213.md
PL1-0888,888,1.001517,Thủ tục cấp giấy chứng nhận đủ điều kiện kinh doanh hoạt động thể thao đối với môn Leo núi thể thao,Thể dục thể thao,Sở Văn hóa và Thể thao,Toàn trình,Cấp xã,1,33,https://datafiles.hanoi.gov.vn/gov-hni/8123/VanBan/2026/4/22/QD%20492%20PL1.pdf,2026-04-14,False,False,PL1-0888_1_001517.md
PL1-0889,889,1.001801,Thủ tục cấp Giấy chứng nhận đủ điều kiện kinh doanh hoạt động thể thao đối với môn Bắn súng thể thao,Thể dục thể thao,Sở Văn hóa và Thể thao,Toàn trình,Cấp tỉnh,1,33,https://datafiles.hanoi.gov.vn/gov-hni/8123/VanBan/2026/4/22/QD%20492%20PL1.pdf,2026-04-14,False,False,PL1-0889_1_001801.md
PL1-0890,890,1.005162,Thủ tục cấp giấy chứng nhận đủ điều kiện kinh doanh hoạt động thể thao đối với môn Wushu,Thể dục thể thao,Sở Văn hóa và Thể thao,Toàn trình,Cấp xã,1,33,https://datafiles.hanoi.gov.vn/gov-hni/8123/VanBan/2026/4/22/QD%20492%20PL1.pdf,2026-04-14,False,False,PL1-0890_1_005162.md
PL1-0891,891,1.005357,Thủ tục cấp Giấy chứng nhận đủ điều kiện kinh doanh hoạt động thể thao đối với môn Lặn biển thể thao giải trí,Thể dục thể thao,Sở Văn hóa và Thể thao,Toàn trình,Cấp xã,1,33,https://datafiles.hanoi.gov.vn/gov-hni/8123/VanBan/2026/4/22/QD%20492%20PL1.pdf,2026-04-14,False,False,PL1-0891_1_005357.md
PL1-0892,892,2.002188,Thủ tục Cấp Giấy chứng nhận đủ điều kiện kinh doanh hoạt động thể thao đối với môn Lân Sư Rồng,Thể dục thể thao,Sở Văn hóa và Thể thao,Toàn trình,Cấp tỉnh,1,33,https://datafiles.hanoi.gov.vn/gov-hni/8123/VanBan/2026/4/22/QD%20492%20PL1.pdf,2026-04-14,False,False,PL1-0892_2_002188.md
PL1-0893,893,2.001098,Cấp giấy phép thiết lập trang thông tin điện tử tổng hợp (địa phương),"Phát thanh, truyền hình và thông tin điện tử",Sở Văn hóa và Thể thao,Toàn trình,Cấp tỉnh,1,33,https://datafiles.hanoi.gov.vn/gov-hni/8123/VanBan/2026/4/22/QD%20492%20PL1.pdf,2026-04-14,False,False,PL1-0893_2_001098.md
PL1-0894,894,1.003868,Thủ tục cấp giấy phép xuất bản tài liệu không kinh doanh,"Xuất Bản, In và Phát hành",Sở Văn hóa và Thể thao,Toàn trình,Cấp tỉnh,1,33,https://datafiles.hanoi.gov.vn/gov-hni/8123/VanBan/2026/4/22/QD%20492%20PL1.pdf,2026-04-14,False,False,PL1-0894_1_003868.md
PL1-0895,895,1.003114,Thủ tục cấp giấy xác nhận đăng ký hoạt động phát hành xuất bản phẩm,"Xuất Bản, In và Phát hành",Sở Văn hóa và Thể thao,Toàn trình,Cấp tỉnh,1,33,https://datafiles.hanoi.gov.vn/gov-hni/8123/VanBan/2026/4/22/QD%20492%20PL1.pdf,2026-04-14,False,False,PL1-0895_1_003114.md
PL1-0896,896,2.001171,Cho phép họp báo trong nước (địa phương),Báo chí,Sở Văn hóa và Thể thao,Toàn trình,Cấp tỉnh,1,33,https://datafiles.hanoi.gov.vn/gov-hni/8123/VanBan/2026/4/22/QD%20492%20PL1.pdf,2026-04-14,False,False,PL1-0896_2_001171.md
PL1-0897,897,2.001737,Xác nhận thay đổi thông tin đăng ký hoạt động cơ sở in,Xuất Bản. In và Phát hành,Sở Văn hóa và Thể thao,Toàn trình,Cấp tỉnh và cấp xã,1,33,https://datafiles.hanoi.gov.vn/gov-hni/8123/VanBan/2026/4/22/QD%20492%20PL1.pdf,2026-04-14,False,False,PL1-0897_2_001737.md
PL1-0898,898,2.001740,Xác nhận đăng ký hoạt động cơ sở in,Xuất Bản. In và Phát hành,Sở Văn hóa và Thể thao,Toàn trình,Cấp tỉnh và cấp xã,1,33,https://datafiles.hanoi.gov.vn/gov-hni/8123/VanBan/2026/4/22/QD%20492%20PL1.pdf,2026-04-14,False,False,PL1-0898_2_001740.md
PL1-0899,899,1.003483,Thủ tục cấp giấy phép tổ chức triển lãm. hội chợ xuất bản phẩm,Xuất Bản. In và Phát hành,Sở Văn hóa và Thể thao,Toàn trình,Cấp tỉnh,1,33,https://datafiles.hanoi.gov.vn/gov-hni/8123/VanBan/2026/4/22/QD%20492%20PL1.pdf,2026-04-14,False,False,PL1-0899_1_003483.md
PL1-0900,900,2.001564,Cấp giấy phép in gia công xuất bản phẩm cho nước ngoài (địa phương),Xuất Bản. In và Phát hành,Sở Văn hóa và Thể thao,Toàn trình,Cấp tỉnh,1,33,https://datafiles.hanoi.gov.vn/gov-hni/8123/VanBan/2026/4/22/QD%20492%20PL1.pdf,2026-04-14,False,False,PL1-0900_2_001564.md
PL1-0901,901,1.003729,Cấp đổi giấy phép hoạt động in xuất bản phẩm,Xuất Bản. In và Phát hành,Sở Văn hóa và Thể thao,Toàn trình,Cấp tỉnh và cấp xã,1,33,https://datafiles.hanoi.gov.vn/gov-hni/8123/VanBan/2026/4/22/QD%20492%20PL1.pdf,2026-04-14,False,False,PL1-0901_1_003729.md
PL1-0902,902,2.001584,Cấp lại giấy phép hoạt động in xuất bản phẩm,Xuất Bản. In và Phát hành,Sở Văn hóa và Thể thao,Toàn trình,Cấp tỉnh và cấp xã,1,33,https://datafiles.hanoi.gov.vn/gov-hni/8123/VanBan/2026/4/22/QD%20492%20PL1.pdf,2026-04-14,False,False,PL1-0902_2_001584.md
PL1-0903,903,2.001087,Cấp lại giấy phép thiết lập trang thông tin điện tử tổng hợp (địa phương),Phát thanh. truyền hình và thông tin điện tử,Sở Văn hóa và Thể thao,Toàn trình,Cấp tỉnh,1,33,https://datafiles.hanoi.gov.vn/gov-hni/8123/VanBan/2026/4/22/QD%20492%20PL1.pdf,2026-04-14,False,False,PL1-0903_2_001087.md
PL1-0904,904,2.001091,Gia hạn giấy phép thiết lập trang thông tin điện tử tổng hợp (địa phương),Phát thanh. truyền hình và thông tin điện tử,Sở Văn hóa và Thể thao,Toàn trình,Cấp tỉnh,1,33,https://datafiles.hanoi.gov.vn/gov-hni/8123/VanBan/2026/4/22/QD%20492%20PL1.pdf,2026-04-14,False,False,PL1-0904_2_001091.md
PL1-0905,905,1.005452,Sửa đổi. bổ sung giấy phép thiết lập trang thông tin điện tử tổng hợp (địa phương),Phát thanh. truyền hình và thông tin điện tử,Sở Văn hóa và Thể thao,Toàn trình,Cấp tỉnh,1,33,https://datafiles.hanoi.gov.vn/gov-hni/8123/VanBan/2026/4/22/QD%20492%20PL1.pdf,2026-04-14,False,False,PL1-0905_1_005452.md
PL1-0906,906,1.014613,Thủ tục cấp lại giấy phép hoạt động bảo tàng ngoài công lập,Di sản văn hóa,Sở Văn hóa và Thể thao,Toàn trình,Cấp tỉnh,1,33,https://datafiles.hanoi.gov.vn/gov-hni/8123/VanBan/2026/4/22/QD%20492%20PL1.pdf,2026-04-14,False,False,PL1-0906_1_014613.md
PL1-0907,907,2.001631,Thủ tục đăng ký di vật. cổ vật,Di sản văn hóa,Sở Văn hóa và Thể thao,Toàn trình,Cấp tỉnh,1,33,https://datafiles.hanoi.gov.vn/gov-hni/8123/VanBan/2026/4/22/QD%20492%20PL1.pdf,2026-04-14,False,False,PL1-0907_2_001631.md
PL1-0908,908,2.001591,Thủ tục cấp phép khai quật khảo cổ khẩn cấp,Di sản văn hóa,Sở Văn hóa và Thể thao,Toàn trình,Cấp tỉnh,1,33,https://datafiles.hanoi.gov.vn/gov-hni/8123/VanBan/2026/4/22/QD%20492%20PL1.pdf,2026-04-14,False,False,PL1-0908_2_001591.md
PL1-0909,909,1.003738,Thủ tục cấp Chứng chỉ hành nghề kinh doanh di vật. cổ vật,Di sản văn hóa,Sở Văn hóa và Thể thao,Toàn trình,Cấp tỉnh,1,33,https://datafiles.hanoi.gov.vn/gov-hni/8123/VanBan/2026/4/22/QD%20492%20PL1.pdf,2026-04-14,False,False,PL1-0909_1_003738.md
PL1-0910,910,1.001106,Thủ tục cấp Giấy chứng nhận đủ điều kiện kinh doanh giám định di vật. cổ vật,Di sản văn hóa,Sở Văn hóa và Thể thao,Toàn trình,Cấp tỉnh,1,33,https://datafiles.hanoi.gov.vn/gov-hni/8123/VanBan/2026/4/22/QD%20492%20PL1.pdf,2026-04-14,False,False,PL1-0910_1_001106.md
PL1-0911,911,1.001123,Thủ tục cấp lại Giấy chứng nhận đủ điều kiện kinh doanh giám định di vật. cổ vật,Di sản văn hóa,Sở Văn hóa và Thể thao,Toàn trình,Cấp tỉnh,1,33,https://datafiles.hanoi.gov.vn/gov-hni/8123/VanBan/2026/4/22/QD%20492%20PL1.pdf,2026-04-14,False,False,PL1-0911_1_001123.md
PL1-0912,912,1.001822,Thủ tục cấp Chứng chỉ hành nghề bảo quản. tu bổ. phục hồi di tích,Di sản văn hóa,Sở Văn hóa và Thể thao,Toàn trình,Cấp tỉnh,1,33,https://datafiles.hanoi.gov.vn/gov-hni/8123/VanBan/2026/4/22/QD%20492%20PL1.pdf,2026-04-14,False,False,PL1-0912_1_001822.md
PL1-0913,913,1.002003,Thủ tục cấp lại Chứng chỉ hành nghề bảo quản. tu bổ. phục hồi di tích,Di sản văn hóa,Sở Văn hóa và Thể thao,Toàn trình,Cấp tỉnh,1,33,https://datafiles.hanoi.gov.vn/gov-hni/8123/VanBan/2026/4/22/QD%20492%20PL1.pdf,2026-04-14,False,False,PL1-0913_1_002003.md
PL1-0914,914,1.003901,Thủ tục cấp Giấy chứng nhận đủ điều kiện hành nghề bảo quản. tu bổ. phục hồi di tích,Di sản văn hóa,Sở Văn hóa và Thể thao,Toàn trình,Cấp tỉnh,1,33,https://datafiles.hanoi.gov.vn/gov-hni/8123/VanBan/2026/4/22/QD%20492%20PL1.pdf,2026-04-14,False,False,PL1-0914_1_003901.md
PL1-0915,915,2.001641,Thủ tục cấp lại Giấy chứng nhận đủ điều kiện hành nghề bảo quản. tu bổ. phục hồi di tích,Di sản văn hóa,Sở Văn hóa và Thể thao,Toàn trình,Cấp tỉnh,1,33,https://datafiles.hanoi.gov.vn/gov-hni/8123/VanBan/2026/4/22/QD%20492%20PL1.pdf,2026-04-14,False,False,PL1-0915_2_001641.md
PL1-0916,916,1.014475,Thủ tục hành chính liên thông điện tử về cấp Giấy phép đủ điều kiện kinh doanh dịch vụ karaoke,Văn hóa,Sở Văn hóa và Thể thao,Toàn trình,Cấp xã,1,33,https://datafiles.hanoi.gov.vn/gov-hni/8123/VanBan/2026/4/22/QD%20492%20PL1.pdf,2026-04-14,False,False,PL1-0916_1_014475.md
PL1-0917,917,1.003793,Thủ tục cấp giấy phép hoạt động bảo tàng ngoài công lập,Di sản văn hóa,Sở Văn hóa và Thể thao,Toàn trình,Cấp tỉnh,1,33,https://datafiles.hanoi.gov.vn/gov-hni/8123/VanBan/2026/4/22/QD%20492%20PL1.pdf,2026-04-14,False,False,PL1-0917_1_003793.md
PL1-0918,918,2.002313,Cho chủ trương đăng cai tổ chức hội nghị. hội thảo quốc tế không thuộc thẩm quyền cho phép của Thủ tướng Chính phủ;,Hội nghị. hội thảo quốc tế,Văn phòng Ủy ban nhân dân Thành phố,Toàn trình,Cấp tỉnh,1,33,https://datafiles.hanoi.gov.vn/gov-hni/8123/VanBan/2026/4/22/QD%20492%20PL1.pdf,2026-04-14,False,False,PL1-0918_2_002313.md
PL1-0919,919,2.002311,Cho phép tổ chức hội nghị. hội thảo quốc tế không thuộc thầm quyền cho phép của Thủ tướng Chính phủ,Hội nghị. hội thảo quốc tế,Văn phòng Ủy ban nhân dân Thành phố,Toàn trình,Cấp tỉnh,1,33,https://datafiles.hanoi.gov.vn/gov-hni/8123/VanBan/2026/4/22/QD%20492%20PL1.pdf,2026-04-14,False,False,PL1-0919_2_002311.md
PL1-0920,920,1.002268,Đăng ký khai thác tuyến. bổ sung hoặc thay thế phương tiện khai thác tuyến vận tải hành khách cố định giữa Việt Nam. Lào và Campuchia,Đường bộ,Sở Xây dựng,Toàn trình,Cấp tỉnh,1,34,https://datafiles.hanoi.gov.vn/gov-hni/8123/VanBan/2026/4/22/QD%20492%20PL1.pdf,2026-04-14,False,False,PL1-0920_1_002268.md
PL1-0921,921,1.002861,Cấp. cấp lại Giấy phép vận tải đường bộ quốc tế giữa Việt Nam và Lào,Đường bộ,Sở Xây dựng,Toàn trình,Cấp tỉnh,1,34,https://datafiles.hanoi.gov.vn/gov-hni/8123/VanBan/2026/4/22/QD%20492%20PL1.pdf,2026-04-14,False,False,PL1-0921_1_002861.md
PL1-0922,922,1.002856,Cấp. cấp lại Giấy phép liên vận giữa Việt Nam và Lào,Đường bộ,Sở Xây dựng,Toàn trình,Cấp tỉnh,1,34,https://datafiles.hanoi.gov.vn/gov-hni/8123/VanBan/2026/4/22/QD%20492%20PL1.pdf,2026-04-14,False,False,PL1-0922_1_002856.md
PL1-0923,923,1.001023,Cấp. cấp lại Giấy phép liên vận giữa Việt Nam và Campuchia,Đường bộ,Sở Xây dựng,Toàn trình,Cấp tỉnh,1,34,https://datafiles.hanoi.gov.vn/gov-hni/8123/VanBan/2026/4/22/QD%20492%20PL1.pdf,2026-04-14,False,False,PL1-0923_1_001023.md
PL1-0924,924,1.002877,Cấp. cấp lại Giấy phép liên vận giữa Việt Nam. Lào và Campuchia,Đường bộ,Sở Xây dựng,Toàn trình,Cấp tỉnh,1,34,https://datafiles.hanoi.gov.vn/gov-hni/8123/VanBan/2026/4/22/QD%20492%20PL1.pdf,2026-04-14,False,False,PL1-0924_1_002877.md
PL1-0925,925,1.000703,Cấp Giấy phép kinh doanh vận tải bằng xe ô tô. bằng xe bốn bánh có gắn động cơ,Đường bộ,Sở Xây dựng,Toàn trình,Cấp tỉnh,1,34,https://datafiles.hanoi.gov.vn/gov-hni/8123/VanBan/2026/4/22/QD%20492%20PL1.pdf,2026-04-14,False,False,PL1-0925_1_000703.md
PL1-0926,926,2.002286,Cấp lại Giấy phép kinh doanh vận tải bằng xe ô tô. bằng xe bốn bánh có gắn động cơ khi có sự thay đổi liên quan đến nội dung của Giấy phép kinh doanh hoặc Giấy phép kinh doanh bị thu hồi,Đường bộ,Sở Xây dựng,Toàn trình,Cấp tỉnh,1,34,https://datafiles.hanoi.gov.vn/gov-hni/8123/VanBan/2026/4/22/QD%20492%20PL1.pdf,2026-04-14,False,False,PL1-0926_2_002286.md
PL1-0927,927,2.002287,Cấp lại Giấy phép kinh doanh vận tải bằng xe ô tô. bằng xe bốn bánh có gắn động cơ trường hợp Giấy phép kinh doanh bị mất. bị hỏng,Đường bộ,Sở Xây dựng,Toàn trình,Cấp tỉnh,1,34,https://datafiles.hanoi.gov.vn/gov-hni/8123/VanBan/2026/4/22/QD%20492%20PL1.pdf,2026-04-14,False,False,PL1-0927_2_002287.md
PL1-0928,928,2.002288,Cấp. cấp lại phù hiệu cho xe ô tô. xe bốn bánh có gắn động cơ kinh doanh vận tải,Đường bộ,Sở Xây dựng,Toàn trình,Cấp tỉnh,1,34,https://datafiles.hanoi.gov.vn/gov-hni/8123/VanBan/2026/4/22/QD%20492%20PL1.pdf,2026-04-14,False,False,PL1-0928_2_002288.md
PL1-0929,929,2.002285,Đăng ký khai thác tuyến vận tải hành khách cố định,Đường bộ,Sở Xây dựng,Toàn trình,Cấp tỉnh,1,34,https://datafiles.hanoi.gov.vn/gov-hni/8123/VanBan/2026/4/22/QD%20492%20PL1.pdf,2026-04-14,False,False,PL1-0929_2_002285.md
PL1-0930,930,1.004993,Cấp lại Giấy chứng nhận giáo viên dạy thực hành lái xe,Đường bộ,Sở Xây dựng,Toàn trình,Cấp tỉnh,1,34,https://datafiles.hanoi.gov.vn/gov-hni/8123/VanBan/2026/4/22/QD%20492%20PL1.pdf,2026-04-14,False,False,PL1-0930_1_004993.md
PL1-0931,931,1.005210,Cấp lại Giấy phép đào tạo lái xe ô tô khi bị mất. bị hỏng. có sự thay đổi về tên của cơ sở đào tạo,Đường bộ,Sở Xây dựng,Toàn trình,Cấp tỉnh,1,34,https://datafiles.hanoi.gov.vn/gov-hni/8123/VanBan/2026/4/22/QD%20492%20PL1.pdf,2026-04-14,False,False,PL1-0931_1_005210.md
PL1-0932,932,1.001046,Chấp thuận thiết kế nút giao đấu nối vào đường quốc lộ đang khai thác,Đường bộ,Sở Xây dựng,Toàn trình,Cấp tỉnh,1,34,https://datafiles.hanoi.gov.vn/gov-hni/8123/VanBan/2026/4/22/QD%20492%20PL1.pdf,2026-04-14,False,False,PL1-0932_1_001046.md
PL1-0933,933,1.001061,Cấp phép thi công nút giao đấu nối vào đường quốc lộ đang khai thác,Đường bộ,Sở Xây dựng,Toàn trình,Cấp tỉnh,1,34,https://datafiles.hanoi.gov.vn/gov-hni/8123/VanBan/2026/4/22/QD%20492%20PL1.pdf,2026-04-14,False,False,PL1-0933_1_001061.md
PL1-0934,934,1.013276,Chấp thuận bổ sung vị trí nút giao đấu nối vào đường cao tốc,Đường bộ,Sở Xây dựng,Toàn trình,Cấp tỉnh,1,34,https://datafiles.hanoi.gov.vn/gov-hni/8123/VanBan/2026/4/22/QD%20492%20PL1.pdf,2026-04-14,False,False,PL1-0934_1_013276.md
PL1-0935,935,1.002798,Phê duyệt phương án tổ chức giao thông trước khi đưa đường cao tốc vào khai thác; phê duyệt điều chỉnh. bổ sung phương án tổ chức giao thông đường cao tốc trong thời gian khai thác,Đường bộ,Sở Xây dựng,Toàn trình,Cấp tỉnh,1,34,https://datafiles.hanoi.gov.vn/gov-hni/8123/VanBan/2026/4/22/QD%20492%20PL1.pdf,2026-04-14,False,False,PL1-0935_1_002798.md
PL1-0936,936,1.002046,Gia hạn thời gian lưu hành tại Việt Nam cho phương tiện của các nước thực hiện Hiệp định GMS,Đường bộ,Sở Xây dựng,Toàn trình,Cấp tỉnh,1,34,https://datafiles.hanoi.gov.vn/gov-hni/8123/VanBan/2026/4/22/QD%20492%20PL1.pdf,2026-04-14,False,False,PL1-0936_1_002046.md
PL1-0937,937,1.001737,Gia hạn thời gian lưu hành tại Việt Nam cho phương tiện của Trung Quốc,Đường bộ,Sở Xây dựng,Toàn trình,Cấp tỉnh,1,34,https://datafiles.hanoi.gov.vn/gov-hni/8123/VanBan/2026/4/22/QD%20492%20PL1.pdf,2026-04-14,False,False,PL1-0937_1_001737.md
PL1-0938,938,1.001577,Gia hạn thời gian lưu hành tại Việt Nam cho phương tiện của Campuchia,Đường bộ,Sở Xây dựng,Toàn trình,Cấp tỉnh,1,34,https://datafiles.hanoi.gov.vn/gov-hni/8123/VanBan/2026/4/22/QD%20492%20PL1.pdf,2026-04-14,False,False,PL1-0938_1_001577.md
PL1-0939,939,1.002286,Gia hạn thời gian lưu hành tại Việt Nam cho phương tiện của Lào. Campuchia,Đường bộ,Sở Xây dựng,Toàn trình,Cấp tỉnh,1,34,https://datafiles.hanoi.gov.vn/gov-hni/8123/VanBan/2026/4/22/QD%20492%20PL1.pdf,2026-04-14,False,False,PL1-0939_1_002286.md
PL1-0940,940,1.002063,Gia hạn thời gian lưu hành tại Việt Nam cho phương tiện của Lào,Đường bộ,Sở Xây dựng,Toàn trình,Cấp tỉnh,1,34,https://datafiles.hanoi.gov.vn/gov-hni/8123/VanBan/2026/4/22/QD%20492%20PL1.pdf,2026-04-14,False,False,PL1-0940_1_002063.md
PL1-0941,941,1.010707,Gia hạn thời gian lưu hành tại Việt Nam cho phương tiện của các nước thực hiện các Hiệp định khung ASEAN về vận tải đường bộ qua biên giới,Đường bộ,Sở Xây dựng,Toàn trình,Cấp tỉnh,1,34,https://datafiles.hanoi.gov.vn/gov-hni/8123/VanBan/2026/4/22/QD%20492%20PL1.pdf,2026-04-14,False,False,PL1-0941_1_010707.md
PL1-0942,942,1.010702,Cấp. cấp lại Giấy phép vận tải đường bộ quốc tế ASEAN,Đường bộ,Sở Xây dựng,Toàn trình,Cấp tỉnh,1,34,https://datafiles.hanoi.gov.vn/gov-hni/8123/VanBan/2026/4/22/QD%20492%20PL1.pdf,2026-04-14,False,False,PL1-0942_1_010702.md
PL1-0943,943,1.010704,Cấp. cấp lại Giấy phép liên vận ASEAN,Đường bộ,Sở Xây dựng,Toàn trình,Cấp tỉnh,1,34,https://datafiles.hanoi.gov.vn/gov-hni/8123/VanBan/2026/4/22/QD%20492%20PL1.pdf,2026-04-14,False,False,PL1-0943_1_010704.md
PL1-0944,944,1.002829,Cấp. cấp lại Giấy phép vận tải đường bộ quốc tế GMS,Đường bộ,Sở Xây dựng,Toàn trình,Cấp tỉnh,1,34,https://datafiles.hanoi.gov.vn/gov-hni/8123/VanBan/2026/4/22/QD%20492%20PL1.pdf,2026-04-14,False,False,PL1-0944_1_002829.md
PL1-0945,945,1.002817,Cấp. cấp lại Giấy phép liên vận GMS hoặc sổ TAD,Đường bộ,Sở Xây dựng,Toàn trình,Cấp tỉnh,1,34,https://datafiles.hanoi.gov.vn/gov-hni/8123/VanBan/2026/4/22/QD%20492%20PL1.pdf,2026-04-14,False,False,PL1-0945_1_002817.md
PL1-0946,946,2.001034,Cấp Giấy phép vận tải đường bộ quốc tế giữa Việt Nam và Trung Quốc loại A. B. C. E. F. G cho phương tiện của Việt Nam,Đường bộ,Sở Xây dựng,Toàn trình,Cấp tỉnh,1,34,https://datafiles.hanoi.gov.vn/gov-hni/8123/VanBan/2026/4/22/QD%20492%20PL1.pdf,2026-04-14,False,False,PL1-0946_2_001034.md
PL1-0947,947,1.002334,Đăng ký khai thác tuyến. bổ sung hoặc thay thế phương tiện khai thác tuyến vận tải hành khách định kỳ giữa Việt Nam và Trung Quốc,Đường bộ,Sở Xây dựng,Toàn trình,Cấp tỉnh,1,34,https://datafiles.hanoi.gov.vn/gov-hni/8123/VanBan/2026/4/22/QD%20492%20PL1.pdf,2026-04-14,False,False,PL1-0947_1_002334.md
PL1-0948,948,1.002847,Đăng ký khai thác tuyến. bổ sung. thay thế phương tiện khai thác tuyến vận tải hành khách cố định giữa Việt Nam và Lào,Đường bộ,Sở Xây dựng,Toàn trình,Cấp tỉnh,1,34,https://datafiles.hanoi.gov.vn/gov-hni/8123/VanBan/2026/4/22/QD%20492%20PL1.pdf,2026-04-14,False,False,PL1-0948_1_002847.md
PL1-0949,949,1.000302,Cấp. cấp lại Giấy phép vận tải đường bộ quốc tế giữa Việt Nam và Campuchia,Đường bộ,Sở Xây dựng,Toàn trình,Cấp tỉnh,1,34,https://datafiles.hanoi.gov.vn/gov-hni/8123/VanBan/2026/4/22/QD%20492%20PL1.pdf,2026-04-14,False,False,PL1-0949_1_000302.md
PL1-0950,950,1.001666,Chấp thuận cơ sở kinh doanh đào tạo thẩm tra viên an toàn giao thông đường bộ,Đường bộ,Sở Xây dựng,Toàn trình,Cấp tỉnh,1,34,https://datafiles.hanoi.gov.vn/gov-hni/8123/VanBan/2026/4/22/QD%20492%20PL1.pdf,2026-04-14,False,False,PL1-0950_1_001666.md
PL1-0951,951,1.001692,Cấp chứng chỉ thẩm tra viên an toàn giao thông đường bộ,Đường bộ,Sở Xây dựng,Toàn trình,Cấp tỉnh,1,34,https://datafiles.hanoi.gov.vn/gov-hni/8123/VanBan/2026/4/22/QD%20492%20PL1.pdf,2026-04-14,False,False,PL1-0951_1_001692.md
PL1-0952,952,1.001725,Cấp đổi chứng chỉ thẩm tra viên an toàn giao thông đường bộ,Đường bộ,Sở Xây dựng,Toàn trình,Cấp tỉnh,1,34,https://datafiles.hanoi.gov.vn/gov-hni/8123/VanBan/2026/4/22/QD%20492%20PL1.pdf,2026-04-14,False,False,PL1-0952_1_001725.md
PL1-0953,953,1.001717,Cấp lại chứng chỉ thẩm tra viên an toàn giao thông đường bộ,Đường bộ,Sở Xây dựng,Toàn trình,Cấp tỉnh,1,34,https://datafiles.hanoi.gov.vn/gov-hni/8123/VanBan/2026/4/22/QD%20492%20PL1.pdf,2026-04-14,False,False,PL1-0953_1_001717.md
PL1-0954,954,2.000769,Cấp lại Chứng chỉ bồi dưỡng kiến thức pháp luật về giao thông đường bộ cho người điều khiển xe máy chuyên dùng tham gia giao thông đường bộ,Đường bộ,Sở Xây dựng,Toàn trình,Cấp tỉnh,1,34,https://datafiles.hanoi.gov.vn/gov-hni/8123/VanBan/2026/4/22/QD%20492%20PL1.pdf,2026-04-14,False,False,PL1-0954_2_000769.md
PL1-0955,955,1.013061,Cấp giấy phép thi công công trình trên đường bộ đang khai thác,Đường bộ,Sở Xây dựng,Toàn trình,Cấp tỉnh và cấp xã,1,34,https://datafiles.hanoi.gov.vn/gov-hni/8123/VanBan/2026/4/22/QD%20492%20PL1.pdf,2026-04-14,False,False,PL1-0955_1_013061.md
PL1-0956,956,1.000314,Chấp thuận vị trí đấu nối tạm vào đường bộ đang khai thác,Đường bộ,Sở Xây dựng,Toàn trình,Cấp tỉnh và cấp xã,1,34,https://datafiles.hanoi.gov.vn/gov-hni/8123/VanBan/2026/4/22/QD%20492%20PL1.pdf,2026-04-14,False,False,PL1-0956_1_000314.md
PL1-0957,957,2.001921,Chấp thuận vị trí. quy mô. kích thước. phương án tổ chức thi công biển quảng cáo. biển thông tin cổ động. tuyên truyền chính trị; chấp thuận xây dựng. lắp đặt công trình hạ tầng. công trình hạ tầng kỹ thuật sử dụng chung trong phạm vi bảo vệ kết cấu hạ tầng đường bộ; chấp thuận gia cường công trình đường bộ khi cần thiết để cho phép xe quá khổ giới hạn. xe quá tải trọng. xe bánh xích lưu hành trên đường bộ,Đường bộ,Sở Xây dựng,Toàn trình,Cấp tỉnh và cấp xã,1,35,https://datafiles.hanoi.gov.vn/gov-hni/8123/VanBan/2026/4/22/QD%20492%20PL1.pdf,2026-04-14,False,False,PL1-0957_2_001921.md
PL1-0958,958,1.009442,Thỏa thuận thông số kỹ thuật xây dựng luồng đường thủy nội địa,Hàng hải và đường thủy nội địa,Sở Xây dựng,Toàn trình,Cấp tỉnh,1,35,https://datafiles.hanoi.gov.vn/gov-hni/8123/VanBan/2026/4/22/QD%20492%20PL1.pdf,2026-04-14,False,False,PL1-0958_1_009442.md
PL1-0959,959,1.009445,Thỏa thuận nâng cấp bến thủy nội địa thành cảng thủy nội địa,Hàng hải và đường thủy nội địa,Sở Xây dựng,Toàn trình,Cấp tỉnh,1,35,https://datafiles.hanoi.gov.vn/gov-hni/8123/VanBan/2026/4/22/QD%20492%20PL1.pdf,2026-04-14,False,False,PL1-0959_1_009445.md
PL1-0960,960,1.009446,Công bố chuyển bến thủy nội địa thành cảng thủy nội địa trong trường hợp bến thủy nội địa có quy mô. thông số kỹ thuật phù hợp với cấp kỹ thuật cảng thủy nội địa,Hàng hải và đường thủy nội địa,Sở Xây dựng,Toàn trình,Cấp tỉnh,1,35,https://datafiles.hanoi.gov.vn/gov-hni/8123/VanBan/2026/4/22/QD%20492%20PL1.pdf,2026-04-14,False,False,PL1-0960_1_009446.md
PL1-0961,961,1.009448,Thiết lập khu neo đậu,Hàng hải và đường thủy nội địa,Sở Xây dựng,Toàn trình,Cấp tỉnh,1,35,https://datafiles.hanoi.gov.vn/gov-hni/8123/VanBan/2026/4/22/QD%20492%20PL1.pdf,2026-04-14,False,False,PL1-0961_1_009448.md
PL1-0962,962,1.009449,Công bố hoạt động khu neo đậu,Hàng hải và đường thủy nội địa,Sở Xây dựng,Toàn trình,Cấp tỉnh,1,35,https://datafiles.hanoi.gov.vn/gov-hni/8123/VanBan/2026/4/22/QD%20492%20PL1.pdf,2026-04-14,False,False,PL1-0962_1_009449.md
PL1-0963,963,1.009450,Công bố đóng khu neo đậu,Hàng hải và đường thủy nội địa,Sở Xây dựng,Toàn trình,Cấp tỉnh,1,35,https://datafiles.hanoi.gov.vn/gov-hni/8123/VanBan/2026/4/22/QD%20492%20PL1.pdf,2026-04-14,False,False,PL1-0963_1_009450.md
PL1-0964,964,1.009451,Thỏa thuận thiết lập báo hiệu đường thủy nội địa đối với công trình xây dựng. hoạt động trên đường thủy nội địa,Hàng hải và đường thủy nội địa,Sở Xây dựng,Toàn trình,Cấp tỉnh,1,35,https://datafiles.hanoi.gov.vn/gov-hni/8123/VanBan/2026/4/22/QD%20492%20PL1.pdf,2026-04-14,False,False,PL1-0964_1_009451.md
PL1-0965,965,1.004242,Công bố lại hoạt động cảng thủy nội địa,Hàng hải và đường thủy nội địa,Sở Xây dựng,Toàn trình,Cấp tỉnh,1,35,https://datafiles.hanoi.gov.vn/gov-hni/8123/VanBan/2026/4/22/QD%20492%20PL1.pdf,2026-04-14,False,False,PL1-0965_1_004242.md
PL1-0966,966,1.009456,Công bố hoạt động cảng thủy nội địa,Hàng hải và đường thủy nội địa,Sở Xây dựng,Toàn trình,Cấp tỉnh,1,35,https://datafiles.hanoi.gov.vn/gov-hni/8123/VanBan/2026/4/22/QD%20492%20PL1.pdf,2026-04-14,False,False,PL1-0966_1_009456.md
PL1-0967,967,1.009458,Công bố hoạt động cảng thủy nội địa trường hợp không còn nhu cầu tiếp nhận phương tiện thủy nước ngoài,Hàng hải và đường thủy nội địa,Sở Xây dựng,Toàn trình,Cấp tỉnh,1,35,https://datafiles.hanoi.gov.vn/gov-hni/8123/VanBan/2026/4/22/QD%20492%20PL1.pdf,2026-04-14,False,False,PL1-0967_1_009458.md
PL1-0968,968,1.009459,Công bố mở luồng chuyên dùng nối với luồng quốc gia. luồng chuyên dùng nối với luồng địa phương,Hàng hải và đường thủy nội địa,Sở Xây dựng,Toàn trình,Cấp tỉnh,1,35,https://datafiles.hanoi.gov.vn/gov-hni/8123/VanBan/2026/4/22/QD%20492%20PL1.pdf,2026-04-14,False,False,PL1-0968_1_009459.md
PL1-0969,969,1.009460,Công bố đóng luồng đường thủy nội địa khi không có nhu cầu khai thác. sử dụng,Hàng hải và đường thủy nội địa,Sở Xây dựng,Toàn trình,Cấp tỉnh,1,35,https://datafiles.hanoi.gov.vn/gov-hni/8123/VanBan/2026/4/22/QD%20492%20PL1.pdf,2026-04-14,False,False,PL1-0969_1_009460.md
PL1-0970,970,1.009461,Thông báo luồng đường thủy nội địa chuyên dùng,Hàng hải và đường thủy nội địa,Sở Xây dựng,Toàn trình,Cấp tỉnh,1,35,https://datafiles.hanoi.gov.vn/gov-hni/8123/VanBan/2026/4/22/QD%20492%20PL1.pdf,2026-04-14,False,False,PL1-0970_1_009461.md
PL1-0971,971,1.009462,Thỏa thuận thông số kỹ thuật xây dựng cảng thủy nội địa,Hàng hải và đường thủy nội địa,Sở Xây dựng,Toàn trình,Cấp tỉnh,1,35,https://datafiles.hanoi.gov.vn/gov-hni/8123/VanBan/2026/4/22/QD%20492%20PL1.pdf,2026-04-14,False,False,PL1-0971_1_009462.md
PL1-0972,972,1.009463,Thỏa thuận về nội dung liên quan đến đường thủy nội địa đối với công trình không thuộc kết cấu hạ tầng đường thủy nội địa và các hoạt động trên đường thủy nội địa,Hàng hải và đường thủy nội địa,Sở Xây dựng,Toàn trình,Cấp tỉnh,1,35,https://datafiles.hanoi.gov.vn/gov-hni/8123/VanBan/2026/4/22/QD%20492%20PL1.pdf,2026-04-14,False,False,PL1-0972_1_009463.md
PL1-0973,973,1.009464,Công bố hạn chế giao thông đường thủy nội địa,Hàng hải và đường thủy nội địa,Sở Xây dựng,Toàn trình,Cấp tỉnh,1,35,https://datafiles.hanoi.gov.vn/gov-hni/8123/VanBan/2026/4/22/QD%20492%20PL1.pdf,2026-04-14,False,False,PL1-0973_1_009464.md
PL1-0974,974,1.004261,Cấp Giấy phép vận tải qua biên giới,Hàng hải và đường thủy nội địa,Sở Xây dựng,Toàn trình,Cấp tỉnh,1,35,https://datafiles.hanoi.gov.vn/gov-hni/8123/VanBan/2026/4/22/QD%20492%20PL1.pdf,2026-04-14,False,False,PL1-0974_1_004261.md
PL1-0975,975,1.004259,Cấp lại Giấy phép vận tải qua biên giới,Hàng hải và đường thủy nội địa,Sở Xây dựng,Toàn trình,Cấp tỉnh,1,35,https://datafiles.hanoi.gov.vn/gov-hni/8123/VanBan/2026/4/22/QD%20492%20PL1.pdf,2026-04-14,False,False,PL1-0975_1_004259.md
PL1-0976,976,1.000344,Phê duyệt phương án vận tải hàng hóa siêu trường hoặc hàng hóa siêu trọng trên đường thủy nội địa,Hàng hải và đường thủy nội địa,Sở Xây dựng,Toàn trình,Cấp tỉnh,1,35,https://datafiles.hanoi.gov.vn/gov-hni/8123/VanBan/2026/4/22/QD%20492%20PL1.pdf,2026-04-14,False,False,PL1-0976_1_000344.md
PL1-0977,977,1.003135,Cấp. cấp lại. chuyển đổi giấy chứng nhận khả năng chuyên môn. chứng chỉ chuyên môn,Hàng hải và đường thủy nội địa,Sở Xây dựng,Toàn trình,Cấp tỉnh,1,35,https://datafiles.hanoi.gov.vn/gov-hni/8123/VanBan/2026/4/22/QD%20492%20PL1.pdf,2026-04-14,False,False,PL1-0977_1_003135.md
PL1-0978,978,2.001219,Chấp thuận hoạt động vui chơi. giải trí dưới nước tại vùng nước trên tuyến đường thủy nội địa. vùng nước cảng biển hoặc khu vực hàng hải,Hàng hải và đường thủy nội địa,Sở Xây dựng,Toàn trình,Cấp tỉnh,1,35,https://datafiles.hanoi.gov.vn/gov-hni/8123/VanBan/2026/4/22/QD%20492%20PL1.pdf,2026-04-14,False,False,PL1-0978_2_001219.md
PL1-0979,979,1.000940,Quyết định đưa cơ sở phá dỡ tàu biển vào hoạt động,Hàng hải và đường thủy nội địa,Sở Xây dựng,Toàn trình,Cấp tỉnh,1,36,https://datafiles.hanoi.gov.vn/gov-hni/8123/VanBan/2026/4/22/QD%20492%20PL1.pdf,2026-04-14,False,False,PL1-0979_1_000940.md
PL1-0980,980,1.007949,Quyết định lại đưa cơ sở phá dỡ tàu biển vào hoạt động,Hàng hải và đường thủy nội địa,Sở Xây dựng,Toàn trình,Cấp tỉnh,1,36,https://datafiles.hanoi.gov.vn/gov-hni/8123/VanBan/2026/4/22/QD%20492%20PL1.pdf,2026-04-14,False,False,PL1-0980_1_007949.md
PL1-0981,981,1.000892,Phê duyệt phương án phá dỡ tàu biển,Hàng hải và đường thủy nội địa,Sở Xây dựng,Toàn trình,Cấp tỉnh,1,36,https://datafiles.hanoi.gov.vn/gov-hni/8123/VanBan/2026/4/22/QD%20492%20PL1.pdf,2026-04-14,False,False,PL1-0981_1_000892.md
PL1-0982,982,2.000378,Cấp Giấy phép nhập khẩu tàu biển đã qua sử dụng để phá dỡ,Hàng hải và đường thủy nội địa,Sở Xây dựng,Toàn trình,Cấp tỉnh,1,36,https://datafiles.hanoi.gov.vn/gov-hni/8123/VanBan/2026/4/22/QD%20492%20PL1.pdf,2026-04-14,False,False,PL1-0982_2_000378.md
PL1-0983,983,1.013466,Chấp thuận vùng hoạt động tàu lặn,Hàng hải và đường thủy nội địa,Sở Xây dựng,Toàn trình,Cấp tỉnh,1,36,https://datafiles.hanoi.gov.vn/gov-hni/8123/VanBan/2026/4/22/QD%20492%20PL1.pdf,2026-04-14,False,False,PL1-0983_1_013466.md
PL1-0984,984,1.013467,Phê duyệt Phương án đưa tàu lặn vào hoạt động,Hàng hải và đường thủy nội địa,Sở Xây dựng,Toàn trình,Cấp tỉnh,1,36,https://datafiles.hanoi.gov.vn/gov-hni/8123/VanBan/2026/4/22/QD%20492%20PL1.pdf,2026-04-14,False,False,PL1-0984_1_013467.md
PL1-0985,985,1.013468,Chấm dứt hoạt động tàu lặn,Hàng hải và đường thủy nội địa,Sở Xây dựng,Toàn trình,Cấp tỉnh,1,36,https://datafiles.hanoi.gov.vn/gov-hni/8123/VanBan/2026/4/22/QD%20492%20PL1.pdf,2026-04-14,False,False,PL1-0985_1_013468.md
PL1-0986,986,1.009465,Chấp thuận phương án bảo đảm an toàn giao thông,Hàng hải và đường thủy nội địa,Sở Xây dựng,Toàn trình,Cấp tỉnh và cấp xã,1,36,https://datafiles.hanoi.gov.vn/gov-hni/8123/VanBan/2026/4/22/QD%20492%20PL1.pdf,2026-04-14,False,False,PL1-0986_1_009465.md
PL1-0987,987,1.009443,Đổi tên cảng. bến thủy nội địa. khu neo đậu,Hàng hải và đường thủy nội địa,Sở Xây dựng,Toàn trình,Cấp tỉnh,1,36,https://datafiles.hanoi.gov.vn/gov-hni/8123/VanBan/2026/4/22/QD%20492%20PL1.pdf,2026-04-14,False,False,PL1-0987_1_009443.md
PL1-0988,988,1.005021,Phê duyệt quy trình vận hành. khai thác bến phà. bến khách ngang sông sử dụng phà một lưỡi chở hành khách và xe ô tô,Hàng hải và đường thủy nội địa,Sở Xây dựng,Toàn trình,Cấp tỉnh,1,36,https://datafiles.hanoi.gov.vn/gov-hni/8123/VanBan/2026/4/22/QD%20492%20PL1.pdf,2026-04-14,False,False,PL1-0988_1_005021.md
PL1-0989,989,2.002001,cấp Giấy chứng nhận cơ sở đủ Điều kiện kinh doanh dịch vụ đào tạo thuyền viên. người lái phương tiện thủy nội địa,Hàng hải và đường thủy nội địa,Sở Xây dựng,Toàn trình,Cấp tỉnh,1,36,https://datafiles.hanoi.gov.vn/gov-hni/8123/VanBan/2026/4/22/QD%20492%20PL1.pdf,2026-04-14,False,False,PL1-0989_2_002001.md
PL1-0990,990,2.001998,Cấp lại Giấy chứng nhận cơ sở đủ Điều kiện kinh doanh dịch vụ đào tạo thuyền viên. người lái phương tiện thủy nội địa,Hàng hải và đường thủy nội địa,Sở Xây dựng,Toàn trình,Cấp tỉnh,1,36,https://datafiles.hanoi.gov.vn/gov-hni/8123/VanBan/2026/4/22/QD%20492%20PL1.pdf,2026-04-14,False,False,PL1-0990_2_001998.md
PL1-0991,991,1.001223,Thủ tục cấp Giấy phép nhập khẩu pháo hiệu hàng hải,Hàng hải và đường thủy nội địa,Sở Xây dựng,Toàn trình,Cấp tỉnh,1,36,https://datafiles.hanoi.gov.vn/gov-hni/8123/VanBan/2026/4/22/QD%20492%20PL1.pdf,2026-04-14,False,False,PL1-0991_1_001223.md
PL1-0992,992,2.002624,Chấp thuận đề xuất thực hiện nạo vét đường thủy nội địa địa phương,Hàng hải và đường thủy nội địa,Sở Xây dựng,Toàn trình,Cấp tỉnh,1,36,https://datafiles.hanoi.gov.vn/gov-hni/8123/VanBan/2026/4/22/QD%20492%20PL1.pdf,2026-04-14,False,False,PL1-0992_2_002624.md
PL1-0993,993,1.002771,Phê duyệt phương án trục vớt tài sản chìm đắm,Hàng hải và đường thủy nội địa,Sở Xây dựng,Toàn trình,Cấp tỉnh,1,36,https://datafiles.hanoi.gov.vn/gov-hni/8123/VanBan/2026/4/22/QD%20492%20PL1.pdf,2026-04-14,False,False,PL1-0993_1_002771.md
PL1-0994,994,2.001802,Chấp thuận khu vực. địa điểm tiếp nhận chất nạo vét trên bờ. nhận chìm ở biển,Hàng hải và đường thủy nội địa,Sở Xây dựng,Toàn trình,Cấp tỉnh,1,36,https://datafiles.hanoi.gov.vn/gov-hni/8123/VanBan/2026/4/22/QD%20492%20PL1.pdf,2026-04-14,False,False,PL1-0994_2_001802.md
PL1-0995,995,1.009444,Gia hạn hoạt động cảng. bến thủy nội địa,Hàng hải và đường thủy nội địa,Sở Xây dựng,Toàn trình,Cấp tỉnh và cấp xã,1,36,https://datafiles.hanoi.gov.vn/gov-hni/8123/VanBan/2026/4/22/QD%20492%20PL1.pdf,2026-04-14,False,False,PL1-0995_1_009444.md
PL1-0996,996,1.005040,Xác nhận trình báo đường thủy nội địa hoặc trình báo đường thủy nội địa bổ sung,Hàng hải và đường thủy nội địa,Sở Xây dựng,Toàn trình,Cấp tỉnh và cấp xã,1,36,https://datafiles.hanoi.gov.vn/gov-hni/8123/VanBan/2026/4/22/QD%20492%20PL1.pdf,2026-04-14,False,False,PL1-0996_1_005040.md
PL1-0997,997,1.004088,Đăng ký phương tiện lần đầu đối với phương tiện chưa khai thác trên đường thủy nội địa,Hàng hải và đường thủy nội địa,Sở Xây dựng,Toàn trình,Cấp tỉnh và cấp xã,1,36,https://datafiles.hanoi.gov.vn/gov-hni/8123/VanBan/2026/4/22/QD%20492%20PL1.pdf,2026-04-14,False,False,PL1-0997_1_004088.md
PL1-0998,998,1.004047,Đăng ký phương tiện lần đầu đối với phương tiện đang khai thác trên đường thủy nội địa,Hàng hải và đường thủy nội địa,Sở Xây dựng,Toàn trình,Cấp tỉnh và cấp xã,1,36,https://datafiles.hanoi.gov.vn/gov-hni/8123/VanBan/2026/4/22/QD%20492%20PL1.pdf,2026-04-14,False,False,PL1-0998_1_004047.md
PL1-0999,999,1.004002,Đăng ký lại phương tiện trong trường hợp chuyển quyền sở hữu phương tiện nhưng không thay đổi cơ quan đăng ký phương tiện,Hàng hải và đường thủy nội địa,Sở Xây dựng,Toàn trình,Cấp tỉnh và cấp xã,1,36,https://datafiles.hanoi.gov.vn/gov-hni/8123/VanBan/2026/4/22/QD%20492%20PL1.pdf,2026-04-14,False,False,PL1-0999_1_004002.md
PL1-1000,1000,1.003970,Đăng ký lại phương tiện trong trường hợp chuyển quyền sở hữu phương tiện đồng thời thay đổi cơ quan đăng ký phương tiện,Hàng hải và đường thủy nội địa,Sở Xây dựng,Toàn trình,Cấp tỉnh và cấp xã,1,36,https://datafiles.hanoi.gov.vn/gov-hni/8123/VanBan/2026/4/22/QD%20492%20PL1.pdf,2026-04-14,False,False,PL1-1000_1_003970.md
PL1-1001,1001,1.006391,Đăng ký lại phương tiện trong trường hợp chủ phương tiện thay đổi trụ sở hoặc nơi đăng ký hộ khẩu thường trú của chủ phương tiện sang đơn vị hành chính cấp tỉnh khác,Hàng hải và đường thủy nội địa,Sở Xây dựng,Toàn trình,Cấp tỉnh và cấp xã,1,36,https://datafiles.hanoi.gov.vn/gov-hni/8123/VanBan/2026/4/22/QD%20492%20PL1.pdf,2026-04-14,False,False,PL1-1001_1_006391.md
PL1-1002,1002,1.003930,Cấp lại Giấy chứng nhận đăng ký phương tiện,Hàng hải và đường thủy nội địa,Sở Xây dựng,Toàn trình,Cấp tỉnh và cấp xã,1,37,https://datafiles.hanoi.gov.vn/gov-hni/8123/VanBan/2026/4/22/QD%20492%20PL1.pdf,2026-04-14,False,False,PL1-1002_1_003930.md
PL1-1003,1003,1.004036,Đăng ký lại phương tiện trong trường hợp chuyển từ cơ quan đăng ký khác sang cơ quan đăng ký phương tiện thủy nội địa,Hàng hải và đường thủy nội địa,Sở Xây dựng,Toàn trình,Cấp tỉnh và cấp xã,1,37,https://datafiles.hanoi.gov.vn/gov-hni/8123/VanBan/2026/4/22/QD%20492%20PL1.pdf,2026-04-14,False,False,PL1-1003_1_004036.md
PL1-1004,1004,2.001659,Xóa đăng ký phương tiện,Hàng hải và đường thủy nội địa,Sở Xây dựng,Toàn trình,Cấp tỉnh và cấp xã,1,37,https://datafiles.hanoi.gov.vn/gov-hni/8123/VanBan/2026/4/22/QD%20492%20PL1.pdf,2026-04-14,False,False,PL1-1004_2_001659.md
PL1-1005,1005,1.009447,Công bố đóng cảng. bến thủy nội địa,Hàng hải và đường thủy nội địa,Sở Xây dựng,Toàn trình,Cấp tỉnh và cấp xã,1,37,https://datafiles.hanoi.gov.vn/gov-hni/8123/VanBan/2026/4/22/QD%20492%20PL1.pdf,2026-04-14,False,False,PL1-1005_1_009447.md
PL1-1006,1006,1.003658,Công bố lại hoạt động bến thủy nội địa,Hàng hải và đường thủy nội địa,Sở Xây dựng,Toàn trình,Cấp xã,1,37,https://datafiles.hanoi.gov.vn/gov-hni/8123/VanBan/2026/4/22/QD%20492%20PL1.pdf,2026-04-14,False,False,PL1-1006_1_003658.md
PL1-1007,1007,1.009452,Thỏa thuận thông số kỹ thuật xây dựng bến thủy nội địa,Hàng hải và đường thủy nội địa,Sở Xây dựng,Toàn trình,Cấp xã,1,37,https://datafiles.hanoi.gov.vn/gov-hni/8123/VanBan/2026/4/22/QD%20492%20PL1.pdf,2026-04-14,False,False,PL1-1007_1_009452.md
PL1-1008,1008,1.009453,Thỏa thuận thông số kỹ thuật xây dựng bến khách ngang sông. bến thủy nội địa phục vụ thi công công trình chính,Hàng hải và đường thủy nội địa,Sở Xây dựng,Toàn trình,Cấp xã,1,37,https://datafiles.hanoi.gov.vn/gov-hni/8123/VanBan/2026/4/22/QD%20492%20PL1.pdf,2026-04-14,False,False,PL1-1008_1_009453.md
PL1-1009,1009,1.009454,Công bố hoạt động bến thủy nội địa,Hàng hải và đường thủy nội địa,Sở Xây dựng,Toàn trình,Cấp xã,1,37,https://datafiles.hanoi.gov.vn/gov-hni/8123/VanBan/2026/4/22/QD%20492%20PL1.pdf,2026-04-14,False,False,PL1-1009_1_009454.md
PL1-1010,1010,1.009455,Công bố hoạt động bến khách ngang sông. bến thủy nội địa phục vụ thi công công trình chính,Hàng hải và đường thủy nội địa,Sở Xây dựng,Toàn trình,Cấp xã,1,37,https://datafiles.hanoi.gov.vn/gov-hni/8123/VanBan/2026/4/22/QD%20492%20PL1.pdf,2026-04-14,False,False,PL1-1010_1_009455.md
PL1-1011,1011,2.001215,Đăng ký phương tiện hoạt động vui chơi. giải trí dưới nước lần đầu,Hàng hải và đường thủy nội địa,Sở Xây dựng,Toàn trình,Cấp xã,1,37,https://datafiles.hanoi.gov.vn/gov-hni/8123/VanBan/2026/4/22/QD%20492%20PL1.pdf,2026-04-14,False,False,PL1-1011_2_001215.md
PL1-1012,1012,2.001212,Cấp lại Giấy chứng nhận đăng ký phương tiện hoạt động vui chơi. giải trí dưới nước,Hàng hải và đường thủy nội địa,Sở Xây dựng,Toàn trình,Cấp xã,1,37,https://datafiles.hanoi.gov.vn/gov-hni/8123/VanBan/2026/4/22/QD%20492%20PL1.pdf,2026-04-14,False,False,PL1-1012_2_001212.md
PL1-1013,1013,2.001214,Đăng ký lại phương tiện hoạt động vui chơi. giải trí dưới nước,Hàng hải và đường thủy nội địa,Sở Xây dựng,Toàn trình,Cấp xã,1,37,https://datafiles.hanoi.gov.vn/gov-hni/8123/VanBan/2026/4/22/QD%20492%20PL1.pdf,2026-04-14,False,False,PL1-1013_2_001214.md
PL1-1014,1014,2.001211,Xóa đăng ký phương tiện hoạt động vui chơi. giải trí dưới nước,Hàng hải và đường thủy nội địa,Sở Xây dựng,Toàn trình,Cấp xã,1,37,https://datafiles.hanoi.gov.vn/gov-hni/8123/VanBan/2026/4/22/QD%20492%20PL1.pdf,2026-04-14,False,False,PL1-1014_2_001211.md
PL1-1015,1015,2.001218,Công bố mở. cho phép hoạt động tại vùng nước khác không thuộc vùng nước trên tuyến đường thủy nội địa. vùng nước cảng biển hoặc khu vực hàng hải. được đánh dấu. xác định vị trí bằng phao hoặc cờ hiệu có màu sắc dễ quan sát,Hàng hải và đường thủy nội địa,Sở Xây dựng,Toàn trình,Cấp xã,1,37,https://datafiles.hanoi.gov.vn/gov-hni/8123/VanBan/2026/4/22/QD%20492%20PL1.pdf,2026-04-14,False,False,PL1-1015_2_001218.md
PL1-1016,1016,2.001217,Đóng. không cho phép hoạt động tại vùng nước khác không thuộc vùng nước trên tuyến đường thủy nội địa. vùng nước cảng biển hoặc khu vực hàng hải. được đánh dấu. xác định vị trí bằng phao hoặc cờ hiệu có màu sắc dễ quan sát,Hàng hải và đường thủy nội địa,Sở Xây dựng,Toàn trình,Cấp xã,1,37,https://datafiles.hanoi.gov.vn/gov-hni/8123/VanBan/2026/4/22/QD%20492%20PL1.pdf,2026-04-14,False,False,PL1-1016_2_001217.md
PL1-1017,1017,1.005126,Cấp giấy phép xây dựng. cải tạo. nâng cấp đường ngang,Đường sắt,Sở Xây dựng,Toàn trình,Cấp tỉnh,1,37,https://datafiles.hanoi.gov.vn/gov-hni/8123/VanBan/2026/4/22/QD%20492%20PL1.pdf,2026-04-14,False,False,PL1-1017_1_005126.md
PL1-1018,1018,1.000294,Bãi bỏ đường ngang,Đường sắt,Sở Xây dựng,Toàn trình,Cấp tỉnh,1,37,https://datafiles.hanoi.gov.vn/gov-hni/8123/VanBan/2026/4/22/QD%20492%20PL1.pdf,2026-04-14,False,False,PL1-1018_1_000294.md
PL1-1019,1019,1.005058,Gia hạn Giấy phép xây dựng. cải tạo. nâng cấp đường ngang,Đường sắt,Sở Xây dựng,Toàn trình,Cấp tỉnh,1,37,https://datafiles.hanoi.gov.vn/gov-hni/8123/VanBan/2026/4/22/QD%20492%20PL1.pdf,2026-04-14,False,False,PL1-1019_1_005058.md
PL1-1020,1020,1.005134,Cấp giấy phép xây dựng công trình thiết yếu. dùng chung với đường sắt,Đường sắt,Sở Xây dựng,Toàn trình,Cấp tỉnh,1,37,https://datafiles.hanoi.gov.vn/gov-hni/8123/VanBan/2026/4/22/QD%20492%20PL1.pdf,2026-04-14,False,False,PL1-1020_1_005134.md
PL1-1021,1021,1.005123,Gia hạn giấy phép xây dựng công trình thiết yếu. dùng chung với đường sắt,Đường sắt,Sở Xây dựng,Toàn trình,Cấp tỉnh,1,37,https://datafiles.hanoi.gov.vn/gov-hni/8123/VanBan/2026/4/22/QD%20492%20PL1.pdf,2026-04-14,False,False,PL1-1021_1_005123.md
PL1-1022,1022,1.010000,Cấp Giấy chứng nhận đăng ký phương tiện giao thông đường sắt,Đường sắt,Sở Xây dựng,Toàn trình,Cấp tỉnh,1,37,https://datafiles.hanoi.gov.vn/gov-hni/8123/VanBan/2026/4/22/QD%20492%20PL1.pdf,2026-04-14,False,False,PL1-1022_1_010000.md
PL1-1023,1023,1.004844,Cấp lại Giấy chứng nhận đăng ký phương tiện giao thông đường sắt,Đường sắt,Sở Xây dựng,Toàn trình,Cấp tỉnh,1,37,https://datafiles.hanoi.gov.vn/gov-hni/8123/VanBan/2026/4/22/QD%20492%20PL1.pdf,2026-04-14,False,False,PL1-1023_1_004844.md
PL1-1024,1024,1.004685,Cấp Giấy phép kết nối ray các tuyến đường sắt,Đường sắt,Sở Xây dựng,Toàn trình,Cấp tỉnh,1,37,https://datafiles.hanoi.gov.vn/gov-hni/8123/VanBan/2026/4/22/QD%20492%20PL1.pdf,2026-04-14,False,False,PL1-1024_1_004685.md
PL1-1025,1025,1.004681,Gia hạn giấy phép kết nối. bãi bỏ kết nối các tuyến đường sắt,Đường sắt,Sở Xây dựng,Toàn trình,Cấp tỉnh,1,37,https://datafiles.hanoi.gov.vn/gov-hni/8123/VanBan/2026/4/22/QD%20492%20PL1.pdf,2026-04-14,False,False,PL1-1025_1_004681.md
PL1-1026,1026,1.009479,Xét cấp giấy phép lái tàu,Đường sắt,Sở Xây dựng,Toàn trình,Cấp tỉnh,1,37,https://datafiles.hanoi.gov.vn/gov-hni/8123/VanBan/2026/4/22/QD%20492%20PL1.pdf,2026-04-14,False,False,PL1-1026_1_009479.md
PL1-1027,1027,1.003897,Cấp lại Giấy phép lái tàu,Đường sắt,Sở Xây dựng,Toàn trình,Cấp tỉnh,1,37,https://datafiles.hanoi.gov.vn/gov-hni/8123/VanBan/2026/4/22/QD%20492%20PL1.pdf,2026-04-14,False,False,PL1-1027_1_003897.md
PL1-1028,1028,1.012891,Cho thuê nhà ở công vụ thuộc thẩm quyền quản lý của địa phương,Nhà ở công sở,Sở Xây dựng,Toàn trình,Cấp tỉnh,1,37,https://datafiles.hanoi.gov.vn/gov-hni/8123/VanBan/2026/4/22/QD%20492%20PL1.pdf,2026-04-14,False,False,PL1-1028_1_012891.md
PL1-1029,1029,1.012907,Cấp lại chứng chỉ hành nghề môi giới bất động sản (trong trường hợp chứng chỉ bị cháy. bị mất. bị rách. bị hủy hoại do thiên tai hoặc lý do bất khả kháng khác),Kinh doanh bất động sản,Sở Xây dựng,Toàn trình,Cấp tỉnh,1,37,https://datafiles.hanoi.gov.vn/gov-hni/8123/VanBan/2026/4/22/QD%20492%20PL1.pdf,2026-04-14,False,False,PL1-1029_1_012907.md
PL1-1030,1030,1.012892,Thủ tục cho thuê nhà ở cũ thuộc tài sản công đối với trường hợp chưa có hợp đồng thuê nhà ở,Nhà ở công sở,Sở Xây dựng,Toàn trình,Cấp tỉnh,1,37,https://datafiles.hanoi.gov.vn/gov-hni/8123/VanBan/2026/4/22/QD%20492%20PL1.pdf,2026-04-14,False,False,PL1-1030_1_012892.md
PL1-1031,1031,1.012910,Cấp lại chứng chỉ hành nghề môi giới bất động sản. (Trường hợp chứng chỉ cũ đã hết hạn hoặc sắp hết hạn),Kinh doanh bất động sản,Sở Xây dựng,Toàn trình,Cấp tỉnh,1,37,https://datafiles.hanoi.gov.vn/gov-hni/8123/VanBan/2026/4/22/QD%20492%20PL1.pdf,2026-04-14,False,False,PL1-1031_1_012910.md
PL1-1032,1032,1.012900,Cấp giấy phép hoạt động của Sàn giao dịch bất động sản,Kinh doanh bất động sản,Sở Xây dựng,Toàn trình,Cấp tỉnh,1,38,https://datafiles.hanoi.gov.vn/gov-hni/8123/VanBan/2026/4/22/QD%20492%20PL1.pdf,2026-04-14,False,False,PL1-1032_1_012900.md
PL1-1033,1033,1.012898,Thủ tục cho thuê nhà ở cũ thuộc tài sản công đối với trường hợp ký lại hợp đồng thuê,Nhà ở công sở,Sở Xây dựng,Toàn trình,Cấp tỉnh,1,38,https://datafiles.hanoi.gov.vn/gov-hni/8123/VanBan/2026/4/22/QD%20492%20PL1.pdf,2026-04-14,False,False,PL1-1033_1_012898.md
PL1-1034,1034,1.012901,Cấp lại giấy phép hoạt động của Sàn giao dịch bất động sản (trong trường hợp Giấy phép bị mất. bị rách. bị cháy. bị tiêu hủy. bị hỏng),Kinh doanh bất động sản,Sở Xây dựng,Toàn trình,Cấp tỉnh,1,38,https://datafiles.hanoi.gov.vn/gov-hni/8123/VanBan/2026/4/22/QD%20492%20PL1.pdf,2026-04-14,False,False,PL1-1034_1_012901.md
PL1-1035,1035,1.012902,Cấp lại giấy phép hoạt động của Sàn giao dịch bất động sản (trong trường hợp thay đổi thông tin của sàn),Kinh doanh bất động sản,Sở Xây dựng,Toàn trình,Cấp tỉnh,1,38,https://datafiles.hanoi.gov.vn/gov-hni/8123/VanBan/2026/4/22/QD%20492%20PL1.pdf,2026-04-14,False,False,PL1-1035_1_012902.md
PL1-1036,1036,1.012904,Đăng ký cấp quyền khai thác. sử dụng thông tin. dữ liệu về nhà ở và thị trường bất động sản thuộc thẩm quyền giải quyết của Ủy ban nhân dân cấp tỉnh,Kinh doanh bất động sản,Sở Xây dựng,Toàn trình,Cấp tỉnh,1,38,https://datafiles.hanoi.gov.vn/gov-hni/8123/VanBan/2026/4/22/QD%20492%20PL1.pdf,2026-04-14,False,False,PL1-1036_1_012904.md
PL1-1037,1037,1.012882,Thủ tục thông báo đủ điều kiện được huy động vốn thông qua việc góp vốn. hợp tác đầu tư. hợp tác kinh doanh. liên doanh. liên kết của tổ chức và cá nhân để phát triển nhà ở,Nhà ở công sở,Sở Xây dựng,Toàn trình,Cấp tỉnh,1,38,https://datafiles.hanoi.gov.vn/gov-hni/8123/VanBan/2026/4/22/QD%20492%20PL1.pdf,2026-04-14,False,False,PL1-1037_1_012882.md
PL1-1038,1038,1.012883,chuyển đổi công năng nhà ở đối với nhà ở xây dựng trong dự án thuộc thẩm quyền chấp thuận của UBND cấp tỉnh,Nhà ở công sở,Sở Xây dựng,Toàn trình,Cấp tỉnh,1,38,https://datafiles.hanoi.gov.vn/gov-hni/8123/VanBan/2026/4/22/QD%20492%20PL1.pdf,2026-04-14,False,False,PL1-1038_1_012883.md
PL1-1039,1039,1.012884,Thủ tục thông báo đơn vị đủ điều kiện quản lý vận hành nhà chung cư đối với trường hợp nộp hồ sơ tại Sở Xây dựng,Nhà ở công sở,Sở Xây dựng,Toàn trình,Cấp tỉnh,1,38,https://datafiles.hanoi.gov.vn/gov-hni/8123/VanBan/2026/4/22/QD%20492%20PL1.pdf,2026-04-14,False,False,PL1-1039_1_012884.md
PL1-1040,1040,1.012886,Thủ tục điều chỉnh chấp thuận chủ trương đầu tư đồng thời với chấp thuận nhà đầu tư dự án cải tạo. xây dựng lại nhà chung cư không bằng nguồn vốn đầu tư công,Nhà ở công sở,Sở Xây dựng,Toàn trình,Cấp tỉnh,1,38,https://datafiles.hanoi.gov.vn/gov-hni/8123/VanBan/2026/4/22/QD%20492%20PL1.pdf,2026-04-14,False,False,PL1-1040_1_012886.md
PL1-1041,1041,1.012887,Thủ tục đề xuất cơ chế ưu đãi đầu tư theo quy định tại điểm c khoản 2 Điều 198 của Luật Nhà ở 2023,Nhà ở công sở,Sở Xây dựng,Toàn trình,Cấp tỉnh,1,38,https://datafiles.hanoi.gov.vn/gov-hni/8123/VanBan/2026/4/22/QD%20492%20PL1.pdf,2026-04-14,False,False,PL1-1041_1_012887.md
PL1-1042,1042,1.013769,Chuyển đổi công năng nhà ở không thuộc tài sản công,Nhà ở công sở,Sở Xây dựng,Toàn trình,Cấp tỉnh,1,38,https://datafiles.hanoi.gov.vn/gov-hni/8123/VanBan/2026/4/22/QD%20492%20PL1.pdf,2026-04-14,False,False,PL1-1042_1_013769.md
PL1-1043,1043,3.000506,Thủ tục giao chủ đầu tư không thông qua đấu thầu đối với trường hợp dự án đầu tư xây dựng nhà ở xã hội đã được chấp thuận chủ trương đầu tư. chấp thuận đầu tư hoặc có văn bản pháp lý tương đương,Nhà ở công sở,Sở Xây dựng,Toàn trình,Cấp tỉnh,1,38,https://datafiles.hanoi.gov.vn/gov-hni/8123/VanBan/2026/4/22/QD%20492%20PL1.pdf,2026-04-14,False,False,PL1-1043_3_000506.md
PL1-1044,1044,3.000507,Thủ tục chấp thuận chủ trương đầu tư đồng thời giao chủ đầu tư đối với trường hợp dự án đầu tư xây dựng nhà ở xã hội chưa được chấp thuận chủ trương đầu tư. chấp thuận đầu tư hoặc chưa có văn bản pháp lý tương đương.,Nhà ở công sở,Sở Xây dựng,Toàn trình,Cấp tỉnh,1,38,https://datafiles.hanoi.gov.vn/gov-hni/8123/VanBan/2026/4/22/QD%20492%20PL1.pdf,2026-04-14,False,False,PL1-1044_3_000507.md
PL1-1045,1045,3.000508,Thủ tục điều chỉnh quyết định giao chủ đầu tư. quyết định chấp thuận chủ trương đầu tư đồng thời giao chủ đầu tư đối với dự án đầu tư xây dựng nhà ở xã hội,Nhà ở công sở,Sở Xây dựng,Toàn trình,Cấp tỉnh,1,38,https://datafiles.hanoi.gov.vn/gov-hni/8123/VanBan/2026/4/22/QD%20492%20PL1.pdf,2026-04-14,False,False,PL1-1045_3_000508.md
PL1-1046,1046,1.012890,Thủ tục gia hạn thời hạn sở hữu nhà ở tại Việt Nam cho cá nhân. tổ chức nước ngoài,Nhà ở công sở,Sở Xây dựng,Toàn trình,Cấp tỉnh,1,38,https://datafiles.hanoi.gov.vn/gov-hni/8123/VanBan/2026/4/22/QD%20492%20PL1.pdf,2026-04-14,False,False,PL1-1046_1_012890.md
PL1-1047,1047,1.012888,Công nhận Ban quản trị nhà chung cư,Nhà ở công sở,Sở Xây dựng,Toàn trình,Cấp xã,1,38,https://datafiles.hanoi.gov.vn/gov-hni/8123/VanBan/2026/4/22/QD%20492%20PL1.pdf,2026-04-14,False,False,PL1-1047_1_012888.md
PL1-1048,1048,1.006871,Thủ tục công bố hợp quy sản phẩm. hàng hóa vật liệu xây dựng,Vật liệu xây dựng,Sở Xây dựng,Toàn trình,Cấp tỉnh,1,38,https://datafiles.hanoi.gov.vn/gov-hni/8123/VanBan/2026/4/22/QD%20492%20PL1.pdf,2026-04-14,False,False,PL1-1048_1_006871.md
PL1-1049,1049,1.014783,Cấp giấy phép lưu thông vật liệu. cấu kiện ngăn cháy. chống cháy,Vật liệu xây dựng,Sở Xây dựng,Toàn trình,Cấp tỉnh,1,38,https://datafiles.hanoi.gov.vn/gov-hni/8123/VanBan/2026/4/22/QD%20492%20PL1.pdf,2026-04-14,False,False,PL1-1049_1_014783.md
PL1-1050,1050,1.014913,Kiểm tra chất lượng hàng hóa vật liệu xây dựng nhóm 2 nhập khẩu,Vật liệu xây dựng,Sở Xây dựng,Toàn trình,Cấp tỉnh,1,38,https://datafiles.hanoi.gov.vn/gov-hni/8123/VanBan/2026/4/22/QD%20492%20PL1.pdf,2026-04-14,False,False,PL1-1050_1_014913.md
PL1-1051,1051,2.001116,Bổ nhiệm và cấp thẻ giám định viên tư pháp xây dựng ở địa phương,Giám định tư pháp xây dựng,Sở Xây dựng,Toàn trình,Cấp tỉnh,1,38,https://datafiles.hanoi.gov.vn/gov-hni/8123/VanBan/2026/4/22/QD%20492%20PL1.pdf,2026-04-14,False,False,PL1-1051_2_001116.md
PL1-1052,1052,1.011675,Miễn nhiệm và thu hồi thẻ giám định viên tư pháp xây dựng ở địa phương,Giám định tư pháp xây dựng,Sở Xây dựng,Toàn trình,Cấp tỉnh,1,38,https://datafiles.hanoi.gov.vn/gov-hni/8123/VanBan/2026/4/22/QD%20492%20PL1.pdf,2026-04-14,False,False,PL1-1052_1_011675.md
PL1-1053,1053,1.014203,Thẩm định điều kiện về cơ sở vật chất kỹ thuật. nhân sự và đánh giá đáp ứng thực hành tốt đối với cơ sở có hoạt động phân phối thuốc. nguyên liệu làm thuốc không vì mục đích thương mại (trường hợp cơ sở có đề nghị); Đánh giá định kỳ. đánh giá kiểm soát thay đổi về điều kiện cơ sở vật chất. kỹ thuật. nhân sự đối với cơ sở bán buôn thuốc. nguyên liệu làm thuốc. cơ sở bán lẻ thuốc.,Dược phẩm,Sở Y tế,Toàn trình,Cấp tỉnh,1,38,https://datafiles.hanoi.gov.vn/gov-hni/8123/VanBan/2026/4/22/QD%20492%20PL1.pdf,2026-04-14,False,False,PL1-1053_1_014203.md
PL1-1054,1054,1.013890,Công bố đủ điều kiện thực hiện hoạt động quan trắc môi trường lao động,Phòng bệnh,Sở Y tế,Toàn trình,Cấp tỉnh,1,38,https://datafiles.hanoi.gov.vn/gov-hni/8123/VanBan/2026/4/22/QD%20492%20PL1.pdf,2026-04-14,False,False,PL1-1054_1_013890.md
PL1-1055,1055,1.014028,Hỗ trợ chi phí mai táng đối với đối tượng hưởng trợ cấp hưu trí xã hội,Bảo trợ xã hội,Sở Y tế,Toàn trình,Cấp xã,1,38,https://datafiles.hanoi.gov.vn/gov-hni/8123/VanBan/2026/4/22/QD%20492%20PL1.pdf,2026-04-14,False,False,PL1-1055_1_014028.md
PL1-1056,1056,1.014027,Thực hiện. điều chỉnh. thôi hưởng trợ cấp hưu trí xã hội,Bảo trợ xã hội,Sở Y tế,Toàn trình,Cấp xã,1,38,https://datafiles.hanoi.gov.vn/gov-hni/8123/VanBan/2026/4/22/QD%20492%20PL1.pdf,2026-04-14,False,False,PL1-1056_1_014027.md
PL1-1057,1057,1.012292,Điều chỉnh giấy phép hành nghề trong giai đoạn chuyển tiếp đối với hồ sơ nộp từ ngày 01 tháng 01 năm 2024 đến thời điểm kiểm tra đánh giá năng lực hành nghề đối với các chức danh bác sỹ. y sỹ. điều dưỡng. hộ sinh. kỹ thuật y. dinh dưỡng lâm sàng. cấp cứu viên ngoại viện. tâm lý lâm sàng,Khám bệnh. chữa bệnh,Sở Y tế,Toàn trình,Cấp tỉnh,1,38,https://datafiles.hanoi.gov.vn/gov-hni/8123/VanBan/2026/4/22/QD%20492%20PL1.pdf,2026-04-14,False,False,PL1-1057_1_012292.md
PL1-1058,1058,1.012289,Cấp mới giấy phép hành nghề trong giai đoạn chuyển tiếp đối với hồ sơ nộp từ ngày 01 tháng 01 năm 2024 đến thời điểm kiểm tra đánh giá năng lực hành nghề đối với các chức danh bác sỹ. y sỹ. điều dưỡng. hộ sinh. kỹ thuật y. dinh dưỡng lâm sàng. cấp cứu viên ngoại viện. tâm lý lâm sàng,Khám bệnh. chữa bệnh,Sở Y tế,Toàn trình,Cấp tỉnh,1,39,https://datafiles.hanoi.gov.vn/gov-hni/8123/VanBan/2026/4/22/QD%20492%20PL1.pdf,2026-04-14,False,False,PL1-1058_1_012289.md
PL1-1059,1059,1.012290,Cấp lại giấy phép hành nghề đối với trường hợp được cấp trước ngày 01 tháng 01 năm 2024 đối với hồ sơ nộp từ ngày 01 tháng 01 năm 2024 đến thời điểm kiểm tra đánh giá năng lực hành nghề đối với các chức danh bác sỹ. y sỹ. điều dưỡng. hộ sinh. kỹ thuật y. dinh dưỡng lâm sàng. cấp cứu viên ngoại viện. tâm lý lâm sàng,Khám bệnh. chữa bệnh,Sở Y tế,Toàn trình,Cấp tỉnh,1,39,https://datafiles.hanoi.gov.vn/gov-hni/8123/VanBan/2026/4/22/QD%20492%20PL1.pdf,2026-04-14,False,False,PL1-1059_1_012290.md
PL1-1060,1060,1.012257,Cho phép tổ chức hoạt động khám bệnh. chữa bệnh nhân đạo theo đợt. khám bệnh. chữa bệnh lưu động thuộc trường hợp quy định tại khoản 1 Điều 79 của Luật Khám bệnh. chữa bệnh hoặc cá nhân khám bệnh. chữa bệnh nhân đạo,Khám bệnh. chữa bệnh,Sở Y tế,Toàn trình,Cấp tỉnh,1,39,https://datafiles.hanoi.gov.vn/gov-hni/8123/VanBan/2026/4/22/QD%20492%20PL1.pdf,2026-04-14,False,False,PL1-1060_1_012257.md
PL1-1061,1061,1.012281,Công bố đủ điều kiện thực hiện khám sức khỏe. khám và điều trị HIV/AIDS,Khám bệnh. chữa bệnh,Sở Y tế,Toàn trình,Cấp tỉnh,1,39,https://datafiles.hanoi.gov.vn/gov-hni/8123/VanBan/2026/4/22/QD%20492%20PL1.pdf,2026-04-14,False,False,PL1-1061_1_012281.md
PL1-1062,1062,1.012280,Điều chỉnh giấy phép hoạt động khám bệnh. chữa bệnh,Khám bệnh. chữa bệnh,Sở Y tế,Toàn trình,Cấp tỉnh,1,39,https://datafiles.hanoi.gov.vn/gov-hni/8123/VanBan/2026/4/22/QD%20492%20PL1.pdf,2026-04-14,False,False,PL1-1062_1_012280.md
PL1-1063,1063,1.012278,Cấp mới giấy phép hoạt động khám bệnh. chữa bệnh,Khám bệnh. chữa bệnh,Sở Y tế,Toàn trình,Cấp tỉnh,1,39,https://datafiles.hanoi.gov.vn/gov-hni/8123/VanBan/2026/4/22/QD%20492%20PL1.pdf,2026-04-14,False,False,PL1-1063_1_012278.md
PL1-1064,1064,1.012275,Đăng ký hành nghề,Khám bệnh. chữa bệnh,Sở Y tế,Toàn trình,Cấp tỉnh,1,39,https://datafiles.hanoi.gov.vn/gov-hni/8123/VanBan/2026/4/22/QD%20492%20PL1.pdf,2026-04-14,False,False,PL1-1064_1_012275.md
PL1-1065,1065,1.012291,Gia hạn giấy phép hành nghề trong giai đoạn chuyển tiếp đối với hồ sơ nộp từ ngày 01 tháng 01 năm 2024 đến thời điểm kiểm tra đánh giá năng lực hành nghề đối với các chức danh bác sỹ. y sỹ. điều dưỡng. hộ sinh. kỹ thuật y. dinh dưỡng lâm sàng. cấp cứu viên ngoại viện. tâm lý lâm sàng,Khám bệnh. chữa bệnh,Sở Y tế,Toàn trình,Cấp tỉnh,1,39,https://datafiles.hanoi.gov.vn/gov-hni/8123/VanBan/2026/4/22/QD%20492%20PL1.pdf,2026-04-14,False,False,PL1-1065_1_012291.md
PL1-1066,1066,2.001088,Xét hưởng chính sách hỗ trợ cho đối tượng sinh con đúng chính sách dân số.,Dân số. Bà mẹ - Trẻ em,Sở Y tế,Toàn trình,Cấp xã,1,39,https://datafiles.hanoi.gov.vn/gov-hni/8123/VanBan/2026/4/22/QD%20492%20PL1.pdf,2026-04-14,False,False,PL1-1066_2_001088.md
PL1-1067,1067,1.009407,Công bố đáp ứng tiêu chuẩn chế biến. bào chế thuốc cổ truyền đối với cơ sở khám bệnh. chữa bệnh bằng y học cổ truyền trực thuộc quản lý của Sở Y tế,Y Dược cổ truyền,Sở Y tế,Toàn trình,Cấp tỉnh,1,39,https://datafiles.hanoi.gov.vn/gov-hni/8123/VanBan/2026/4/22/QD%20492%20PL1.pdf,2026-04-14,False,False,PL1-1067_1_009407.md
PL1-1068,1068,1.012256,Công bố cơ sở khám bệnh. chữa bệnh đáp ứng yêu cầu là cơ sở hướng dẫn thực hành,Khám bệnh. chữa bệnh,Sở Y tế,Toàn trình,Cấp tỉnh,1,39,https://datafiles.hanoi.gov.vn/gov-hni/8123/VanBan/2026/4/22/QD%20492%20PL1.pdf,2026-04-14,False,False,PL1-1068_1_012256.md
PL1-1069,1069,1.009566,Cấp Giấy chứng nhận lưu hành tự do (CFS) đối với mỹ phẩm sản xuất trong nước để xuất khẩu,Mỹ phẩm,Sở Y tế,Toàn trình,Cấp tỉnh,1,39,https://datafiles.hanoi.gov.vn/gov-hni/8123/VanBan/2026/4/22/QD%20492%20PL1.pdf,2026-04-14,False,False,PL1-1069_1_009566.md
PL1-1070,1070,1.013817,Cấp. cấp lại giấy chứng nhận đăng ký hành nghề công tác xã hội,Bảo trợ xã hội,Sở Y tế,Toàn trình,Cấp tỉnh,1,39,https://datafiles.hanoi.gov.vn/gov-hni/8123/VanBan/2026/4/22/QD%20492%20PL1.pdf,2026-04-14,False,False,PL1-1070_1_013817.md
PL1-1071,1071,1.013814,Đăng ký thành lập. đăng ký thay đổi nội dung. cấp lại giấy chứng nhận đăng ký thành lập và giải thể cơ sở trợ giúp xã hội ngoài công lập,Bảo trợ xã hội,Sở Y tế,Toàn trình,Cấp tỉnh,1,39,https://datafiles.hanoi.gov.vn/gov-hni/8123/VanBan/2026/4/22/QD%20492%20PL1.pdf,2026-04-14,False,False,PL1-1071_1_013814.md
PL1-1072,1072,1.012993,Đăng ký hành nghề công tác xã hội tại Việt Nam đối với người nước ngoài. người Việt Nam định cư ở nước ngoài,Bảo trợ xã hội,Sở Y tế,Toàn trình,Cấp tỉnh,1,39,https://datafiles.hanoi.gov.vn/gov-hni/8123/VanBan/2026/4/22/QD%20492%20PL1.pdf,2026-04-14,False,False,PL1-1072_1_012993.md
PL1-1073,1073,1.012990,Cấp giấy xác nhận quá trình thực hành công tác xã hội,Bảo trợ xã hội,Sở Y tế,Toàn trình,Cấp tỉnh,1,39,https://datafiles.hanoi.gov.vn/gov-hni/8123/VanBan/2026/4/22/QD%20492%20PL1.pdf,2026-04-14,False,False,PL1-1073_1_012990.md
PL1-1074,1074,1.001776,Thực hiện. điều chỉnh. thôi hưởng trợ cấp xã hội hàng tháng. hỗ trợ kinh phí chăm sóc. nuôi dưỡng hàng tháng,Bảo trợ xã hội,Sở Y tế,Toàn trình,Cấp xã,1,39,https://datafiles.hanoi.gov.vn/gov-hni/8123/VanBan/2026/4/22/QD%20492%20PL1.pdf,2026-04-14,False,False,PL1-1074_1_001776.md
PL1-1075,1075,1.001653,Đổi. cấp lại Giấy xác nhận khuyết tật,Bảo trợ xã hội,Sở Y tế,Toàn trình,Cấp xã,1,39,https://datafiles.hanoi.gov.vn/gov-hni/8123/VanBan/2026/4/22/QD%20492%20PL1.pdf,2026-04-14,False,False,PL1-1075_1_001653.md
PL1-1076,1076,1.003039,Công bố đủ điều kiện mua bán trang thiết bị y tế thuộc loại B. C. D,Thiết bị y tế,Sở Y tế,Toàn trình,Cấp tỉnh,1,39,https://datafiles.hanoi.gov.vn/gov-hni/8123/VanBan/2026/4/22/QD%20492%20PL1.pdf,2026-04-14,False,False,PL1-1076_1_003039.md
PL1-1077,1077,1.003029,Công bố tiêu chuẩn áp dụng đối với trang thiết bị y tế thuộc loại A. B,Thiết bị y tế,Sở Y tế,Toàn trình,Cấp tỉnh,1,39,https://datafiles.hanoi.gov.vn/gov-hni/8123/VanBan/2026/4/22/QD%20492%20PL1.pdf,2026-04-14,False,False,PL1-1077_1_003029.md
PL1-1078,1078,1.003006,Công bố đủ điều kiện sản xuất trang thiết bị y tế,Thiết bị y tế,Sở Y tế,Toàn trình,Cấp xã,1,39,https://datafiles.hanoi.gov.vn/gov-hni/8123/VanBan/2026/4/22/QD%20492%20PL1.pdf,2026-04-14,False,False,PL1-1078_1_003006.md
PL1-1079,1079,1.013865,Cấp lại giấy chứng nhận cơ sở xét nghiệm đạt tiêu chuẩn an toàn sinh học cấp III do thay đổi tên của cơ sở xét nghiệm,Phòng bệnh,Sở Y tế,Toàn trình,Cấp tỉnh,1,39,https://datafiles.hanoi.gov.vn/gov-hni/8123/VanBan/2026/4/22/QD%20492%20PL1.pdf,2026-04-14,False,False,PL1-1079_1_013865.md
PL1-1080,1080,1.003064,Cấp lại Giấy chứng nhận đủ điều kiện sản xuất mỹ phẩm,Mỹ phẩm,Sở Y tế,Toàn trình,Cấp tỉnh,1,39,https://datafiles.hanoi.gov.vn/gov-hni/8123/VanBan/2026/4/22/QD%20492%20PL1.pdf,2026-04-14,False,False,PL1-1080_1_003064.md
PL1-1081,1081,1.002600,Cấp số tiếp nhận Phiếu công bố sản phẩm mỹ phẩm sản xuất trong nước,Mỹ phẩm,Sở Y tế,Toàn trình,Cấp tỉnh,1,39,https://datafiles.hanoi.gov.vn/gov-hni/8123/VanBan/2026/4/22/QD%20492%20PL1.pdf,2026-04-14,False,False,PL1-1081_1_002600.md
PL1-1082,1082,1.003068,Kiểm soát thay đổi khi có thay đổi thuộc một trong các trường hợp quy định tại các điểm d. đ và e Khoản 1 Điều 11 Thông tư 04/2018/TT-BYT,Dược phẩm,Sở Y tế,Toàn trình,Cấp tỉnh,1,39,https://datafiles.hanoi.gov.vn/gov-hni/8123/VanBan/2026/4/22/QD%20492%20PL1.pdf,2026-04-14,False,False,PL1-1082_1_003068.md
PL1-1083,1083,1.014102,Thông báo hoạt động bán lẻ thuốc lưu động,Dược phẩm,Sở Y tế,Toàn trình,Cấp tỉnh,1,39,https://datafiles.hanoi.gov.vn/gov-hni/8123/VanBan/2026/4/22/QD%20492%20PL1.pdf,2026-04-14,False,False,PL1-1083_1_014102.md
PL1-1084,1084,1.014101,Điều chỉnh nội dung Chứng chỉ hành nghề dược theo hình thức xét hồ sơ,Dược phẩm,Sở Y tế,Toàn trình,Cấp tỉnh,1,39,https://datafiles.hanoi.gov.vn/gov-hni/8123/VanBan/2026/4/22/QD%20492%20PL1.pdf,2026-04-14,False,False,PL1-1084_1_014101.md
PL1-1085,1085,1.013893,Cấp lại giấy chứng nhận cơ sở xét nghiệm đạt tiêu chuẩn an toàn sinh học cấp III do bị hỏng. bị mất.,Phòng bệnh,Sở Y tế,Toàn trình,Cấp tỉnh,1,39,https://datafiles.hanoi.gov.vn/gov-hni/8123/VanBan/2026/4/22/QD%20492%20PL1.pdf,2026-04-14,False,False,PL1-1085_1_013893.md
PL1-1086,1086,1.014090,Cấp phép nhập khẩu thuốc thuộc hành lý cá nhân của tổ chức. cá nhân nhập cảnh gửi theo vận tải đơn. hàng hóa mang theo người của tổ chức. cá nhân nhập cảnh để điều trị bệnh cho bản thân người nhập cảnh,Dược phẩm,Sở Y tế,Toàn trình,Cấp tỉnh,1,39,https://datafiles.hanoi.gov.vn/gov-hni/8123/VanBan/2026/4/22/QD%20492%20PL1.pdf,2026-04-14,False,False,PL1-1086_1_014090.md
PL1-1087,1087,1.014087,Cho phép mua thuốc gây nghiện. thuốc hướng thần. thuốc tiền chất. thuốc dạng phối hợp có chứa tiền chất thuộc thẩm quyền của Ủy ban nhân dân cấp tỉnh,Dược phẩm,Sở Y tế,Toàn trình,Cấp tỉnh,1,40,https://datafiles.hanoi.gov.vn/gov-hni/8123/VanBan/2026/4/22/QD%20492%20PL1.pdf,2026-04-14,False,False,PL1-1087_1_014087.md
PL1-1088,1088,1.014076,Cấp giấy chứng nhận đủ điều kiện kinh doanh dược thuộc thẩm quyền của Sở Y tế (Cơ sở bán buôn thuốc. nguyên liệu làm thuốc; Cơ sở bán lẻ thuốc bao gồm nhà thuốc. quầy thuốc. tủ thuốc trạm y tế xã. cơ sở chuyên bán lẻ dược liệu. thuốc dược liệu. thuốc cổ truyền),Dược phẩm,Sở Y tế,Toàn trình,Cấp tỉnh,1,40,https://datafiles.hanoi.gov.vn/gov-hni/8123/VanBan/2026/4/22/QD%20492%20PL1.pdf,2026-04-14,False,False,PL1-1088_1_014076.md
PL1-1089,1089,1.014069,Công bố cơ sở kinh doanh có tổ chức kệ thuốc.,Dược phẩm,Sở Y tế,Toàn trình,Cấp tỉnh,1,40,https://datafiles.hanoi.gov.vn/gov-hni/8123/VanBan/2026/4/22/QD%20492%20PL1.pdf,2026-04-14,False,False,PL1-1089_1_014069.md
PL1-1090,1090,1.003073,Điều chỉnh Giấy chứng nhận đủ điều kiện sản xuất mỹ phẩm,Mỹ phẩm,Sở Y tế,Toàn trình,Cấp tỉnh,1,40,https://datafiles.hanoi.gov.vn/gov-hni/8123/VanBan/2026/4/22/QD%20492%20PL1.pdf,2026-04-14,False,False,PL1-1090_1_003073.md
PL1-1091,1091,1.014105,Cấp phép xuất khẩu thuốc phải kiểm soát đặc biệt thuộc hành lý cá nhân của tổ chức. cá nhân xuất cảnh gửi theo vận tải đơn. hàng hóa mang theo người của tổ chức. cá nhân xuất cảnh để điều trị bệnh cho bản thân người xuất cảnh và không phải là nguyên liệu làm thuốc phải kiểm soát đặc biệt,Dược phẩm,Sở Y tế,Toàn trình,Cấp tỉnh,1,40,https://datafiles.hanoi.gov.vn/gov-hni/8123/VanBan/2026/4/22/QD%20492%20PL1.pdf,2026-04-14,False,False,PL1-1091_1_014105.md
PL1-1092,1092,1.014100,Cấp lại Chứng chỉ hành nghề dược theo hình thức xét hồ sơ (trường hợp bị hư hỏng hoặc bị mất),Dược phẩm,Sở Y tế,Toàn trình,Cấp tỉnh,1,40,https://datafiles.hanoi.gov.vn/gov-hni/8123/VanBan/2026/4/22/QD%20492%20PL1.pdf,2026-04-14,False,False,PL1-1092_1_014100.md
PL1-1093,1093,2.001942,Chuyển trẻ em đang được chăm sóc thay thế tại cơ sở trợ giúp xã hội đến cá nhân. gia đình nhận chăm sóc thay thế,Trẻ em,Sở Y tế,Toàn trình,Cấp xã,1,40,https://datafiles.hanoi.gov.vn/gov-hni/8123/VanBan/2026/4/22/QD%20492%20PL1.pdf,2026-04-14,False,False,PL1-1093_2_001942.md
PL1-1094,1094,1.001699,Xác định. xác định lại mức độ khuyết tật và cấp Giấy xác nhận khuyết tật,Bảo trợ xã hội,Sở Y tế,Toàn trình,Cấp xã,1,40,https://datafiles.hanoi.gov.vn/gov-hni/8123/VanBan/2026/4/22/QD%20492%20PL1.pdf,2026-04-14,False,False,PL1-1094_1_001699.md
PL1-1095,1095,2.000355,Đăng ký hoạt động đối với cơ sở trợ giúp xã hội dưới 10 đối tượng có hoàn cảnh khó khăn,Bảo trợ xã hội,Sở Y tế,Toàn trình,Cấp xã,1,40,https://datafiles.hanoi.gov.vn/gov-hni/8123/VanBan/2026/4/22/QD%20492%20PL1.pdf,2026-04-14,False,False,PL1-1095_2_000355.md
PL1-1096,1096,1.001731,Hỗ trợ chi phí mai táng cho đối tượng bảo trợ xã hội,Bảo trợ xã hội,Sở Y tế,Toàn trình,Cấp xã,1,40,https://datafiles.hanoi.gov.vn/gov-hni/8123/VanBan/2026/4/22/QD%20492%20PL1.pdf,2026-04-14,False,False,PL1-1096_1_001731.md
PL1-1097,1097,1.013862,Đăng ký bản công bố sản phẩm sản xuất trong nước đối với thực phẩm dinh dưỡng y học. thực phẩm dùng cho chế độ ăn đặc biệt. sản phẩm dinh dưỡng dùng cho trẻ đến 36 tháng tuổi.,An toàn thực phẩm,Sở Y tế,Toàn trình,Cấp tỉnh,1,40,https://datafiles.hanoi.gov.vn/gov-hni/8123/VanBan/2026/4/22/QD%20492%20PL1.pdf,2026-04-14,False,False,PL1-1097_1_013862.md
PL1-1098,1098,1.013858,Đăng ký bản công bố sản phẩm nhập khẩu đối với thực phẩm dinh dưỡng y học. thực phẩm dùng cho chế độ ăn đặc biệt. sản phẩm dinh dưỡng dùng cho trẻ đến 36 tháng tuổi,An toàn thực phẩm,Sở Y tế,Toàn trình,Cấp tỉnh,1,40,https://datafiles.hanoi.gov.vn/gov-hni/8123/VanBan/2026/4/22/QD%20492%20PL1.pdf,2026-04-14,False,False,PL1-1098_1_013858.md
PL1-1099,1099,1.013855,Cấp giấy chứng nhận cơ sở đủ điều kiện an toàn thực phẩm đối với cơ sở kinh doanh dịch vụ ăn uống. cơ sở sản xuất thực phẩm thuộc phạm vi quản lý của Bộ Y tế,An toàn thực phẩm,Sở Y tế,Toàn trình,Cấp tỉnh,1,40,https://datafiles.hanoi.gov.vn/gov-hni/8123/VanBan/2026/4/22/QD%20492%20PL1.pdf,2026-04-14,False,False,PL1-1099_1_013855.md
PL1-1100,1100,1.013851,Đăng ký nội dung quảng cáo đối với thực phẩm dinh dưỡng y học. thực phẩm dùng cho chế độ ăn đặc biệt. sản phẩm dinh dưỡng dùng cho trẻ đến 36 tháng tuổi,An toàn thực phẩm,Sở Y tế,Toàn trình,Cấp tỉnh,1,40,https://datafiles.hanoi.gov.vn/gov-hni/8123/VanBan/2026/4/22/QD%20492%20PL1.pdf,2026-04-14,False,False,PL1-1100_1_013851.md
PL1-1101,1101,1.013829,Cấp giấy chứng nhận đối với thực phẩm xuất khẩu.,An toàn thực phẩm,Sở Y tế,Toàn trình,Cấp tỉnh,1,40,https://datafiles.hanoi.gov.vn/gov-hni/8123/VanBan/2026/4/22/QD%20492%20PL1.pdf,2026-04-14,False,False,PL1-1101_1_013829.md
PL1-1102,1102,1.013847,Sửa đổi. bổ sung. cấp lại giấy chứng nhận lưu hành tự do đối với sản phẩm thực phẩm xuất khẩu thuộc quyền quản lý của Bộ Y tế (CFS).,An toàn thực phẩm,Sở Y tế,Toàn trình,Cấp tỉnh,1,40,https://datafiles.hanoi.gov.vn/gov-hni/8123/VanBan/2026/4/22/QD%20492%20PL1.pdf,2026-04-14,False,False,PL1-1102_1_013847.md
PL1-1103,1103,1.013838,Cấp giấy chứng nhận lưu hành tự do (CFS) đối với sản phẩm thực phẩm xuất khẩu thuộc quyền quản lý của Bộ Y tế.,An toàn thực phẩm,Sở Y tế,Toàn trình,Cấp tỉnh,1,40,https://datafiles.hanoi.gov.vn/gov-hni/8123/VanBan/2026/4/22/QD%20492%20PL1.pdf,2026-04-14,False,False,PL1-1103_1_013838.md
PL1-1104,1104,1.004070,Công bố cơ sở đủ điều kiện kiểm nghiệm chế phẩm diệt côn trùng. diệt khuẩn dùng trong lĩnh vực gia dụng và y tế,Phòng bệnh,Sở Y tế,Toàn trình,Cấp tỉnh,1,40,https://datafiles.hanoi.gov.vn/gov-hni/8123/VanBan/2026/4/22/QD%20492%20PL1.pdf,2026-04-14,False,False,PL1-1104_1_004070.md
PL1-1105,1105,1.004062,Công bố cơ sở đủ điều kiện khảo nghiệm chế phẩm diệt côn trùng. diệt khuẩn dùng trong lĩnh vực gia dụng và y tế,Phòng bệnh,Sở Y tế,Toàn trình,Cấp tỉnh,1,40,https://datafiles.hanoi.gov.vn/gov-hni/8123/VanBan/2026/4/22/QD%20492%20PL1.pdf,2026-04-14,False,False,PL1-1105_1_004062.md
PL1-1106,1106,1.013036,Công bố cơ sở đủ điều kiện điều trị nghiện các chất dạng thuốc phiện bằng thuốc thay thế,Phòng bệnh,Sở Y tế,Toàn trình,Cấp tỉnh,1,40,https://datafiles.hanoi.gov.vn/gov-hni/8123/VanBan/2026/4/22/QD%20492%20PL1.pdf,2026-04-14,False,False,PL1-1106_1_013036.md
PL1-1107,1107,1.003580,Công bố cơ sở xét nghiệm đạt tiêu chuẩn an toàn sinh học cấp I. cấp II,Phòng bệnh,Sở Y tế,Toàn trình,Cấp tỉnh,1,40,https://datafiles.hanoi.gov.vn/gov-hni/8123/VanBan/2026/4/22/QD%20492%20PL1.pdf,2026-04-14,False,False,PL1-1107_1_003580.md
PL1-1108,1108,2.000655,Công bố cơ sở đủ điều kiện tiêm chủng,Phòng bệnh,Sở Y tế,Toàn trình,Cấp tỉnh,1,40,https://datafiles.hanoi.gov.vn/gov-hni/8123/VanBan/2026/4/22/QD%20492%20PL1.pdf,2026-04-14,False,False,PL1-1108_2_000655.md
PL1-1109,1109,1.002944,Công bố cơ sở đủ điều kiện sản xuất chế phẩm diệt côn trùng. diệt khuẩn dùng trong lĩnh vực gia dụng và y tế,Phòng bệnh,Sở Y tế,Toàn trình,Cấp xã,1,40,https://datafiles.hanoi.gov.vn/gov-hni/8123/VanBan/2026/4/22/QD%20492%20PL1.pdf,2026-04-14,False,False,PL1-1109_1_002944.md
PL1-1110,1110,1.002467,Công bố cơ sở đủ điều kiện cung cấp dịch vụ diệt côn trùng. diệt khuẩn trong lĩnh vực gia dụng và y tế bằng chế phẩm,Phòng bệnh,Sở Y tế,Toàn trình,Cấp xã,1,40,https://datafiles.hanoi.gov.vn/gov-hni/8123/VanBan/2026/4/22/QD%20492%20PL1.pdf,2026-04-14,False,False,PL1-1110_1_002467.md
PL1-1111,1111,2.000477,Dừng trợ giúp xã hội tại cơ sở trợ giúp xã hội,Bảo trợ xã hội,Sở Y tế,Toàn trình,Cấp tỉnh,1,40,https://datafiles.hanoi.gov.vn/gov-hni/8123/VanBan/2026/4/22/QD%20492%20PL1.pdf,2026-04-14,False,False,PL1-1111_2_000477.md
PL1-1112,1112,2.000282,Tiếp nhận đối tượng cần bảo vệ khẩn cấp vào cơ sở trợ giúp xã hội,Bảo trợ xã hội,Sở Y tế,Toàn trình,Cấp tỉnh và cấp xã,1,40,https://datafiles.hanoi.gov.vn/gov-hni/8123/VanBan/2026/4/22/QD%20492%20PL1.pdf,2026-04-14,False,False,PL1-1112_2_000282.md
PL1-1113,1113,2.000286,Tiếp nhận đối tượng bảo trợ xã hội có hoàn cảnh đặc biệt khó khăn vào cơ sở trợ giúp xã hội,Bảo trợ xã hội,Sở Y tế,Toàn trình,Cấp tỉnh,1,40,https://datafiles.hanoi.gov.vn/gov-hni/8123/VanBan/2026/4/22/QD%20492%20PL1.pdf,2026-04-14,False,False,PL1-1113_2_000286.md
PL1-1114,1114,1.001806,Quyết định công nhận cơ sở sản xuất. kinh doanh sử dụng từ 30% tổng số lao động trở lên là người khuyết tật,Bảo trợ xã hội,Sở Y tế,Toàn trình,Cấp tỉnh,1,40,https://datafiles.hanoi.gov.vn/gov-hni/8123/VanBan/2026/4/22/QD%20492%20PL1.pdf,2026-04-14,False,False,PL1-1114_1_001806.md
PL1-1115,1115,1.014092,Cấp Chứng chỉ hành nghề dược (bao gồm cả trường hợp cấp Chứng chỉ hành nghề dược cho người bị thu hồi Chứng chỉ hành nghề dược theo quy định tại các khoản 1. 2. 4. 5. 6. 7. 8. 9. 10. 11 Điều 28 của Luật Dược) theo hình thức xét hồ sơ,Dược phẩm,Sở Y tế,Toàn trình,Cấp tỉnh,1,40,https://datafiles.hanoi.gov.vn/gov-hni/8123/VanBan/2026/4/22/QD%20492%20PL1.pdf,2026-04-14,False,False,PL1-1115_1_014092.md
PL1-1116,1116,1.014104,Cấp lại. điều chỉnh Giấy chứng nhận đủ điều kiện kinh doanh dược thuộc thẩm quyền của Sở Y tế (Cơ sở bán buôn thuốc. nguyên liệu làm thuốc; Cơ sở bán lẻ thuốc bao gồm nhà thuốc. quầy thuốc. tủ thuốc trạm y tế xã. cơ sở chuyên bán lẻ dược liệu. thuốc dược liệu. thuốc cổ truyền),Dược phẩm,Sở Y tế,Toàn trình,Cấp tỉnh,1,41,https://datafiles.hanoi.gov.vn/gov-hni/8123/VanBan/2026/4/22/QD%20492%20PL1.pdf,2026-04-14,False,False,PL1-1116_1_014104.md
PL1-1117,1117,1.014099,Cấp Chứng chỉ hành nghề dược theo hình thức xét hồ sơ trong trường hợp Chứng chỉ hành nghề dược bị ghi sai do lỗi của cơ quan cấp Chứng chỉ hành nghề dược,Dược phẩm,Sở Y tế,Toàn trình,Cấp tỉnh,1,41,https://datafiles.hanoi.gov.vn/gov-hni/8123/VanBan/2026/4/22/QD%20492%20PL1.pdf,2026-04-14,False,False,PL1-1117_1_014099.md
PL1-1118,1119,1.001396,Cung cấp thuốc phóng xạ,Dược phẩm,Sở Y tế,Toàn trình,Cấp tỉnh,1,41,https://datafiles.hanoi.gov.vn/gov-hni/8123/VanBan/2026/4/22/QD%20492%20PL1.pdf,2026-04-14,False,False,PL1-1118_1_001396.md
PL1-1119,1118,2.000986,Liên thông thủ tục hành chính về đăng ký khai sinh. đăng ký thường trú. cấp thẻ bảo hiểm y tế cho trẻ em dưới 6 tuổi,"Y tế, Tư pháp, Công an, Bảo hiểm xã hội",Sở Y tế,Toàn trình,Cấp xã,1,41,https://datafiles.hanoi.gov.vn/gov-hni/8123/VanBan/2026/4/22/QD%20492%20PL1.pdf,2026-04-14,False,False,PL1-1119_2_000986.md
PL1-1120,1119,1.006714,"Thủ tục liên thông về đăng ký khai tử, xóa đăng ký thường trú, hưởng chế độ tử tuất (trợ cấp tuất và trợ cấp mai táng)/hỗ trợ chi phí mai táng/hưởng mai táng phí","Tư pháp, Công an, Nội vụ, Bảo hiểm xã hội",Sở Y tế,Toàn trình,Cấp xã,1,41,https://datafiles.hanoi.gov.vn/gov-hni/8123/VanBan/2026/4/22/QD%20492%20PL1.pdf,2026-04-14,False,False,PL1-1120_1_006714.md
PL2-0001,1,1.013398,Điều chỉnh phương án ứng phó với tình huống khẩn cấp hồ chứa thủy điện thuộc thẩm quyền phê duyệt của Ủy ban nhân dân cấp tỉnh,An toàn đập. hồ chứa thủy điện,Sở Công Thương,Một phần,Cấp tỉnh,2,1,https://datafiles.hanoi.gov.vn/gov-hni/8123/VanBan/2026/4/22/QD%20492%20PL2.pdf,2026-04-14,False,False,PL2-0001_1_013398.md
PL2-0002,2,1.013399,Thẩm định. phê duyệt phương án bảo vệ đập. hồ chứa thủy điện thuộc thẩm quyền phê duyệt của Ủy ban nhân dân cấp tỉnh,An toàn đập. hồ chứa thủy điện,Sở Công Thương,Một phần,Cấp tỉnh,2,1,https://datafiles.hanoi.gov.vn/gov-hni/8123/VanBan/2026/4/22/QD%20492%20PL2.pdf,2026-04-14,False,False,PL2-0002_1_013399.md
PL2-0003,3,1.013400,Điều chỉnh phương án bảo vệ đập. hồ chứa thủy điện thuộc thẩm quyền phê duyệt của Ủy ban nhân dân cấp tỉnh,An toàn đập. hồ chứa thủy điện,Sở Công Thương,Một phần,Cấp tỉnh,2,1,https://datafiles.hanoi.gov.vn/gov-hni/8123/VanBan/2026/4/22/QD%20492%20PL2.pdf,2026-04-14,False,False,PL2-0003_1_013400.md
PL2-0004,4,2.001322,Thẩm định. phê duyệt quy trình vận hành hồ chứa thủy điện thuộc thẩm quyền phê duyệt của Ủy ban nhân dân cấp tỉnh,An toàn đập. hồ chứa thủy điện,Sở Công Thương,Một phần,Cấp tỉnh,2,1,https://datafiles.hanoi.gov.vn/gov-hni/8123/VanBan/2026/4/22/QD%20492%20PL2.pdf,2026-04-14,False,False,PL2-0004_2_001322.md
PL2-0005,5,2.001292,Điều chỉnh quy trình vận hành hồ chứa thủy điện thuộc thẩm quyền phê duyệt của Ủy ban nhân dân cấp tỉnh,An toàn đập. hồ chứa thủy điện,Sở Công Thương,Một phần,Cấp tỉnh,2,1,https://datafiles.hanoi.gov.vn/gov-hni/8123/VanBan/2026/4/22/QD%20492%20PL2.pdf,2026-04-14,False,False,PL2-0005_2_001292.md
PL2-0006,6,2.001300,Thẩm định. phê duyệt phương án ứng phó với tình huống khẩn cấp hồ chứa thủy điện thuộc thẩm quyền phê duyệt của Ủy ban nhân dân cấp tỉnh,An toàn đập. hồ chứa thủy điện,Sở Công Thương,Một phần,Cấp tỉnh,2,1,https://datafiles.hanoi.gov.vn/gov-hni/8123/VanBan/2026/4/22/QD%20492%20PL2.pdf,2026-04-14,False,False,PL2-0006_2_001300.md
PL2-0007,7,1.012471,Xét tặng danh hiệu “Nghệ nhân nhân dân”. “Nghệ nhân ưu tú” trong lĩnh vực nghề thủ công mỹ nghệ” tại Hội đồng cấp tỉnh,Nghề thủ công mỹ nghệ,Sở Công Thương,Một phần,Cấp tỉnh,2,1,https://datafiles.hanoi.gov.vn/gov-hni/8123/VanBan/2026/4/22/QD%20492%20PL2.pdf,2026-04-14,False,False,PL2-0007_1_012471.md
PL2-0008,8,3.000256,Chuyển giao công trình điện là hạ tầng kỹ thuật sử dụng chung trong các dự án khu đô thị. khu dân cư và dự án khác do chủ đầu tư phải bàn giao lại cho nhà nước theo quy định của pháp luật,Quản lý công sản,Sở Công Thương,Một phần,Cấp tỉnh và cấp xã,2,1,https://datafiles.hanoi.gov.vn/gov-hni/8123/VanBan/2026/4/22/QD%20492%20PL2.pdf,2026-04-14,False,False,PL2-0008_3_000256.md
PL2-0009,9,3.000257,Xác lập quyền sở hữu toàn dân và chuyển giao công trình điện có nguồn gốc ngoài ngân sách nhà nước,Quản lý công sản,Sở Công Thương,Một phần,Cấp tỉnh và cấp xã,2,1,https://datafiles.hanoi.gov.vn/gov-hni/8123/VanBan/2026/4/22/QD%20492%20PL2.pdf,2026-04-14,False,False,PL2-0009_3_000257.md
PL2-0010,10,1.001158,Cấp Giấy xác nhận ưu đãi dự án sản xuất sản phẩm công nghiệp hỗ trợ thuộc Danh mục sản phẩm công nghiệp hỗ trợ ưu tiên phát triển của các doanh nghiệp nhỏ và vừa,Công nghiệp hỗ trợ,Sở Công Thương,Một phần,Cấp tỉnh,2,1,https://datafiles.hanoi.gov.vn/gov-hni/8123/VanBan/2026/4/22/QD%20492%20PL2.pdf,2026-04-14,False,False,PL2-0010_1_001158.md
PL2-0011,11,1.013652,Phê duyệt kế hoạch quản lý rủi ro trong khai thác khoáng sản bằng phương pháp hầm lò thuộc thẩm quyền giải quyết của Ủy ban nhân dân cấp tỉnh.,Khoáng sản,Sở Công Thương,Một phần,Cấp tỉnh,2,1,https://datafiles.hanoi.gov.vn/gov-hni/8123/VanBan/2026/4/22/QD%20492%20PL2.pdf,2026-04-14,False,False,PL2-0011_1_013652.md
PL2-0012,12,1.014125,Cấp giấy chứng nhận huấn luyện kỹ thuật an toàn trong khai thác khoáng sản,Khoáng sản,Sở Công Thương,Một phần,Cấp tỉnh,2,1,https://datafiles.hanoi.gov.vn/gov-hni/8123/VanBan/2026/4/22/QD%20492%20PL2.pdf,2026-04-14,False,False,PL2-0012_1_014125.md
PL2-0013,13,1.014127,Thu hồi giấy chứng nhận huấn luyện kỹ thuật an toàn trong khai thác khoáng sản,Khoáng sản,Sở Công Thương,Một phần,Cấp tỉnh,2,1,https://datafiles.hanoi.gov.vn/gov-hni/8123/VanBan/2026/4/22/QD%20492%20PL2.pdf,2026-04-14,False,False,PL2-0013_1_014127.md
PL2-0014,14,1.013778,Thủ tục gia hạn thời gian quá cảnh đối với hàng hóa quá cảnh,Xuất nhập khẩu,Sở Công Thương,Một phần,Cấp tỉnh,2,1,https://datafiles.hanoi.gov.vn/gov-hni/8123/VanBan/2026/4/22/QD%20492%20PL2.pdf,2026-04-14,False,False,PL2-0014_1_013778.md
PL2-0015,15,1.013779,Thủ tục cấp Giấy phép cho thương nhân được ký hợp đồng đại lý mua. bán hàng hóa xuất khẩu theo giấy phép,Xuất nhập khẩu,Sở Công Thương,Một phần,Cấp tỉnh,2,1,https://datafiles.hanoi.gov.vn/gov-hni/8123/VanBan/2026/4/22/QD%20492%20PL2.pdf,2026-04-14,False,False,PL2-0015_1_013779.md
PL2-0016,16,1.000350,Thủ tục cấp giấy chứng nhận đăng ký quyền xuất khẩu. quyền nhập khẩu của thương nhân nước ngoài không có hiện diện tại Việt Nam,Xuất nhập khẩu,Sở Công Thương,Một phần,Cấp tỉnh,2,1,https://datafiles.hanoi.gov.vn/gov-hni/8123/VanBan/2026/4/22/QD%20492%20PL2.pdf,2026-04-14,False,False,PL2-0016_1_000350.md
PL2-0017,17,1.005405,Cấp lại. sửa đổi. bổ sung Giấy chứng nhận đăng ký quyền xuất khẩu. quyền nhập khẩu của thương nhân nước ngoài không có hiện diện tại Việt Nam,Xuất nhập khẩu,Sở Công Thương,Một phần,Cấp tỉnh,2,2,https://datafiles.hanoi.gov.vn/gov-hni/8123/VanBan/2026/4/22/QD%20492%20PL2.pdf,2026-04-14,False,False,PL2-0017_1_005405.md
PL2-0018,18,1.005406,Gia hạn Giấy chứng nhận đăng ký quyền xuất khẩu. quyền nhập khẩu của thương nhân nước ngoài không có hiện diện tại Việt Nam,Xuất nhập khẩu,Sở Công Thương,Một phần,Cấp tỉnh,2,2,https://datafiles.hanoi.gov.vn/gov-hni/8123/VanBan/2026/4/22/QD%20492%20PL2.pdf,2026-04-14,False,False,PL2-0018_1_005406.md
PL2-0019,19,2.000324,Xác nhận kiến thức pháp luật về bán hàng đa cấp. kiến thức cho đầu mối tại địa phương,Quản lý bán hàng đa cấp,Sở Công Thương,Một phần,Cấp tỉnh,2,2,https://datafiles.hanoi.gov.vn/gov-hni/8123/VanBan/2026/4/22/QD%20492%20PL2.pdf,2026-04-14,False,False,PL2-0019_2_000324.md
PL2-0020,20,1.000361,Cấp lại Giấy phép thành lập Chi nhánh của thương nhân nước ngoài tại Việt Nam,Thương mại quốc tế,Sở Công Thương,Một phần,Cấp tỉnh,2,2,https://datafiles.hanoi.gov.vn/gov-hni/8123/VanBan/2026/4/22/QD%20492%20PL2.pdf,2026-04-14,False,False,PL2-0020_1_000361.md
PL2-0021,21,2.000129,Điều chỉnh Giấy phép thành lập Chi nhánh của thương nhân nước ngoài tại Việt Nam,Thương mại quốc tế,Sở Công Thương,Một phần,Cấp tỉnh,2,2,https://datafiles.hanoi.gov.vn/gov-hni/8123/VanBan/2026/4/22/QD%20492%20PL2.pdf,2026-04-14,False,False,PL2-0021_2_000129.md
PL2-0022,22,1.000358,Gia hạn Giấy phép thành lập Chi nhánh của thương nhân nước ngoài tại Việt Nam,Thương mại quốc tế,Sở Công Thương,Một phần,Cấp tỉnh,2,2,https://datafiles.hanoi.gov.vn/gov-hni/8123/VanBan/2026/4/22/QD%20492%20PL2.pdf,2026-04-14,False,False,PL2-0022_1_000358.md
PL2-0023,23,1.000168,Chấm dứt hoạt động Chi nhánh của thương nhân nước ngoài tại Việt Nam,Thương mại quốc tế,Sở Công Thương,Một phần,Cấp tỉnh,2,2,https://datafiles.hanoi.gov.vn/gov-hni/8123/VanBan/2026/4/22/QD%20492%20PL2.pdf,2026-04-14,False,False,PL2-0023_1_000168.md
PL2-0024,24,1.000981,Cấp Giấy phép chế biến nguyên liệu thuốc lá,Công nghiệp tiêu dùng,Sở Công Thương,Một phần,Cấp tỉnh,2,2,https://datafiles.hanoi.gov.vn/gov-hni/8123/VanBan/2026/4/22/QD%20492%20PL2.pdf,2026-04-14,False,False,PL2-0024_1_000981.md
PL2-0025,25,1.000948,Cấp lại Giấy phép chế biến nguyên liệu thuốc lá,Công nghiệp tiêu dùng,Sở Công Thương,Một phần,Cấp tỉnh,2,2,https://datafiles.hanoi.gov.vn/gov-hni/8123/VanBan/2026/4/22/QD%20492%20PL2.pdf,2026-04-14,False,False,PL2-0025_1_000948.md
PL2-0026,26,1.000911,Cấp sửa đổi. bổ sung Giấy phép chế biến nguyên liệu thuốc lá,Công nghiệp tiêu dùng,Sở Công Thương,Một phần,Cấp tỉnh,2,2,https://datafiles.hanoi.gov.vn/gov-hni/8123/VanBan/2026/4/22/QD%20492%20PL2.pdf,2026-04-14,False,False,PL2-0026_1_000911.md
PL2-0027,27,1.013780,Nhượng bán. xuất khẩu. tái xuất. thanh lý máy móc thiết bị chuyên ngành thuốc lá của các doanh nghiệp sản xuất thuốc lá. chế biến nguyên liệu thuốc lá,Công nghiệp tiêu dùng,Sở Công Thương,Một phần,Cấp tỉnh,2,2,https://datafiles.hanoi.gov.vn/gov-hni/8123/VanBan/2026/4/22/QD%20492%20PL2.pdf,2026-04-14,False,False,PL2-0027_1_013780.md
PL2-0028,28,1.004021,Cấp Giấy phép sản xuất rượu công nghiệp (quy mô từ 3 triệu lít/năm trở lên),Lưu thông hàng hóa trong nước,Sở Công Thương,Một phần,Cấp tỉnh,2,2,https://datafiles.hanoi.gov.vn/gov-hni/8123/VanBan/2026/4/22/QD%20492%20PL2.pdf,2026-04-14,False,False,PL2-0028_1_004021.md
PL2-0029,29,1.003992,Cấp lại Giấy phép sản xuất rượu công nghiệp (quy mô từ 3 triệu lít/năm trở lên),Lưu thông hàng hóa trong nước,Sở Công Thương,Một phần,Cấp tỉnh,2,2,https://datafiles.hanoi.gov.vn/gov-hni/8123/VanBan/2026/4/22/QD%20492%20PL2.pdf,2026-04-14,False,False,PL2-0029_1_003992.md
PL2-0030,30,1.004007,Cấp sửa đổi. bổ sung Giấy phép sản xuất rượu công nghiệp (quy mô từ 3 triệu lít/năm trở lên),Lưu thông hàng hóa trong nước,Sở Công Thương,Một phần,Cấp tỉnh,2,2,https://datafiles.hanoi.gov.vn/gov-hni/8123/VanBan/2026/4/22/QD%20492%20PL2.pdf,2026-04-14,False,False,PL2-0030_1_004007.md
PL2-0031,31,2.001424,Cấp Giấy chứng nhận đủ điều kiện thương nhân xuất nhập khẩu LPG,Kinh doanh khí,Sở Công Thương,Một phần,Cấp tỉnh,2,2,https://datafiles.hanoi.gov.vn/gov-hni/8123/VanBan/2026/4/22/QD%20492%20PL2.pdf,2026-04-14,False,False,PL2-0031_2_001424.md
PL2-0032,32,1.000491,Cấp điều chỉnh Giấy chứng nhận đủ điều kiện thương nhân xuất nhập khẩu LPG,Kinh doanh khí,Sở Công Thương,Một phần,Cấp tỉnh,2,2,https://datafiles.hanoi.gov.vn/gov-hni/8123/VanBan/2026/4/22/QD%20492%20PL2.pdf,2026-04-14,False,False,PL2-0032_1_000491.md
PL2-0033,33,1.000510,Cấp lại Giấy chứng nhận đủ điều kiện thương nhân xuất nhập khẩu LPG,Kinh doanh khí,Sở Công Thương,Một phần,Cấp tỉnh,2,2,https://datafiles.hanoi.gov.vn/gov-hni/8123/VanBan/2026/4/22/QD%20492%20PL2.pdf,2026-04-14,False,False,PL2-0033_1_000510.md
PL2-0034,34,1.005184,Cấp Giấy chứng nhận đủ điều kiện thương nhân xuất nhập khẩu LNG,Kinh doanh khí,Sở Công Thương,Một phần,Cấp tỉnh,2,2,https://datafiles.hanoi.gov.vn/gov-hni/8123/VanBan/2026/4/22/QD%20492%20PL2.pdf,2026-04-14,False,False,PL2-0034_1_005184.md
PL2-0035,35,1.000649,Cấp điều chỉnh Giấy chứng nhận đủ điều kiện thương nhân xuất nhập khẩu LNG,Kinh doanh khí,Sở Công Thương,Một phần,Cấp tỉnh,2,2,https://datafiles.hanoi.gov.vn/gov-hni/8123/VanBan/2026/4/22/QD%20492%20PL2.pdf,2026-04-14,False,False,PL2-0035_1_000649.md
PL2-0036,36,1.005372,Cấp lại Giấy chứng nhận đủ điều kiện thương nhân xuất nhập khẩu LNG,Kinh doanh khí,Sở Công Thương,Một phần,Cấp tỉnh,2,2,https://datafiles.hanoi.gov.vn/gov-hni/8123/VanBan/2026/4/22/QD%20492%20PL2.pdf,2026-04-14,False,False,PL2-0036_1_005372.md
PL2-0037,37,1.000706,Cấp Giấy chứng nhận đủ điều kiện thương nhân xuất nhập khẩu CNG,Kinh doanh khí,Sở Công Thương,Một phần,Cấp tỉnh,2,2,https://datafiles.hanoi.gov.vn/gov-hni/8123/VanBan/2026/4/22/QD%20492%20PL2.pdf,2026-04-14,False,False,PL2-0037_1_000706.md
PL2-0038,38,2.000146,Cấp điều chỉnh Giấy chứng nhận đủ điều kiện thương nhân xuất nhập khẩu CNG,Kinh doanh khí,Sở Công Thương,Một phần,Cấp tỉnh,2,2,https://datafiles.hanoi.gov.vn/gov-hni/8123/VanBan/2026/4/22/QD%20492%20PL2.pdf,2026-04-14,False,False,PL2-0038_2_000146.md
PL2-0039,39,1.000387,Cấp lại Giấy chứng nhận đủ điều kiện thương nhân xuất nhập khẩu CNG,Kinh doanh khí,Sở Công Thương,Một phần,Cấp tỉnh,2,2,https://datafiles.hanoi.gov.vn/gov-hni/8123/VanBan/2026/4/22/QD%20492%20PL2.pdf,2026-04-14,False,False,PL2-0039_1_000387.md
PL2-0040,40,1.000475,Cấp Giấy chứng nhận đủ điều kiện sản xuất. sửa chữa chai chứa LPG.,Kinh doanh khí,Sở Công Thương,Một phần,Cấp tỉnh,2,2,https://datafiles.hanoi.gov.vn/gov-hni/8123/VanBan/2026/4/22/QD%20492%20PL2.pdf,2026-04-14,False,False,PL2-0040_1_000475.md
PL2-0041,41,1.000455,Cấp lại Giấy chứng nhận đủ điều kiện sản xuất. sửa chữa chai chứa LPG,Kinh doanh khí,Sở Công Thương,Một phần,Cấp tỉnh,2,3,https://datafiles.hanoi.gov.vn/gov-hni/8123/VanBan/2026/4/22/QD%20492%20PL2.pdf,2026-04-14,False,False,PL2-0041_1_000455.md
PL2-0042,42,1.000742,Cấp điều chỉnh Giấy chứng nhận đủ điều kiện sản xuất. sửa chữa chai chứa LPG.,Kinh doanh khí,Sở Công Thương,Một phần,Cấp tỉnh,2,3,https://datafiles.hanoi.gov.vn/gov-hni/8123/VanBan/2026/4/22/QD%20492%20PL2.pdf,2026-04-14,False,False,PL2-0042_1_000742.md
PL2-0043,43,2.000304,Cấp Giấy chứng nhận đủ điều kiện sản xuất chai LPG mini.,Kinh doanh khí,Sở Công Thương,Một phần,Cấp tỉnh,2,3,https://datafiles.hanoi.gov.vn/gov-hni/8123/VanBan/2026/4/22/QD%20492%20PL2.pdf,2026-04-14,False,False,PL2-0043_2_000304.md
PL2-0044,44,1.000709,Cấp lại Giấy chứng nhận đủ điều kiện sản xuất chai LPG mini.,Kinh doanh khí,Sở Công Thương,Một phần,Cấp tỉnh,2,3,https://datafiles.hanoi.gov.vn/gov-hni/8123/VanBan/2026/4/22/QD%20492%20PL2.pdf,2026-04-14,False,False,PL2-0044_1_000709.md
PL2-0045,45,1.000704,Cấp điều chỉnh Giấy chứng nhận đủ điều kiện sản xuất chai LPG mini.,Kinh doanh khí,Sở Công Thương,Một phần,Cấp tỉnh,2,3,https://datafiles.hanoi.gov.vn/gov-hni/8123/VanBan/2026/4/22/QD%20492%20PL2.pdf,2026-04-14,False,False,PL2-0045_1_000704.md
PL2-0046,46,2.001682,Đăng ký chỉ định Cơ sở kiểm nghiệm thực phẩm phục vụ quản lý nhà nước,An toàn thực phẩm,Sở Công Thương,Một phần,Cấp tỉnh,2,3,https://datafiles.hanoi.gov.vn/gov-hni/8123/VanBan/2026/4/22/QD%20492%20PL2.pdf,2026-04-14,False,False,PL2-0046_2_001682.md
PL2-0047,47,1.003951,Đăng ký gia hạn chỉ định Cơ sở kiểm nghiệm thực phẩm phục vụ quản lý nhà nước,An toàn thực phẩm,Sở Công Thương,Một phần,Cấp tỉnh,2,3,https://datafiles.hanoi.gov.vn/gov-hni/8123/VanBan/2026/4/22/QD%20492%20PL2.pdf,2026-04-14,False,False,PL2-0047_1_003951.md
PL2-0048,48,2.001660,Đăng ký thay đổi. bổ sung phạm vi chỉ định Cơ sở kiểm nghiệm thực phẩm phục vụ quản lý nhà nước,An toàn thực phẩm,Sở Công Thương,Một phần,Cấp tỉnh,2,3,https://datafiles.hanoi.gov.vn/gov-hni/8123/VanBan/2026/4/22/QD%20492%20PL2.pdf,2026-04-14,False,False,PL2-0048_2_001660.md
PL2-0049,49,1.003860,Đăng ký chỉ định cơ sở kiểm nghiệm kiểm chứng về an toàn thực phẩm,An toàn thực phẩm,Sở Công Thương,Một phần,Cấp tỉnh,2,3,https://datafiles.hanoi.gov.vn/gov-hni/8123/VanBan/2026/4/22/QD%20492%20PL2.pdf,2026-04-14,False,False,PL2-0049_1_003860.md
PL2-0050,50,2.001595,Đăng ký gia hạn chỉ định cơ sở kiểm nghiệm kiểm chứng về an toàn thực phẩm,An toàn thực phẩm,Sở Công Thương,Một phần,Cấp tỉnh,2,3,https://datafiles.hanoi.gov.vn/gov-hni/8123/VanBan/2026/4/22/QD%20492%20PL2.pdf,2026-04-14,False,False,PL2-0050_2_001595.md
PL2-0051,51,1.003929,Đăng ký thay đổi. bổ sung phạm vi chỉ định cơ sở kiểm nghiệm kiểm chứng về an toàn thực phẩm,An toàn thực phẩm,Sở Công Thương,Một phần,Cấp tỉnh,2,3,https://datafiles.hanoi.gov.vn/gov-hni/8123/VanBan/2026/4/22/QD%20492%20PL2.pdf,2026-04-14,False,False,PL2-0051_1_003929.md
PL2-0052,52,1.014722,Cấp chứng chỉ tư vấn chuyên ngành hóa chất,Hóa chất,Sở Công Thương,Một phần,Cấp tỉnh,2,3,https://datafiles.hanoi.gov.vn/gov-hni/8123/VanBan/2026/4/22/QD%20492%20PL2.pdf,2026-04-14,False,False,PL2-0052_1_014722.md
PL2-0053,53,1.014724,Cấp lại chứng chỉ tư vấn chuyên ngành hóa chất,Hóa chất,Sở Công Thương,Một phần,Cấp tỉnh,2,3,https://datafiles.hanoi.gov.vn/gov-hni/8123/VanBan/2026/4/22/QD%20492%20PL2.pdf,2026-04-14,False,False,PL2-0053_1_014724.md
PL2-0054,54,1.014726,Cấp điều chỉnh chứng chỉ tư vấn chuyên ngành hóa chất,Hóa chất,Sở Công Thương,Một phần,Cấp tỉnh,2,3,https://datafiles.hanoi.gov.vn/gov-hni/8123/VanBan/2026/4/22/QD%20492%20PL2.pdf,2026-04-14,False,False,PL2-0054_1_014726.md
PL2-0055,55,1.014728,Cấp Giấy phép sản xuất hóa chất cần kiểm soát đặc biệt nhóm 2,Hóa chất,Sở Công Thương,Một phần,Cấp tỉnh,2,3,https://datafiles.hanoi.gov.vn/gov-hni/8123/VanBan/2026/4/22/QD%20492%20PL2.pdf,2026-04-14,False,False,PL2-0055_1_014728.md
PL2-0056,56,1.014732,Cấp Giấy phép kinh doanh hóa chất cần kiểm soát đặc biệt nhóm 2,Hóa chất,Sở Công Thương,Một phần,Cấp tỉnh,2,3,https://datafiles.hanoi.gov.vn/gov-hni/8123/VanBan/2026/4/22/QD%20492%20PL2.pdf,2026-04-14,False,False,PL2-0056_1_014732.md
PL2-0057,57,1.014735,Cấp Giấy phép sản xuất và kinh doanh hóa chất cần kiểm soát đặc biệt nhóm 2,Hóa chất,Sở Công Thương,Một phần,Cấp tỉnh,2,3,https://datafiles.hanoi.gov.vn/gov-hni/8123/VanBan/2026/4/22/QD%20492%20PL2.pdf,2026-04-14,False,False,PL2-0057_1_014735.md
PL2-0058,58,1.014734,Cấp lại Giấy phép sản xuất. kinh doanh hóa chất kiểm soát đặc biệt nhóm 2,Hóa chất,Sở Công Thương,Một phần,Cấp tỉnh,2,3,https://datafiles.hanoi.gov.vn/gov-hni/8123/VanBan/2026/4/22/QD%20492%20PL2.pdf,2026-04-14,False,False,PL2-0058_1_014734.md
PL2-0059,59,1.014733,Cấp điều chỉnh Giấy phép sản xuất. kinh doanh hóa chất cần kiểm soát đặc biệt nhóm 2,Hóa chất,Sở Công Thương,Một phần,Cấp tỉnh,2,3,https://datafiles.hanoi.gov.vn/gov-hni/8123/VanBan/2026/4/22/QD%20492%20PL2.pdf,2026-04-14,False,False,PL2-0059_1_014733.md
PL2-0060,60,1.014731,Cấp Giấy phép xuất khẩu. nhập khẩu hóa chất cần kiểm soát đặc biệt nhóm 2,Hóa chất,Sở Công Thương,Một phần,Cấp tỉnh,2,3,https://datafiles.hanoi.gov.vn/gov-hni/8123/VanBan/2026/4/22/QD%20492%20PL2.pdf,2026-04-14,False,False,PL2-0060_1_014731.md
PL2-0061,61,1.014730,Cấp lại Giấy phép xuất. nhập khẩu hóa chất cần kiểm soát đặc biệt nhóm 2,Hóa chất,Sở Công Thương,Một phần,Cấp tỉnh,2,3,https://datafiles.hanoi.gov.vn/gov-hni/8123/VanBan/2026/4/22/QD%20492%20PL2.pdf,2026-04-14,False,False,PL2-0061_1_014730.md
PL2-0062,62,1.014729,Cấp điều chỉnh Giấy phép xuất khẩu. nhập khẩu hóa chất cần kiểm soát đặc biệt nhóm 2,Hóa chất,Sở Công Thương,Một phần,Cấp tỉnh,2,3,https://datafiles.hanoi.gov.vn/gov-hni/8123/VanBan/2026/4/22/QD%20492%20PL2.pdf,2026-04-14,False,False,PL2-0062_1_014729.md
PL2-0063,63,2.002836,Cấp gia hạn Giấy phép xuất khẩu. nhập khẩu hóa chất cần kiểm soát đặc biệt nhóm 2,Hóa chất,Sở Công Thương,Một phần,Cấp tỉnh,2,3,https://datafiles.hanoi.gov.vn/gov-hni/8123/VanBan/2026/4/22/QD%20492%20PL2.pdf,2026-04-14,False,False,PL2-0063_2_002836.md
PL2-0064,64,1.014727,Cấp giấy chứng nhận đủ điều kiện hoạt động dịch vụ tồn trữ hóa chất thuộc UBND cấp tỉnh,Hóa chất,Sở Công Thương,Một phần,Cấp tỉnh,2,3,https://datafiles.hanoi.gov.vn/gov-hni/8123/VanBan/2026/4/22/QD%20492%20PL2.pdf,2026-04-14,False,False,PL2-0064_1_014727.md
PL2-0065,65,1.014725,Cấp lại giấy chứng nhận đủ điều kiện hoạt động dịch vụ tồn trữ hóa chất thuộc UBND cấp tỉnh,Hóa chất,Sở Công Thương,Một phần,Cấp tỉnh,2,3,https://datafiles.hanoi.gov.vn/gov-hni/8123/VanBan/2026/4/22/QD%20492%20PL2.pdf,2026-04-14,False,False,PL2-0065_1_014725.md
PL2-0066,66,1.014723,Cấp điều chỉnh giấy chứng nhận đủ điều kiện hoạt động dịch vụ tồn trữ hóa chất thuộc UBND cấp tỉnh,Hóa chất,Sở Công Thương,Một phần,Cấp tỉnh,2,3,https://datafiles.hanoi.gov.vn/gov-hni/8123/VanBan/2026/4/22/QD%20492%20PL2.pdf,2026-04-14,False,False,PL2-0066_1_014723.md
PL2-0067,67,1.014721,Cấp Giấy chứng nhận đủ điều kiện sản xuất hóa chất có điều kiện,Hóa chất,Sở Công Thương,Một phần,Cấp tỉnh,2,3,https://datafiles.hanoi.gov.vn/gov-hni/8123/VanBan/2026/4/22/QD%20492%20PL2.pdf,2026-04-14,False,False,PL2-0067_1_014721.md
PL2-0068,68,1.014720,Cấp Giấy chứng nhận đủ điều kiện kinh doanh hóa chất có điều kiện,Hóa chất,Sở Công Thương,Một phần,Cấp tỉnh,2,3,https://datafiles.hanoi.gov.vn/gov-hni/8123/VanBan/2026/4/22/QD%20492%20PL2.pdf,2026-04-14,False,False,PL2-0068_1_014720.md
PL2-0069,69,1.014714,Cấp Giấy chứng nhận đủ điều kiện sản xuất và kinh doanh hóa chất có điều kiện,Hóa chất,Sở Công Thương,Một phần,Cấp tỉnh,2,3,https://datafiles.hanoi.gov.vn/gov-hni/8123/VanBan/2026/4/22/QD%20492%20PL2.pdf,2026-04-14,False,False,PL2-0069_1_014714.md
PL2-0070,70,2.002834,Cấp lại Giấy chứng nhận đủ điều kiện sản xuất. kinh doanh hóa chất có điều kiện,Hóa chất,Sở Công Thương,Một phần,Cấp tỉnh,2,3,https://datafiles.hanoi.gov.vn/gov-hni/8123/VanBan/2026/4/22/QD%20492%20PL2.pdf,2026-04-14,False,False,PL2-0070_2_002834.md
PL2-0071,71,1.014710,Cấp điều chỉnh Giấy chứng nhận đủ điều kiện sản xuất. kinh doanh hóa chất có điều kiện,Hóa chất,Sở Công Thương,Một phần,Cấp tỉnh,2,3,https://datafiles.hanoi.gov.vn/gov-hni/8123/VanBan/2026/4/22/QD%20492%20PL2.pdf,2026-04-14,False,False,PL2-0071_1_014710.md
PL2-0072,72,1.003683,Thẩm định. phê duyệt Kế hoạch phòng ngừa. ứng phó sự cố hoá chất,Hóa chất,Sở Công Thương,Một phần,Cấp tỉnh,2,3,https://datafiles.hanoi.gov.vn/gov-hni/8123/VanBan/2026/4/22/QD%20492%20PL2.pdf,2026-04-14,False,False,PL2-0072_1_003683.md
PL2-0073,73,1.000862,Chấp thuận các tài liệu an toàn thuộc thẩm quyền của Ủy ban nhân dân tỉnh,Dầu khí,Sở Công Thương,Một phần,Cấp tỉnh,2,4,https://datafiles.hanoi.gov.vn/gov-hni/8123/VanBan/2026/4/22/QD%20492%20PL2.pdf,2026-04-14,False,False,PL2-0073_1_000862.md
PL2-0074,74,2.000147,Cấp Quyết định chỉ định tổ chức đánh giá sự phù hợp,Khoa học công nghệ,Sở Công Thương,Một phần,Cấp tỉnh,2,4,https://datafiles.hanoi.gov.vn/gov-hni/8123/VanBan/2026/4/22/QD%20492%20PL2.pdf,2026-04-14,False,False,PL2-0074_2_000147.md
PL2-0075,75,1.013989,Cấp thay đổi. bổ sung phạm vi. lĩnh vực được chỉ định,Chất lượng sản phẩm hàng hóa,Sở Công Thương,Một phần,Cấp tỉnh,2,4,https://datafiles.hanoi.gov.vn/gov-hni/8123/VanBan/2026/4/22/QD%20492%20PL2.pdf,2026-04-14,False,False,PL2-0075_1_013989.md
PL2-0076,76,2.001434,Cấp Giấy phép sử dụng vật liệu nổ công nghiệp thuộc thẩm quyền giải quyết của Ủy ban nhân dân cấp Tỉnh,Vật liệu nổ công nghiệp. tiền chất thuốc nổ,Sở Công Thương,Một phần,Cấp tỉnh,2,4,https://datafiles.hanoi.gov.vn/gov-hni/8123/VanBan/2026/4/22/QD%20492%20PL2.pdf,2026-04-14,False,False,PL2-0076_2_001434.md
PL2-0077,77,1.013058,Cấp điều chỉnh giấy phép sử dụng vật liệu nổ công nghiệp thuộc thẩm quyền giải quyết của Ủy ban nhân dân Tỉnh,Vật liệu nổ công nghiệp. tiền chất thuốc nổ,Sở Công Thương,Một phần,Cấp tỉnh,2,4,https://datafiles.hanoi.gov.vn/gov-hni/8123/VanBan/2026/4/22/QD%20492%20PL2.pdf,2026-04-14,False,False,PL2-0077_1_013058.md
PL2-0078,78,2.001433,Cấp lại Giấy phép sử dụng vật liệu nổ công nghiệp thuộc thẩm quyền giải quyết của Ủy ban nhân dân cấp Tỉnh,Vật liệu nổ công nghiệp. tiền chất thuốc nổ,Sở Công Thương,Một phần,Cấp tỉnh,2,4,https://datafiles.hanoi.gov.vn/gov-hni/8123/VanBan/2026/4/22/QD%20492%20PL2.pdf,2026-04-14,False,False,PL2-0078_2_001433.md
PL2-0079,79,1.000998,Cấp Giấy chứng nhận đủ điều kiện sản xuất tiền chất thuốc nổ,Vật liệu nổ công nghiệp. tiền chất thuốc nổ,Sở Công Thương,Một phần,Cấp tỉnh,2,4,https://datafiles.hanoi.gov.vn/gov-hni/8123/VanBan/2026/4/22/QD%20492%20PL2.pdf,2026-04-14,False,False,PL2-0079_1_000998.md
PL2-0080,80,1.000965,Cấp điều chỉnh Giấy chứng nhận đủ điều kiện sản xuất tiền chất thuốc nổ,Vật liệu nổ công nghiệp. tiền chất thuốc nổ,Sở Công Thương,Một phần,Cấp tỉnh,2,4,https://datafiles.hanoi.gov.vn/gov-hni/8123/VanBan/2026/4/22/QD%20492%20PL2.pdf,2026-04-14,False,False,PL2-0080_1_000965.md
PL2-0081,81,2.000229,Cấp Giấy chứng nhận huấn luyện kỹ thuật an toàn vật liệu nổ công nghiệp thuộc thẩm quyền của Sở Công thương,Vật liệu nổ công nghiệp. tiền chất thuốc nổ,Sở Công Thương,Một phần,Cấp tỉnh,2,4,https://datafiles.hanoi.gov.vn/gov-hni/8123/VanBan/2026/4/22/QD%20492%20PL2.pdf,2026-04-14,False,False,PL2-0081_2_000229.md
PL2-0082,82,2.000210,Cấp lại Giấy chứng nhận huấn luyện kỹ thuật an toàn vật liệu nổ công nghiệp,Vật liệu nổ công nghiệp. tiền chất thuốc nổ,Sở Công Thương,Một phần,Cấp tỉnh,2,4,https://datafiles.hanoi.gov.vn/gov-hni/8123/VanBan/2026/4/22/QD%20492%20PL2.pdf,2026-04-14,False,False,PL2-0082_2_000210.md
PL2-0083,83,1.013411,Cấp Giấy phép hoạt động phân phối điện thuộc thẩm quyền cấp của Ủy ban nhân dân cấp tỉnh,Điện lực,Sở Công Thương,Một phần,Cấp tỉnh,2,4,https://datafiles.hanoi.gov.vn/gov-hni/8123/VanBan/2026/4/22/QD%20492%20PL2.pdf,2026-04-14,False,False,PL2-0083_1_013411.md
PL2-0084,84,1.013412,Cấp Giấy phép hoạt động bán buôn điện thuộc thẩm quyền cấp của Ủy ban nhân dân tỉnh,Điện lực,Sở Công Thương,Một phần,Cấp tỉnh,2,4,https://datafiles.hanoi.gov.vn/gov-hni/8123/VanBan/2026/4/22/QD%20492%20PL2.pdf,2026-04-14,False,False,PL2-0084_1_013412.md
PL2-0085,85,1.013416,Cấp Giấy phép hoạt động bán lẻ điện thuộc thẩm quyền cấp của Ủy ban nhân dân cấp tỉnh,Điện lực,Sở Công Thương,Một phần,Cấp tỉnh,2,4,https://datafiles.hanoi.gov.vn/gov-hni/8123/VanBan/2026/4/22/QD%20492%20PL2.pdf,2026-04-14,False,False,PL2-0085_1_013416.md
PL2-0086,86,1.013401,Cấp giấy phép hoạt động phát điện thuộc thẩm quyền cấp của Ủy ban nhân dân cấp tỉnh,Điện lực,Sở Công Thương,Một phần,Cấp tỉnh,2,4,https://datafiles.hanoi.gov.vn/gov-hni/8123/VanBan/2026/4/22/QD%20492%20PL2.pdf,2026-04-14,False,False,PL2-0086_1_013401.md
PL2-0087,87,1.013421,Thu hồi giấy phép hoạt động điện lực thuộc thẩm quyền của Ủy ban nhân dân cấp tỉnh,Điện lực,Sở Công Thương,Một phần,Cấp tỉnh,2,4,https://datafiles.hanoi.gov.vn/gov-hni/8123/VanBan/2026/4/22/QD%20492%20PL2.pdf,2026-04-14,False,False,PL2-0087_1_013421.md
PL2-0088,88,1.013394,Phê duyệt Danh mục đầu tư lưới điện trung áp. hạ áp,Điện lực,Sở Công Thương,Một phần,Cấp tỉnh,2,4,https://datafiles.hanoi.gov.vn/gov-hni/8123/VanBan/2026/4/22/QD%20492%20PL2.pdf,2026-04-14,False,False,PL2-0088_1_013394.md
PL2-0089,89,1.013395,Điều chỉnh Danh mục đầu tư lưới điện trung áp. hạ áp,Điện lực,Sở Công Thương,Một phần,Cấp tỉnh,2,4,https://datafiles.hanoi.gov.vn/gov-hni/8123/VanBan/2026/4/22/QD%20492%20PL2.pdf,2026-04-14,False,False,PL2-0089_1_013395.md
PL2-0090,90,1.014119,Cấp Giấy chứng nhận xuất xứ hàng hóa (C/O) ưu đãi Mẫu VI,Xuất nhập khẩu,Sở Công Thương,Một phần,Cấp tỉnh,2,4,https://datafiles.hanoi.gov.vn/gov-hni/8123/VanBan/2026/4/22/QD%20492%20PL2.pdf,2026-04-14,False,False,PL2-0090_1_014119.md
PL2-0091,91,1.000490,Cấp Giấy chứng nhận xuất xứ hàng hóa (C/O) ưu đãi Mẫu A,Xuất nhập khẩu,Sở Công Thương,Một phần,Cấp tỉnh,2,4,https://datafiles.hanoi.gov.vn/gov-hni/8123/VanBan/2026/4/22/QD%20492%20PL2.pdf,2026-04-14,False,False,PL2-0091_1_000490.md
PL2-0092,92,1.000430,Cấp Giấy chứng nhận xuất xứ hàng hóa (C/O) không ưu đãi Mẫu DA59 (cho hàng hóa xuất khẩu đi Châu Phi),Xuất nhập khẩu,Sở Công Thương,Một phần,Cấp tỉnh,2,5,https://datafiles.hanoi.gov.vn/gov-hni/8123/VanBan/2026/4/22/QD%20492%20PL2.pdf,2026-04-14,False,False,PL2-0092_1_000430.md
PL2-0093,93,1.000398,Cấp Giấy chứng nhận xuất xứ hàng hóa (C/O) không ưu đãi Mẫu ICO (cho hàng cà phê xuất khẩu),Xuất nhập khẩu,Sở Công Thương,Một phần,Cấp tỉnh,2,5,https://datafiles.hanoi.gov.vn/gov-hni/8123/VanBan/2026/4/22/QD%20492%20PL2.pdf,2026-04-14,False,False,PL2-0093_1_000398.md
PL2-0094,94,1.003477,Cấp Giấy chứng nhận xuất xứ hàng hóa (C/O) không ưu đãi Mẫu Peru,Xuất nhập khẩu,Sở Công Thương,Một phần,Cấp tỉnh,2,5,https://datafiles.hanoi.gov.vn/gov-hni/8123/VanBan/2026/4/22/QD%20492%20PL2.pdf,2026-04-14,False,False,PL2-0094_1_003477.md
PL2-0095,95,1.003400,Cấp Giấy chứng nhận xuất xứ hàng hóa (C/O) không ưu đãi Mẫu Thổ Nhĩ Kỳ,Xuất nhập khẩu,Sở Công Thương,Một phần,Cấp tỉnh,2,5,https://datafiles.hanoi.gov.vn/gov-hni/8123/VanBan/2026/4/22/QD%20492%20PL2.pdf,2026-04-14,False,False,PL2-0095_1_003400.md
PL2-0096,96,1.002960,Cấp Giấy chứng nhận xuất xứ hàng hóa (C/O) không ưu đãi Mẫu Venezuela,Xuất nhập khẩu,Sở Công Thương,Một phần,Cấp tỉnh,2,5,https://datafiles.hanoi.gov.vn/gov-hni/8123/VanBan/2026/4/22/QD%20492%20PL2.pdf,2026-04-14,False,False,PL2-0096_1_002960.md
PL2-0097,97,1.001274,Cấp Giấy chứng nhận hàng hóa không thay đổi xuất xứ (CNM),Xuất nhập khẩu,Sở Công Thương,Một phần,Cấp tỉnh,2,5,https://datafiles.hanoi.gov.vn/gov-hni/8123/VanBan/2026/4/22/QD%20492%20PL2.pdf,2026-04-14,False,False,PL2-0097_1_001274.md
PL2-0098,98,1.013642,Cấp Giấy chứng nhận xuất xứ hàng hóa (C/O) Mẫu GSTP,Xuất nhập khẩu,Sở Công Thương,Một phần,Cấp tỉnh,2,5,https://datafiles.hanoi.gov.vn/gov-hni/8123/VanBan/2026/4/22/QD%20492%20PL2.pdf,2026-04-14,False,False,PL2-0098_1_013642.md
PL2-0099,99,1.013643,Cấp Giấy chứng nhận xuất xứ hàng hóa (C/O) Mẫu BR9,Xuất nhập khẩu,Sở Công Thương,Một phần,Cấp tỉnh,2,5,https://datafiles.hanoi.gov.vn/gov-hni/8123/VanBan/2026/4/22/QD%20492%20PL2.pdf,2026-04-14,False,False,PL2-0099_1_013643.md
PL2-0100,100,2.000142,Cấp Giấy chứng nhận đủ điều kiện thương nhân kinh doanh mua bán LPG,Kinh doanh Khí,Sở Công Thương,Một phần,Cấp tỉnh,2,5,https://datafiles.hanoi.gov.vn/gov-hni/8123/VanBan/2026/4/22/QD%20492%20PL2.pdf,2026-04-14,False,False,PL2-0100_2_000142.md
PL2-0101,101,2.000136,Cấp lại Giấy chứng nhận đủ điều kiện thương nhân kinh doanh mua bán LPG,Kinh doanh Khí,Sở Công Thương,Một phần,Cấp tỉnh,2,5,https://datafiles.hanoi.gov.vn/gov-hni/8123/VanBan/2026/4/22/QD%20492%20PL2.pdf,2026-04-14,False,False,PL2-0101_2_000136.md
PL2-0102,102,2.000078,Cấp điều chỉnh Giấy chứng nhận đủ điều kiện thương nhân kinh doanh mua bán LPG,Kinh doanh Khí,Sở Công Thương,Một phần,Cấp tỉnh,2,5,https://datafiles.hanoi.gov.vn/gov-hni/8123/VanBan/2026/4/22/QD%20492%20PL2.pdf,2026-04-14,False,False,PL2-0102_2_000078.md
PL2-0103,103,2.000073,Cấp Giấy chứng nhận đủ điều kiện trạm nạp LPG vào chai,Kinh doanh Khí,Sở Công Thương,Một phần,Cấp tỉnh,2,5,https://datafiles.hanoi.gov.vn/gov-hni/8123/VanBan/2026/4/22/QD%20492%20PL2.pdf,2026-04-14,False,False,PL2-0103_2_000073.md
PL2-0104,104,2.000207,Cấp lại Giấy chứng nhận đủ điều kiện trạm nạp LPG vào chai,Kinh doanh Khí,Sở Công Thương,Một phần,Cấp tỉnh,2,5,https://datafiles.hanoi.gov.vn/gov-hni/8123/VanBan/2026/4/22/QD%20492%20PL2.pdf,2026-04-14,False,False,PL2-0104_2_000207.md
PL2-0105,105,2.000201,Cấp điều chỉnh Giấy chứng nhận đủ điều kiện trạm nạp LPG vào chai,Kinh doanh Khí,Sở Công Thương,Một phần,Cấp tỉnh,2,5,https://datafiles.hanoi.gov.vn/gov-hni/8123/VanBan/2026/4/22/QD%20492%20PL2.pdf,2026-04-14,False,False,PL2-0105_2_000201.md
PL2-0106,106,2.000194,Cấp Giấy chứng nhận đủ điều kiện trạm nạp LPG vào xe bồn,Kinh doanh Khí,Sở Công Thương,Một phần,Cấp tỉnh,2,5,https://datafiles.hanoi.gov.vn/gov-hni/8123/VanBan/2026/4/22/QD%20492%20PL2.pdf,2026-04-14,False,False,PL2-0106_2_000194.md
PL2-0107,107,2.000187,Cấp lại Giấy chứng nhận đủ điều kiện trạm nạp LPG vào xe bồn,Kinh doanh Khí,Sở Công Thương,Một phần,Cấp tỉnh,2,5,https://datafiles.hanoi.gov.vn/gov-hni/8123/VanBan/2026/4/22/QD%20492%20PL2.pdf,2026-04-14,False,False,PL2-0107_2_000187.md
PL2-0108,108,2.000175,Cấp điều chỉnh Giấy chứng nhận đủ điều kiện trạm nạp LPG vào xe bồn,Kinh doanh Khí,Sở Công Thương,Một phần,Cấp tỉnh,2,5,https://datafiles.hanoi.gov.vn/gov-hni/8123/VanBan/2026/4/22/QD%20492%20PL2.pdf,2026-04-14,False,False,PL2-0108_2_000175.md
PL2-0109,109,2.000196,Cấp Giấy chứng nhận đủ điều kiện trạm nạp LPG vào phương tiện vận tải,Kinh doanh Khí,Sở Công Thương,Một phần,Cấp tỉnh,2,5,https://datafiles.hanoi.gov.vn/gov-hni/8123/VanBan/2026/4/22/QD%20492%20PL2.pdf,2026-04-14,False,False,PL2-0109_2_000196.md
PL2-0110,110,1.000425,Cấp lại Giấy chứng nhận đủ điều kiện trạm nạp LPG vào phương tiện vận tải,Kinh doanh Khí,Sở Công Thương,Một phần,Cấp tỉnh,2,5,https://datafiles.hanoi.gov.vn/gov-hni/8123/VanBan/2026/4/22/QD%20492%20PL2.pdf,2026-04-14,False,False,PL2-0110_1_000425.md
PL2-0111,111,2.000180,Cấp điều chỉnh Giấy chứng nhận đủ điều kiện trạm nạp LPG vào phương tiện vận tải,Kinh doanh Khí,Sở Công Thương,Một phần,Cấp tỉnh,2,5,https://datafiles.hanoi.gov.vn/gov-hni/8123/VanBan/2026/4/22/QD%20492%20PL2.pdf,2026-04-14,False,False,PL2-0111_2_000180.md
PL2-0112,112,2.001646,Cấp giấy phép sản xuất rượu công nghiệp quy mô dưới 3 triệu lít/năm,Lưu thông hàng hóa trong nước,Sở Công Thương,Một phần,Cấp tỉnh,2,5,https://datafiles.hanoi.gov.vn/gov-hni/8123/VanBan/2026/4/22/QD%20492%20PL2.pdf,2026-04-14,False,False,PL2-0112_2_001646.md
PL2-0113,113,2.001630,Cấp lại giấy phép sản xuất rượu công nghiệp quy mô dưới 3 triệu lít/năm,Lưu thông hàng hóa trong nước,Sở Công Thương,Một phần,Cấp tỉnh,2,5,https://datafiles.hanoi.gov.vn/gov-hni/8123/VanBan/2026/4/22/QD%20492%20PL2.pdf,2026-04-14,False,False,PL2-0113_2_001630.md
PL2-0114,114,2.001636,Cấp sửa đổi. bổ sung giấy phép sản xuất rượu công nghiệp quy mô dưới 3 triệu lít/năm,Lưu thông hàng hóa trong nước,Sở Công Thương,Một phần,Cấp tỉnh,2,5,https://datafiles.hanoi.gov.vn/gov-hni/8123/VanBan/2026/4/22/QD%20492%20PL2.pdf,2026-04-14,False,False,PL2-0114_2_001636.md
PL2-0115,115,2.002604,Cấp Giấy phép thành lập Văn phòng đại diện của tổ chức xúc tiến thương mại nước ngoài tại Việt Nam,Thương mại Quốc tế,Sở Công Thương,Một phần,Cấp tỉnh,2,5,https://datafiles.hanoi.gov.vn/gov-hni/8123/VanBan/2026/4/22/QD%20492%20PL2.pdf,2026-04-14,False,False,PL2-0115_2_002604.md
PL2-0116,116,2.002605,Sửa đổi Giấy phép thành lập Văn phòng đại diện của tổ chức xúc tiến thương mại nước ngoài tại Việt Nam.,Thương mại Quốc tế,Sở Công Thương,Một phần,Cấp tỉnh,2,5,https://datafiles.hanoi.gov.vn/gov-hni/8123/VanBan/2026/4/22/QD%20492%20PL2.pdf,2026-04-14,False,False,PL2-0116_2_002605.md
PL2-0117,117,2.002606,Cấp lại Giấy phép thành lập Văn phòng đại diện của tổ chức xúc tiến thương mại nước ngoài tại Việt Nam.,Thương mại Quốc tế,Sở Công Thương,Một phần,Cấp tỉnh,2,5,https://datafiles.hanoi.gov.vn/gov-hni/8123/VanBan/2026/4/22/QD%20492%20PL2.pdf,2026-04-14,False,False,PL2-0117_2_002606.md
PL2-0118,118,2.002607,Gia hạn Giấy phép thành lập Văn phòng đại diện của tổ chức xúc tiến thương mại nước ngoài tại Việt Nam.,Thương mại Quốc tế,Sở Công Thương,Một phần,Cấp tỉnh,2,5,https://datafiles.hanoi.gov.vn/gov-hni/8123/VanBan/2026/4/22/QD%20492%20PL2.pdf,2026-04-14,False,False,PL2-0118_2_002607.md
PL2-0119,119,2.002608,Chấm dứt hoạt động và thu hồi Giấy phép thành lập Văn phòng đại diện của tổ chức xúc tiến thương mại nước ngoài tại Việt Nam.,Thương mại Quốc tế,Sở Công Thương,Một phần,Cấp tỉnh,2,6,https://datafiles.hanoi.gov.vn/gov-hni/8123/VanBan/2026/4/22/QD%20492%20PL2.pdf,2026-04-14,False,False,PL2-0119_2_002608.md
PL2-0120,120,2.000255,Cấp Giấy phép kinh doanh cho tổ chức kinh tế có vốn đầu tư nước ngoài để thực hiện quyền phân phối bán lẻ hàng hóa,Thương mại Quốc tế,Sở Công Thương,Một phần,Cấp tỉnh,2,6,https://datafiles.hanoi.gov.vn/gov-hni/8123/VanBan/2026/4/22/QD%20492%20PL2.pdf,2026-04-14,False,False,PL2-0120_2_000255.md
PL2-0121,121,2.000340,Cấp lại Giấy phép kinh doanh cho tổ chức kinh tế có vốn đầu tư nước ngoài,Thương mại Quốc tế,Sở Công Thương,Một phần,Cấp tỉnh,2,6,https://datafiles.hanoi.gov.vn/gov-hni/8123/VanBan/2026/4/22/QD%20492%20PL2.pdf,2026-04-14,False,False,PL2-0121_2_000340.md
PL2-0122,122,2.000339,Điều chỉnh tên. mã số doanh nghiệp. địa chỉ trụ sở chính. tên. địa chỉ của cơ sở bán lẻ. loại hình của cơ sở bán lẻ. điều chỉnh giảm diện tích của cơ sở bán lẻ trên Giấy phép lập cơ sở bán lẻ,Thương mại Quốc tế,Sở Công Thương,Một phần,Cấp tỉnh,2,6,https://datafiles.hanoi.gov.vn/gov-hni/8123/VanBan/2026/4/22/QD%20492%20PL2.pdf,2026-04-14,False,False,PL2-0122_2_000339.md
PL2-0123,123,2.000334,Điều chỉnh tăng diện tích cơ sở bán lẻ thứ nhất trong trung tâm thương mại; tăng diện dích cơ sở bán lẻ ngoài cơ sở bán lẻ thứ nhất được lập trong trung tâm thương mại và không thuộc loại hình cửa hàng tiện lợi. siêu thị mini. đến mức dưới 500m2,Thương mại Quốc tế,Sở Công Thương,Một phần,Cấp tỉnh,2,6,https://datafiles.hanoi.gov.vn/gov-hni/8123/VanBan/2026/4/22/QD%20492%20PL2.pdf,2026-04-14,False,False,PL2-0123_2_000334.md
PL2-0124,124,2.000665,Cấp lại Giấy phép lập cơ sở bán lẻ,Thương mại Quốc tế,Sở Công Thương,Một phần,Cấp tỉnh,2,6,https://datafiles.hanoi.gov.vn/gov-hni/8123/VanBan/2026/4/22/QD%20492%20PL2.pdf,2026-04-14,False,False,PL2-0124_2_000665.md
PL2-0125,125,1.001441,Gia hạn Giấy phép lập cơ sở bán lẻ,Thương mại Quốc tế,Sở Công Thương,Một phần,Cấp tỉnh,2,6,https://datafiles.hanoi.gov.vn/gov-hni/8123/VanBan/2026/4/22/QD%20492%20PL2.pdf,2026-04-14,False,False,PL2-0125_1_001441.md
PL2-0126,126,2.000370,Cấp Giấy phép kinh doanh cho tổ chức kinh tế có vốn đầu tư nước ngoài để thực hiện quyền nhập khẩu. quyền phân phối bán buôn các hàng hóa là dầu. mỡ bôi trơn,Thương mại Quốc tế,Sở Công Thương,Một phần,Cấp tỉnh,2,6,https://datafiles.hanoi.gov.vn/gov-hni/8123/VanBan/2026/4/22/QD%20492%20PL2.pdf,2026-04-14,False,False,PL2-0126_2_000370.md
PL2-0127,127,2.000362,Cấp Giấy phép kinh doanh cho tổ chức kinh tế có vốn đầu tư nước ngoài để thực hiện quyền phân phối bán lẻ các hàng hóa là gạo; đường; vật phẩm ghi hình; sách. báo và tạp chí,Thương mại Quốc tế,Sở Công Thương,Một phần,Cấp tỉnh,2,6,https://datafiles.hanoi.gov.vn/gov-hni/8123/VanBan/2026/4/22/QD%20492%20PL2.pdf,2026-04-14,False,False,PL2-0127_2_000362.md
PL2-0128,128,2.000351,Cấp Giấy phép kinh doanh cho tổ chức kinh tế có vốn đầu tư nước ngoài để thực hiện các dịch vụ khác quy định tại khoản d. đ. e. g. h. i Điều 5 Nghị định 09/2018/NĐ-CP,Thương mại Quốc tế,Sở Công Thương,Một phần,Cấp tỉnh,2,6,https://datafiles.hanoi.gov.vn/gov-hni/8123/VanBan/2026/4/22/QD%20492%20PL2.pdf,2026-04-14,False,False,PL2-0128_2_000351.md
PL2-0129,129,2.000330,Điều chỉnh Giấy phép kinh doanh cho tổ chức kinh tế có vốn đầu tư nước ngoài,Thương mại Quốc tế,Sở Công Thương,Một phần,Cấp tỉnh,2,6,https://datafiles.hanoi.gov.vn/gov-hni/8123/VanBan/2026/4/22/QD%20492%20PL2.pdf,2026-04-14,False,False,PL2-0129_2_000330.md
PL2-0130,130,2.000272,Cấp giấy phép kinh doanh đồng thời với giấy phép lập cơ sở bán lẻ được quy định tại Điều 20 Nghị định số 09/2018/NĐ-CP,Thương mại Quốc tế,Sở Công Thương,Một phần,Cấp tỉnh,2,6,https://datafiles.hanoi.gov.vn/gov-hni/8123/VanBan/2026/4/22/QD%20492%20PL2.pdf,2026-04-14,False,False,PL2-0130_2_000272.md
PL2-0131,131,2.000361,Cấp giấy phép lập cơ sở bán lẻ thứ nhất. cơ sở bán lẻ ngoài cơ sở bán lẻ thứ nhất thuộc trường hợp không phải thực hiện thủ tục kiểm tra nhu cầu kinh tế (ENT),Thương mại Quốc tế,Sở Công Thương,Một phần,Cấp tỉnh,2,6,https://datafiles.hanoi.gov.vn/gov-hni/8123/VanBan/2026/4/22/QD%20492%20PL2.pdf,2026-04-14,False,False,PL2-0131_2_000361.md
PL2-0132,132,1.000774,Cấp giấy phép lập cơ sở bán lẻ ngoài cơ sở bán lẻ thứ nhất thuộc trường hợp phải thực hiện thủ tục kiểm tra nhu cầu kinh tế (ENT),Thương mại Quốc tế,Sở Công Thương,Một phần,Cấp tỉnh,2,6,https://datafiles.hanoi.gov.vn/gov-hni/8123/VanBan/2026/4/22/QD%20492%20PL2.pdf,2026-04-14,False,False,PL2-0132_1_000774.md
PL2-0133,133,2.000322,Điều chỉnh tăng diện tích cơ sở bán lẻ thứ nhất không nằm trong trung tâm thương mại,Thương mại Quốc tế,Sở Công Thương,Một phần,Cấp tỉnh,2,6,https://datafiles.hanoi.gov.vn/gov-hni/8123/VanBan/2026/4/22/QD%20492%20PL2.pdf,2026-04-14,False,False,PL2-0133_2_000322.md
PL2-0134,134,2.002166,Điều chỉnh tăng diện tích cơ sở bán lẻ khác và trường hợp cơ sở ngoài cơ sở bán lẻ thứ nhất thay đổi loại hình thành cửa hàng tiện lợi. siêu thị mini,Thương mại Quốc tế,Sở Công Thương,Một phần,Cấp tỉnh,2,6,https://datafiles.hanoi.gov.vn/gov-hni/8123/VanBan/2026/4/22/QD%20492%20PL2.pdf,2026-04-14,False,False,PL2-0134_2_002166.md
PL2-0135,135,2.000662,Cấp Giấy phép lập cơ sở bán lẻ cho phép cơ sở bán lẻ được tiếp tục hoạt động,Thương mại Quốc tế,Sở Công Thương,Một phần,Cấp tỉnh,2,6,https://datafiles.hanoi.gov.vn/gov-hni/8123/VanBan/2026/4/22/QD%20492%20PL2.pdf,2026-04-14,False,False,PL2-0135_2_000662.md
PL2-0136,136,2.000063,Cấp Giấy phép thành lập Văn phòng đại diện của thương nhân nước ngoài tại Việt Nam,Xúc tiến thương mại,Sở Công Thương,Một phần,Cấp tỉnh,2,6,https://datafiles.hanoi.gov.vn/gov-hni/8123/VanBan/2026/4/22/QD%20492%20PL2.pdf,2026-04-14,False,False,PL2-0136_2_000063.md
PL2-0137,137,2.000347,Điều chỉnh Giấy phép thành lập Văn phòng đại diện của thương nhân nước ngoài tại Việt Nam,Xúc tiến thương mại,Sở Công Thương,Một phần,Cấp tỉnh,2,6,https://datafiles.hanoi.gov.vn/gov-hni/8123/VanBan/2026/4/22/QD%20492%20PL2.pdf,2026-04-14,False,False,PL2-0137_2_000347.md
PL2-0138,138,2.000327,Gia hạn Giấy phép thành lập Văn phòng đại diện của thương nhân nước ngoài tại Việt Nam,Xúc tiến thương mại,Sở Công Thương,Một phần,Cấp tỉnh,2,6,https://datafiles.hanoi.gov.vn/gov-hni/8123/VanBan/2026/4/22/QD%20492%20PL2.pdf,2026-04-14,False,False,PL2-0138_2_000327.md
PL2-0139,139,2.000450,Cấp lại Giấy phép thành lập Văn phòng đại diện của thương nhân nước ngoài tại Việt Nam,Xúc tiến thương mại,Sở Công Thương,Một phần,Cấp tỉnh,2,6,https://datafiles.hanoi.gov.vn/gov-hni/8123/VanBan/2026/4/22/QD%20492%20PL2.pdf,2026-04-14,False,False,PL2-0139_2_000450.md
PL2-0140,140,2.000314,Chấm dứt hoạt động của văn phòng đại diện của thương nhân nước ngoài tại Việt Nam thuộc thẩm quyền của cơ quan cấp Giấy phép,Xúc tiến thương mại,Sở Công Thương,Một phần,Cấp tỉnh,2,6,https://datafiles.hanoi.gov.vn/gov-hni/8123/VanBan/2026/4/22/QD%20492%20PL2.pdf,2026-04-14,False,False,PL2-0140_2_000314.md
PL2-0141,141,1.013005,Điều chỉnh. bổ sung Giấy chứng nhận đăng ký phát triển nguồn điện mặt trời mái nhà tự sản xuất. tự tiêu thụ có đấu nối với hệ thống điện quốc gia,Điện lực,Sở Công Thương,Một phần,Cấp tỉnh,2,6,https://datafiles.hanoi.gov.vn/gov-hni/8123/VanBan/2026/4/22/QD%20492%20PL2.pdf,2026-04-14,False,False,PL2-0141_1_013005.md
PL2-0142,142,1.013004,Cấp Giấy chứng nhận đăng ký phát triển nguồn điện mặt trời mái nhà tự sản xuất. tự tiêu thụ có đấu nối với hệ thống điện quốc gia,Điện lực,Sở Công Thương,Một phần,Cấp tỉnh,2,6,https://datafiles.hanoi.gov.vn/gov-hni/8123/VanBan/2026/4/22/QD%20492%20PL2.pdf,2026-04-14,False,False,PL2-0142_1_013004.md
PL2-0143,143,2.002676,Thông báo phát triển nguồn điện mặt trời mái nhà tự sản xuất. tự tiêu thụ có đấu nối với hệ thống điện quốc gia,Điện lực,Sở Công Thương,Một phần,Cấp tỉnh,2,7,https://datafiles.hanoi.gov.vn/gov-hni/8123/VanBan/2026/4/22/QD%20492%20PL2.pdf,2026-04-14,False,False,PL2-0143_2_002676.md
PL2-0144,144,2.000221,Cấp giấy chứng nhận huấn luyện kỹ thuật an toàn tiền chất thuốc nổ,vật liệu nổ và tiền chất thuốc nổ,Sở Công Thương,Một phần,Cấp tỉnh,2,7,https://datafiles.hanoi.gov.vn/gov-hni/8123/VanBan/2026/4/22/QD%20492%20PL2.pdf,2026-04-14,False,False,PL2-0144_2_000221.md
PL2-0145,145,2.000172,Cấp lại giấy chứng nhận huấn luyện kỹ thuật an toàn tiền chất thuốc nổ,vật liệu nổ và tiền chất thuốc nổ,Sở Công Thương,Một phần,Cấp tỉnh,2,7,https://datafiles.hanoi.gov.vn/gov-hni/8123/VanBan/2026/4/22/QD%20492%20PL2.pdf,2026-04-14,False,False,PL2-0145_2_000172.md
PL2-0146,146,2.000166,Cấp Giấy chứng nhận đủ điều kiện thương nhân kinh doanh mua bán LNG,Kinh doanh khí,Sở Công Thương,Một phần,Cấp tỉnh,2,7,https://datafiles.hanoi.gov.vn/gov-hni/8123/VanBan/2026/4/22/QD%20492%20PL2.pdf,2026-04-14,False,False,PL2-0146_2_000166.md
PL2-0147,147,2.000156,Cấp lại Giấy chứng nhận đủ điều kiện thương nhân kinh doanh mua bán LNG,Kinh doanh khí,Sở Công Thương,Một phần,Cấp tỉnh,2,7,https://datafiles.hanoi.gov.vn/gov-hni/8123/VanBan/2026/4/22/QD%20492%20PL2.pdf,2026-04-14,False,False,PL2-0147_2_000156.md
PL2-0148,148,2000390,Cấp điều chỉnh Giấy chứng nhận đủ điều kiện thương nhân kinh doanh mua bán LNG,Kinh doanh khí,Sở Công Thương,Một phần,Cấp tỉnh,2,7,https://datafiles.hanoi.gov.vn/gov-hni/8123/VanBan/2026/4/22/QD%20492%20PL2.pdf,2026-04-14,False,True,PL2-0148_2000390.md
PL2-0149,149,2.000387,Cấp Giấy chứng nhận đủ điều kiện trạm nạp LNG vào phương tiện vận tải,Kinh doanh khí,Sở Công Thương,Một phần,Cấp tỉnh,2,7,https://datafiles.hanoi.gov.vn/gov-hni/8123/VanBan/2026/4/22/QD%20492%20PL2.pdf,2026-04-14,False,False,PL2-0149_2_000387.md
PL2-0150,150,2.000371,Cấp lại Giấy chứng nhận đủ điều kiện trạm nạp LNG vào phương tiện vận tải,Kinh doanh khí,Sở Công Thương,Một phần,Cấp tỉnh,2,7,https://datafiles.hanoi.gov.vn/gov-hni/8123/VanBan/2026/4/22/QD%20492%20PL2.pdf,2026-04-14,False,False,PL2-0150_2_000371.md
PL2-0151,151,2.000376,Cấp điều chỉnh Giấy chứng nhận đủ điều kiện trạm nạp LNG vào phương tiện vận tải,Kinh doanh khí,Sở Công Thương,Một phần,Cấp tỉnh,2,7,https://datafiles.hanoi.gov.vn/gov-hni/8123/VanBan/2026/4/22/QD%20492%20PL2.pdf,2026-04-14,False,False,PL2-0151_2_000376.md
PL2-0152,152,2.000354,Cấp Giấy chứng nhận đủ điều kiện thương nhân kinh doanh mua bán CNG,Kinh doanh khí,Sở Công Thương,Một phần,Cấp tỉnh,2,7,https://datafiles.hanoi.gov.vn/gov-hni/8123/VanBan/2026/4/22/QD%20492%20PL2.pdf,2026-04-14,False,False,PL2-0152_2_000354.md
PL2-0153,153,2.000279,Cấp lại Giấy chứng nhận đủ điều kiện thương nhân kinh doanh mua bán CNG,Kinh doanh khí,Sở Công Thương,Một phần,Cấp tỉnh,2,7,https://datafiles.hanoi.gov.vn/gov-hni/8123/VanBan/2026/4/22/QD%20492%20PL2.pdf,2026-04-14,False,False,PL2-0153_2_000279.md
PL2-0154,154,1.000481,Cấp điều chỉnh Giấy chứng nhận đủ điều kiện thương nhân kinh doanh mua bán CNG,Kinh doanh khí,Sở Công Thương,Một phần,Cấp tỉnh,2,7,https://datafiles.hanoi.gov.vn/gov-hni/8123/VanBan/2026/4/22/QD%20492%20PL2.pdf,2026-04-14,False,False,PL2-0154_1_000481.md
PL2-0155,155,2.000163,Cấp Giấy chứng nhận đủ điều kiện trạm nạp CNG vào phương tiện vận tải,Kinh doanh khí,Sở Công Thương,Một phần,Cấp tỉnh,2,7,https://datafiles.hanoi.gov.vn/gov-hni/8123/VanBan/2026/4/22/QD%20492%20PL2.pdf,2026-04-14,False,False,PL2-0155_2_000163.md
PL2-0156,156,1.000444,Cấp lại Giấy chứng nhận đủ điều kiện trạm nạp CNG vào phương tiện vận tải,Kinh doanh khí,Sở Công Thương,Một phần,Cấp tỉnh,2,7,https://datafiles.hanoi.gov.vn/gov-hni/8123/VanBan/2026/4/22/QD%20492%20PL2.pdf,2026-04-14,False,False,PL2-0156_1_000444.md
PL2-0157,157,2.000211,Cấp điều chỉnh Giấy chứng nhận đủ điều kiện trạm nạp CNG vào phương tiện vận tải,Kinh doanh khí,Sở Công Thương,Một phần,Cấp tỉnh,2,7,https://datafiles.hanoi.gov.vn/gov-hni/8123/VanBan/2026/4/22/QD%20492%20PL2.pdf,2026-04-14,False,False,PL2-0157_2_000211.md
PL2-0158,158,2.000626,Cấp Giấy phép mua bán nguyên liệu thuốc lá,Lưu thông hàng hóa trong nước,Sở Công Thương,Một phần,Cấp tỉnh,2,7,https://datafiles.hanoi.gov.vn/gov-hni/8123/VanBan/2026/4/22/QD%20492%20PL2.pdf,2026-04-14,False,False,PL2-0158_2_000626.md
PL2-0159,159,2.000204,Cấp sửa đổi. bổ sung Giấy phép mua bán nguyên liệu thuốc lá,Lưu thông hàng hóa trong nước,Sở Công Thương,Một phần,Cấp tỉnh,2,7,https://datafiles.hanoi.gov.vn/gov-hni/8123/VanBan/2026/4/22/QD%20492%20PL2.pdf,2026-04-14,False,False,PL2-0159_2_000204.md
PL2-0160,160,2.000622,Cấp lại Giấy phép mua bán nguyên liệu thuốc lá,Lưu thông hàng hóa trong nước,Sở Công Thương,Một phần,Cấp tỉnh,2,7,https://datafiles.hanoi.gov.vn/gov-hni/8123/VanBan/2026/4/22/QD%20492%20PL2.pdf,2026-04-14,False,False,PL2-0160_2_000622.md
PL2-0161,161,2.000637,Cấp Giấy chứng nhận đủ điều kiện đầu tư trồng cây thuốc lá,Lưu thông hàng hóa trong nước,Sở Công Thương,Một phần,Cấp tỉnh,2,7,https://datafiles.hanoi.gov.vn/gov-hni/8123/VanBan/2026/4/22/QD%20492%20PL2.pdf,2026-04-14,False,False,PL2-0161_2_000637.md
PL2-0162,162,2.000197,Cấp sửa đổi. bổ sung Giấy chứng nhận đủ điều kiện đầu tư trồng cây thuốc lá,Lưu thông hàng hóa trong nước,Sở Công Thương,Một phần,Cấp tỉnh,2,7,https://datafiles.hanoi.gov.vn/gov-hni/8123/VanBan/2026/4/22/QD%20492%20PL2.pdf,2026-04-14,False,False,PL2-0162_2_000197.md
PL2-0163,163,2.000640,Cấp lại Giấy chứng nhận đủ điều kiện đầu tư trồng cây thuốc lá,Lưu thông hàng hóa trong nước,Sở Công Thương,Một phần,Cấp tỉnh,2,7,https://datafiles.hanoi.gov.vn/gov-hni/8123/VanBan/2026/4/22/QD%20492%20PL2.pdf,2026-04-14,False,False,PL2-0163_2_000640.md
PL2-0164,164,2.000206,Thẩm định. phê duyệt phương án ứng phó thiên tai cho công trình vùng hạ du đập thủy điện thuộc thẩm quyền phê duyệt của Ủy ban nhân dân cấp xã,An toàn đập. hồ chứa thủy điện,Sở Công Thương,Một phần,Cấp xã,2,7,https://datafiles.hanoi.gov.vn/gov-hni/8123/VanBan/2026/4/22/QD%20492%20PL2.pdf,2026-04-14,False,False,PL2-0164_2_000206.md
PL2-0165,165,1.012568,Giao tài sản kết cấu hạ tầng chợ do cấp xã quản lý,Tài sản kết cấu hạ tầng chợ do nhà nước đầu tư quản lý,Sở Công Thương,Một phần,Cấp xã,2,8,https://datafiles.hanoi.gov.vn/gov-hni/8123/VanBan/2026/4/22/QD%20492%20PL2.pdf,2026-04-14,False,False,PL2-0165_1_012568.md
PL2-0166,166,2.001283,Cấp Giấy chứng nhận đủ điều kiện cửa hàng bán lẻ LPG chai,Kinh doanh Khí,Sở Công Thương,Một phần,Cấp xã,2,8,https://datafiles.hanoi.gov.vn/gov-hni/8123/VanBan/2026/4/22/QD%20492%20PL2.pdf,2026-04-14,False,False,PL2-0166_2_001283.md
PL2-0167,167,2.001261,Cấp lại Giấy chứng nhận đủ điều kiện cửa hàng bán lẻ LPG chai,Kinh doanh Khí,Sở Công Thương,Một phần,Cấp xã,2,8,https://datafiles.hanoi.gov.vn/gov-hni/8123/VanBan/2026/4/22/QD%20492%20PL2.pdf,2026-04-14,False,False,PL2-0167_2_001261.md
PL2-0168,168,2.001270,Cấp điều chỉnh Giấy chứng nhận đủ điều kiện cửa hàng bán lẻ LPG chai,Kinh doanh Khí,Sở Công Thương,Một phần,Cấp xã,2,8,https://datafiles.hanoi.gov.vn/gov-hni/8123/VanBan/2026/4/22/QD%20492%20PL2.pdf,2026-04-14,False,False,PL2-0168_2_001270.md
PL2-0169,169,1.012569,Thu hồi tài sản kết cấu hạ tầng chợ,Phát triển và quản lý chợ,Sở Công Thương,Một phần,Cấp tỉnh và cấp xã,2,8,https://datafiles.hanoi.gov.vn/gov-hni/8123/VanBan/2026/4/22/QD%20492%20PL2.pdf,2026-04-14,False,False,PL2-0169_1_012569.md
PL2-0170,170,2.001384,Phê duyệt phương án cắm mốc chỉ giới xác định phạm vi bảo vệ đập thủy điện,An toàn đập. hồ chứa thủy điện,Sở Công Thương,Một phần,Cấp tỉnh và cấp xã,2,8,https://datafiles.hanoi.gov.vn/gov-hni/8123/VanBan/2026/4/22/QD%20492%20PL2.pdf,2026-04-14,False,False,PL2-0170_2_001384.md
PL2-0171,171,1.014692,Thủ tục chấp thuận điều kiện nhập khẩu. tạm nhập tái xuất. tạm xuất tái nhập tàu bay không người lái và phương tiện bay khác; động cơ tàu bay. cánh quạt tàu bay và trang bị. thiết bị của tàu bay không người lái và phương tiện bay khác,Quản lý vùng trời,Sở Công Thương,Một phần,Cấp tỉnh,2,8,https://datafiles.hanoi.gov.vn/gov-hni/8123/VanBan/2026/4/22/QD%20492%20PL2.pdf,2026-04-14,False,False,PL2-0171_1_014692.md
PL2-0172,172,1.014818,Cấp điều chỉnh Giấy xác nhận ưu đãi thuộc thẩm quyền giải quyết của Ủy ban nhân dân cấp tỉnh,Công nghiệp hỗ trợ,Sở Công Thương,Một phần,Cấp tỉnh,2,8,https://datafiles.hanoi.gov.vn/gov-hni/8123/VanBan/2026/4/22/QD%20492%20PL2.pdf,2026-04-14,False,False,PL2-0172_1_014818.md
PL2-0173,173,1.014820,Cấp lại Giấy xác nhận ưu đãi thuộc thẩm quyền giải quyết của Ủy ban nhân dân cấp tỉnh,Công nghiệp hỗ trợ,Sở Công Thương,Một phần,Cấp tỉnh,2,8,https://datafiles.hanoi.gov.vn/gov-hni/8123/VanBan/2026/4/22/QD%20492%20PL2.pdf,2026-04-14,False,False,PL2-0173_1_014820.md
PL2-0174,174,1.014126,Cấp lại giấy chứng nhận huấn luyện kỹ thuật an toàn trong khai thác khoáng sản,Khoáng sản,Sở Công Thương,Một phần,Cấp tỉnh,2,8,https://datafiles.hanoi.gov.vn/gov-hni/8123/VanBan/2026/4/22/QD%20492%20PL2.pdf,2026-04-14,False,False,PL2-0174_1_014126.md
PL2-0175,175,1.004594,Thủ tục công nhận hạng cơ sở lưu trú du lịch: hạng 1 sao. 2 sao. 3 sao đối với khách sạn. biệt thự du lịch. căn hộ du lịch. tàu thủy lưu trú du lịch,Lưu trú,Sở Du lịch,Một phần,Cấp tỉnh,2,8,https://datafiles.hanoi.gov.vn/gov-hni/8123/VanBan/2026/4/22/QD%20492%20PL2.pdf,2026-04-14,False,False,PL2-0175_1_004594.md
PL2-0176,176,1.001455,Thủ tục công nhận cơ sở kinh doanh dịch vụ chăm sóc sức khỏe đạt tiêu chuẩn phục vụ khách du lịch,Lưu trú,Sở Du lịch,Một phần,Cấp tỉnh,2,8,https://datafiles.hanoi.gov.vn/gov-hni/8123/VanBan/2026/4/22/QD%20492%20PL2.pdf,2026-04-14,False,False,PL2-0176_1_001455.md
PL2-0177,177,1.004503,Thủ tục công nhận cơ sở kinh doanh dịch vụ vui chơi. giải trí đạt tiêu chuẩn phục vụ khách du lịch,Lưu trú,Sở Du lịch,Một phần,Cấp tỉnh,2,8,https://datafiles.hanoi.gov.vn/gov-hni/8123/VanBan/2026/4/22/QD%20492%20PL2.pdf,2026-04-14,False,False,PL2-0177_1_004503.md
PL2-0178,178,1.004551,Thủ tục công nhận cơ sở kinh doanh dịch vụ thể thao đạt tiêu chuẩn phục vụ khách du lịch,Lưu trú,Sở Du lịch,Một phần,Cấp tỉnh,2,8,https://datafiles.hanoi.gov.vn/gov-hni/8123/VanBan/2026/4/22/QD%20492%20PL2.pdf,2026-04-14,False,False,PL2-0178_1_004551.md
PL2-0179,179,1.004572,Thủ tục công nhận cơ sở kinh doanh dịch vụ ăn uống đạt tiêu chuẩn phục vụ khách du lịch,Lưu trú,Sở Du lịch,Một phần,Cấp tỉnh,2,8,https://datafiles.hanoi.gov.vn/gov-hni/8123/VanBan/2026/4/22/QD%20492%20PL2.pdf,2026-04-14,False,False,PL2-0179_1_004572.md
PL2-0180,180,1.004580,Thủ tục công nhận cơ sở kinh doanh dịch vụ mua sắm đạt tiêu chuẩn phục vụ khách du lịch,Lưu trú,Sở Du lịch,Một phần,Cấp tỉnh,2,8,https://datafiles.hanoi.gov.vn/gov-hni/8123/VanBan/2026/4/22/QD%20492%20PL2.pdf,2026-04-14,False,False,PL2-0180_1_004580.md
PL2-0181,181,1.003490,Thủ tục công nhận khu du lịch cấp tỉnh,Khu điểm du lịch,Sở Du lịch,Một phần,Cấp tỉnh,2,8,https://datafiles.hanoi.gov.vn/gov-hni/8123/VanBan/2026/4/22/QD%20492%20PL2.pdf,2026-04-14,False,False,PL2-0181_1_003490.md
PL2-0182,182,1.004528,Thủ tục công nhận điểm du lịch,Khu điểm du lịch,Sở Du lịch,Một phần,Cấp tỉnh,2,8,https://datafiles.hanoi.gov.vn/gov-hni/8123/VanBan/2026/4/22/QD%20492%20PL2.pdf,2026-04-14,False,False,PL2-0182_1_004528.md
PL2-0183,183,1.012961,Thành lập hoặc cho phép thành lập trường mẫu giáo. trường mầm non. nhà trẻ,Giáo dục mầm non,Sở Giáo dục và Đào tạo,Một phần,Cấp xã,2,8,https://datafiles.hanoi.gov.vn/gov-hni/8123/VanBan/2026/4/22/QD%20492%20PL2.pdf,2026-04-14,False,False,PL2-0183_1_012961.md
PL2-0184,184,1.006390,Cho phép trường mẫu giáo. trường mầm non. nhà trẻ hoạt động giáo dục,Giáo dục mầm non,Sở Giáo dục và Đào tạo,Một phần,Cấp xã,2,8,https://datafiles.hanoi.gov.vn/gov-hni/8123/VanBan/2026/4/22/QD%20492%20PL2.pdf,2026-04-14,False,False,PL2-0184_1_006390.md
PL2-0185,185,1.006444,Cho phép trường mẫu giáo. trường mầm non. nhà trẻ hoạt động giáo dục trở lại,Giáo dục mầm non,Sở Giáo dục và Đào tạo,Một phần,Cấp xã,2,8,https://datafiles.hanoi.gov.vn/gov-hni/8123/VanBan/2026/4/22/QD%20492%20PL2.pdf,2026-04-14,False,False,PL2-0185_1_006444.md
PL2-0186,186,1.006445,Sáp nhập. chia. tách trường mẫu giáo. trường mầm non. nhà trẻ,Giáo dục mầm non,Sở Giáo dục và Đào tạo,Một phần,Cấp xã,2,8,https://datafiles.hanoi.gov.vn/gov-hni/8123/VanBan/2026/4/22/QD%20492%20PL2.pdf,2026-04-14,False,False,PL2-0186_1_006445.md
PL2-0187,187,1.012962,Giải thể trường mẫu giáo. trường mầm non. nhà trẻ (theo đề nghị của tổ chức. cá nhân thành lập trường),Giáo dục mầm non,Sở Giáo dục và Đào tạo,Một phần,Cấp xã,2,9,https://datafiles.hanoi.gov.vn/gov-hni/8123/VanBan/2026/4/22/QD%20492%20PL2.pdf,2026-04-14,False,False,PL2-0187_1_012962.md
PL2-0188,188,1.012963,Thành lập hoặc cho phép thành lập trường tiểu học,Giáo dục tiểu học,Sở Giáo dục và Đào tạo,Một phần,Cấp xã,2,9,https://datafiles.hanoi.gov.vn/gov-hni/8123/VanBan/2026/4/22/QD%20492%20PL2.pdf,2026-04-14,False,False,PL2-0188_1_012963.md
PL2-0189,189,2.001842,Cho phép trường tiểu học hoạt động giáo dục,Giáo dục tiểu học,Sở Giáo dục và Đào tạo,Một phần,Cấp xã,2,9,https://datafiles.hanoi.gov.vn/gov-hni/8123/VanBan/2026/4/22/QD%20492%20PL2.pdf,2026-04-14,False,False,PL2-0189_2_001842.md
PL2-0190,190,1.004552,Cho phép trường tiểu học hoạt động giáo dục trở lại,Giáo dục tiểu học,Sở Giáo dục và Đào tạo,Một phần,Cấp xã,2,9,https://datafiles.hanoi.gov.vn/gov-hni/8123/VanBan/2026/4/22/QD%20492%20PL2.pdf,2026-04-14,False,False,PL2-0190_1_004552.md
PL2-0191,191,1.004563,Sáp nhập. chia. tách trường tiểu học,Giáo dục tiểu học,Sở Giáo dục và Đào tạo,Một phần,Cấp xã,2,9,https://datafiles.hanoi.gov.vn/gov-hni/8123/VanBan/2026/4/22/QD%20492%20PL2.pdf,2026-04-14,False,False,PL2-0191_1_004563.md
PL2-0192,192,1.001639,Giải thể trường tiểu học (theo đề nghị của tổ chức. cá nhân đề nghị thành lập trường tiểu học),Giáo dục tiểu học,Sở Giáo dục và Đào tạo,Một phần,Cấp xã,2,9,https://datafiles.hanoi.gov.vn/gov-hni/8123/VanBan/2026/4/22/QD%20492%20PL2.pdf,2026-04-14,False,False,PL2-0192_1_001639.md
PL2-0193,193,1.012964,Thành lập hoặc cho phép thành lập trường trung học cơ sở. trường phổ thông có nhiều cấp học có cấp học cao nhất là trung học cơ sở,Giáo dục trung học,Sở Giáo dục và Đào tạo,Một phần,Cấp xã,2,9,https://datafiles.hanoi.gov.vn/gov-hni/8123/VanBan/2026/4/22/QD%20492%20PL2.pdf,2026-04-14,False,False,PL2-0193_1_012964.md
PL2-0194,194,1.012965,Cho phép trường trung học cơ sở. trường phổ thông có nhiều cấp học có cấp học cao nhất là trung học cơ sở hoạt động giáo dục,Giáo dục trung học,Sở Giáo dục và Đào tạo,Một phần,Cấp xã,2,9,https://datafiles.hanoi.gov.vn/gov-hni/8123/VanBan/2026/4/22/QD%20492%20PL2.pdf,2026-04-14,False,False,PL2-0194_1_012965.md
PL2-0195,195,1.012966,Cho phép trường trung học cơ sở. trường phổ thông có nhiều cấp học có cấp học cao nhất là trung học cơ sở hoạt động giáo dục trở lại,Giáo dục trung học,Sở Giáo dục và Đào tạo,Một phần,Cấp xã,2,9,https://datafiles.hanoi.gov.vn/gov-hni/8123/VanBan/2026/4/22/QD%20492%20PL2.pdf,2026-04-14,False,False,PL2-0195_1_012966.md
PL2-0196,196,1.012967,Sáp nhập. chia. tách trường trung học cơ sở. trường phổ thông có nhiều cấp học có cấp học cao nhất là trung học cơ sở,Giáo dục trung học,Sở Giáo dục và Đào tạo,Một phần,Cấp xã,2,9,https://datafiles.hanoi.gov.vn/gov-hni/8123/VanBan/2026/4/22/QD%20492%20PL2.pdf,2026-04-14,False,False,PL2-0196_1_012967.md
PL2-0197,197,1.012968,Giải thể trường trung học cơ sở. trường phổ thông có nhiều cấp học có cấp học cao nhất là trung học cơ sở (theo đề nghị của cá nhân. tổ chức thành lập trường),Giáo dục trung học,Sở Giáo dục và Đào tạo,Một phần,Cấp xã,2,9,https://datafiles.hanoi.gov.vn/gov-hni/8123/VanBan/2026/4/22/QD%20492%20PL2.pdf,2026-04-14,False,False,PL2-0197_1_012968.md
PL2-0198,198,2.002483,Tiếp nhận học sinh trung học cơ sở người nước ngoài,Giáo dục trung học,Sở Giáo dục và Đào tạo,Một phần,Cấp xã,2,9,https://datafiles.hanoi.gov.vn/gov-hni/8123/VanBan/2026/4/22/QD%20492%20PL2.pdf,2026-04-14,False,False,PL2-0198_2_002483.md
PL2-0199,199,2.001960,Cấp chính sách nội trú cho học sinh. sinh viên tham gia chương trình đào tạo trình độ cấp đẳng. trung cấp tại các cơ sở giáo dục nghề nghiệp tư thục hoặc cơ sở giáo dục có vốn đầu tư nước ngoài,Giáo dục nghề nghiệp,Sở Giáo dục và Đào tạo,Một phần,Cấp xã,2,9,https://datafiles.hanoi.gov.vn/gov-hni/8123/VanBan/2026/4/22/QD%20492%20PL2.pdf,2026-04-14,False,False,PL2-0199_2_001960.md
PL2-0200,200,2.002284,Cấp chính sách nội trú cho học sinh. sinh viên tham gia chương trình đào tạo trình độ cao đẳng. trung cấp tại các cơ sở giáo dục nghề nghiệp công lập trực thuộc xã,Giáo dục nghề nghiệp,Sở Giáo dục và Đào tạo,Một phần,Cấp xã,2,9,https://datafiles.hanoi.gov.vn/gov-hni/8123/VanBan/2026/4/22/QD%20492%20PL2.pdf,2026-04-14,False,False,PL2-0200_2_002284.md
PL2-0201,201,1.012969,Thành lập hoặc cho phép thành lập trung tâm học tập cộng đồng,Giáo dục thường xuyên,Sở Giáo dục và Đào tạo,Một phần,Cấp xã,2,9,https://datafiles.hanoi.gov.vn/gov-hni/8123/VanBan/2026/4/22/QD%20492%20PL2.pdf,2026-04-14,False,False,PL2-0201_1_012969.md
PL2-0202,202,1.012970,Cho phép trung tâm học tập cộng đồng hoạt động trở lại,Giáo dục thường xuyên,Sở Giáo dục và Đào tạo,Một phần,Cấp xã,2,9,https://datafiles.hanoi.gov.vn/gov-hni/8123/VanBan/2026/4/22/QD%20492%20PL2.pdf,2026-04-14,False,False,PL2-0202_1_012970.md
PL2-0203,203,3.000307,Sáp nhập. chia tách trung tâm học tập cộng đồng,Giáo dục thường xuyên,Sở Giáo dục và Đào tạo,Một phần,Cấp xã,2,9,https://datafiles.hanoi.gov.vn/gov-hni/8123/VanBan/2026/4/22/QD%20492%20PL2.pdf,2026-04-14,False,False,PL2-0203_3_000307.md
PL2-0204,204,3.000308,Giải thể trung tâm học tập cộng đồng (theo đề nghị của tổ chức. cá nhân thành lập trung tâm),Giáo dục thường xuyên,Sở Giáo dục và Đào tạo,Một phần,Cấp xã,2,9,https://datafiles.hanoi.gov.vn/gov-hni/8123/VanBan/2026/4/22/QD%20492%20PL2.pdf,2026-04-14,False,False,PL2-0204_3_000308.md
PL2-0205,205,1.008724,Chuyển đổi nhà trẻ. trường mẫu giáo. trường mầm non tư thục do nhà đầu tư trong nước đầu tư sang nhà trẻ. trường mẫu giáo. trường mầm non tư thục hoạt động không vì lợi nhuận,Giáo dục và đào tạo thuộc hệ thống giáo dục quốc dân,Sở Giáo dục và Đào tạo,Một phần,Cấp xã,2,9,https://datafiles.hanoi.gov.vn/gov-hni/8123/VanBan/2026/4/22/QD%20492%20PL2.pdf,2026-04-14,False,False,PL2-0205_1_008724.md
PL2-0206,206,1.008725,Chuyển đổi trường tiểu học tư thục. trường trung học cơ sở tư thục và trường phổ thông tư thục có nhiều cấp học có cấp học cao nhất là trung học cơ sở do nhà đầu tư trong nước đầu tư sang trường phổ thông tư thục hoạt động không vì lợi nhuận,Giáo dục và đào tạo thuộc hệ thống giáo dục quốc dân,Sở Giáo dục và Đào tạo,Một phần,Cấp xã,2,9,https://datafiles.hanoi.gov.vn/gov-hni/8123/VanBan/2026/4/22/QD%20492%20PL2.pdf,2026-04-14,False,False,PL2-0206_1_008725.md
PL2-0207,207,3.000309,Thành lập lớp dành cho người khuyết tật trong trường mầm non. trường tiểu học. trường trung học cơ sở và trung tâm giáo dục thường xuyên. trung tâm giáo dục nghề nghiệp – giáo dục thường xuyên thực hiện các chương trình xóa mù chữ và chương trình giáo dục thường xuyên cấp trung học cơ sở,Cơ sở giáo dục khác,Sở Giáo dục và Đào tạo,Một phần,Cấp xã,2,10,https://datafiles.hanoi.gov.vn/gov-hni/8123/VanBan/2026/4/22/QD%20492%20PL2.pdf,2026-04-14,False,False,PL2-0207_3_000309.md
PL2-0208,208,1.012975,Cho phép cơ sở giáo dục khác thực hiện chương trình giáo dục phổ thông cấp tiểu học,Cơ sở giáo dục khác,Sở Giáo dục và Đào tạo,Một phần,Cấp xã,2,10,https://datafiles.hanoi.gov.vn/gov-hni/8123/VanBan/2026/4/22/QD%20492%20PL2.pdf,2026-04-14,False,False,PL2-0208_1_012975.md
PL2-0209,209,1.012971,Thành lập hoặc cho phép thành lập cơ sở giáo dục mầm non độc lập,Cơ sở giáo dục khác,Sở Giáo dục và Đào tạo,Một phần,Cấp xã,2,10,https://datafiles.hanoi.gov.vn/gov-hni/8123/VanBan/2026/4/22/QD%20492%20PL2.pdf,2026-04-14,False,False,PL2-0209_1_012971.md
PL2-0210,210,1.012972,Cho phép cơ sở giáo dục mầm non độc lập hoạt động trở lại,Cơ sở giáo dục khác,Sở Giáo dục và Đào tạo,Một phần,Cấp xã,2,10,https://datafiles.hanoi.gov.vn/gov-hni/8123/VanBan/2026/4/22/QD%20492%20PL2.pdf,2026-04-14,False,False,PL2-0210_1_012972.md
PL2-0211,211,1.012973,Sáp nhập. chia. tách cơ sở giáo dục mầm non độc lập,Cơ sở giáo dục khác,Sở Giáo dục và Đào tạo,Một phần,Cấp xã,2,10,https://datafiles.hanoi.gov.vn/gov-hni/8123/VanBan/2026/4/22/QD%20492%20PL2.pdf,2026-04-14,False,False,PL2-0211_1_012973.md
PL2-0212,212,1.012974,Giải thể cơ sở giáo dục mầm non độc lập (theo yêu cầu của tổ chức. cá nhân thành lập trường),Cơ sở giáo dục khác,Sở Giáo dục và Đào tạo,Một phần,Cấp xã,2,10,https://datafiles.hanoi.gov.vn/gov-hni/8123/VanBan/2026/4/22/QD%20492%20PL2.pdf,2026-04-14,False,False,PL2-0212_1_012974.md
PL2-0213,213,2.002770,Xét duyệt học sinh bán trú. học viên bán trú hỗ trợ học phí. hỗ trợ gạo,Cơ sở giáo dục khác,Sở Giáo dục và Đào tạo,Một phần,Cấp xã,2,10,https://datafiles.hanoi.gov.vn/gov-hni/8123/VanBan/2026/4/22/QD%20492%20PL2.pdf,2026-04-14,False,False,PL2-0213_2_002770.md
PL2-0214,214,2.002771,Xét duyệt trẻ em nhà trẻ bán trú hỗ trợ kinh phí. hỗ trợ gạo,Cơ sở giáo dục khác,Sở Giáo dục và Đào tạo,Một phần,Cấp xã,2,10,https://datafiles.hanoi.gov.vn/gov-hni/8123/VanBan/2026/4/22/QD%20492%20PL2.pdf,2026-04-14,False,False,PL2-0214_2_002771.md
PL2-0215,215,2.002850,Cấp lại văn bằng. chứng chỉ (cấp tỉnh),Văn bằng. chứng chỉ,Sở Giáo dục và Đào tạo,Một phần,Cấp tỉnh,2,10,https://datafiles.hanoi.gov.vn/gov-hni/8123/VanBan/2026/4/22/QD%20492%20PL2.pdf,2026-04-14,False,False,PL2-0215_2_002850.md
PL2-0216,216,1.012944,Thành lập hoặc cho phép thành lập trường trung học phổ thông. trường phổ thông có nhiều cấp học có cấp học cao nhất là trung học phổ thông,Giáo dục trung học,Sở Giáo dục và Đào tạo,Một phần,Cấp tỉnh,2,10,https://datafiles.hanoi.gov.vn/gov-hni/8123/VanBan/2026/4/22/QD%20492%20PL2.pdf,2026-04-14,False,False,PL2-0216_1_012944.md
PL2-0217,217,1.012953,Cho phép trường trung học phổ thông. trường phổ thông có nhiều cấp học có cấp học cao nhất là trung học phổ thông hoạt động giáo dục,Giáo dục trung học,Sở Giáo dục và Đào tạo,Một phần,Cấp tỉnh,2,10,https://datafiles.hanoi.gov.vn/gov-hni/8123/VanBan/2026/4/22/QD%20492%20PL2.pdf,2026-04-14,False,False,PL2-0217_1_012953.md
PL2-0218,218,1.012954,Cho phép trường trung học phổ thông. trường phổ thông có nhiều cấp học có cấp học cao nhất là trung học phổ thông hoạt động giáo dục trở lại,Giáo dục trung học,Sở Giáo dục và Đào tạo,Một phần,Cấp tỉnh,2,10,https://datafiles.hanoi.gov.vn/gov-hni/8123/VanBan/2026/4/22/QD%20492%20PL2.pdf,2026-04-14,False,False,PL2-0218_1_012954.md
PL2-0219,219,1.012955,Sáp nhập. chia tách trường trung học phổ thông. trường phổ thông có nhiều cấp học có cấp học cao nhất là trung học phổ thông,Giáo dục trung học,Sở Giáo dục và Đào tạo,Một phần,Cấp tỉnh,2,10,https://datafiles.hanoi.gov.vn/gov-hni/8123/VanBan/2026/4/22/QD%20492%20PL2.pdf,2026-04-14,False,False,PL2-0219_1_012955.md
PL2-0220,220,1.012956,Giải thể trường trung học phổ thông. trường phổ thông có nhiều cấp học có cấp học cao nhất là trung học phổ thông (theo đề nghị của cá nhân. tổ chức thành lập trường),Giáo dục trung học,Sở Giáo dục và Đào tạo,Một phần,Cấp tỉnh,2,10,https://datafiles.hanoi.gov.vn/gov-hni/8123/VanBan/2026/4/22/QD%20492%20PL2.pdf,2026-04-14,False,False,PL2-0220_1_012956.md
PL2-0221,221,3.000181,Tuyển sinh trung học phổ thông,Giáo dục trung học,Sở Giáo dục và Đào tạo,Một phần,Cấp tỉnh,2,10,https://datafiles.hanoi.gov.vn/gov-hni/8123/VanBan/2026/4/22/QD%20492%20PL2.pdf,2026-04-14,False,False,PL2-0221_3_000181.md
PL2-0222,222,2.002479,Tiếp nhận học sinh trung học phổ thông Việt Nam về nước,Giáo dục trung học,Sở Giáo dục và Đào tạo,Một phần,Cấp tỉnh,2,10,https://datafiles.hanoi.gov.vn/gov-hni/8123/VanBan/2026/4/22/QD%20492%20PL2.pdf,2026-04-14,False,False,PL2-0222_2_002479.md
PL2-0223,223,2.002480,Tiếp nhận học sinh trung học phổ thông người nước ngoài,Giáo dục trung học,Sở Giáo dục và Đào tạo,Một phần,Cấp tỉnh,2,10,https://datafiles.hanoi.gov.vn/gov-hni/8123/VanBan/2026/4/22/QD%20492%20PL2.pdf,2026-04-14,False,False,PL2-0223_2_002480.md
PL2-0224,224,1.013759,Cho phép thành lập cơ sở giáo dục nghề nghiệp. cơ sở giáo dục nghề nghiệp cho người khuyết tật. phân hiệu của trường trung cấp tư thục,Giáo dục nghề nghiệp,Sở Giáo dục và Đào tạo,Một phần,Cấp tỉnh,2,10,https://datafiles.hanoi.gov.vn/gov-hni/8123/VanBan/2026/4/22/QD%20492%20PL2.pdf,2026-04-14,False,False,PL2-0224_1_013759.md
PL2-0225,225,2.000189,Cấp giấy chứng nhận đăng ký hoạt động giáo dục nghề nghiệp đối với trường trung cấp. trung tâm giáo dục nghề nghiệp. trung tâm giáo dục nghề nghiệp - giáo dục thường xuyên và doanh nghiệp,Giáo dục nghề nghiệp,Sở Giáo dục và Đào tạo,Một phần,Cấp tỉnh,2,10,https://datafiles.hanoi.gov.vn/gov-hni/8123/VanBan/2026/4/22/QD%20492%20PL2.pdf,2026-04-14,False,False,PL2-0225_2_000189.md
PL2-0226,226,1.000389,Cấp giấy chứng nhận đăng kí bổ sung hoạt động giáo dục nghề nghiệp đối với trường trung cấp. trung tâm giáo dục nghề nghiệp. trung tâm giáo dục nghề nghiệp - giáo dục thường xuyên và doanh nghiệp,Giáo dục nghề nghiệp,Sở Giáo dục và Đào tạo,Một phần,Cấp tỉnh,2,10,https://datafiles.hanoi.gov.vn/gov-hni/8123/VanBan/2026/4/22/QD%20492%20PL2.pdf,2026-04-14,False,False,PL2-0226_1_000389.md
PL2-0227,227,1.013760,Chia. tách. sáp nhập trung tâm giáo dục nghề nghiệp. trường trung cấp tư thục trên địa bàn tỉnh. thành phố trực thuộc trung ương,Giáo dục nghề nghiệp,Sở Giáo dục và Đào tạo,Một phần,Cấp tỉnh,2,10,https://datafiles.hanoi.gov.vn/gov-hni/8123/VanBan/2026/4/22/QD%20492%20PL2.pdf,2026-04-14,False,False,PL2-0227_1_013760.md
PL2-0228,228,1.013763,Cho phép đổi tên trung tâm giáo dục nghề nghiệp. trường trung cấp tư thục trên địa bàn tỉnh. thành phố trực thuộc trung ương,Giáo dục nghề nghiệp,Sở Giáo dục và Đào tạo,Một phần,Cấp tỉnh,2,10,https://datafiles.hanoi.gov.vn/gov-hni/8123/VanBan/2026/4/22/QD%20492%20PL2.pdf,2026-04-14,False,False,PL2-0228_1_013763.md
PL2-0229,229,1.013761,Cho phép giải thể trung tâm giáo dục nghề nghiệp. trường trung cấp tư thục trên địa bàn tỉnh. thành phố trực thuộc trung ương,Giáo dục nghề nghiệp,Sở Giáo dục và Đào tạo,Một phần,Cấp tỉnh,2,10,https://datafiles.hanoi.gov.vn/gov-hni/8123/VanBan/2026/4/22/QD%20492%20PL2.pdf,2026-04-14,False,False,PL2-0229_1_013761.md
PL2-0230,230,1.010927,Thành lập phân hiệu của trường trung cấp công lập trực thuộc tỉnh. thành phố trực thuộc trung ương; cho phép thành lập phân hiệu của trường trung cấp tư thục trên địa bàn,Giáo dục nghề nghiệp,Sở Giáo dục và Đào tạo,Một phần,Cấp tỉnh,2,11,https://datafiles.hanoi.gov.vn/gov-hni/8123/VanBan/2026/4/22/QD%20492%20PL2.pdf,2026-04-14,False,False,PL2-0230_1_010927.md
PL2-0231,231,1.013762,Cho phép chấm dứt hoạt động phân hiệu của trường trung cấp tư thục trên địa bàn tỉnh. thành phố trực thuộc trung ương,Giáo dục nghề nghiệp,Sở Giáo dục và Đào tạo,Một phần,Cấp tỉnh,2,11,https://datafiles.hanoi.gov.vn/gov-hni/8123/VanBan/2026/4/22/QD%20492%20PL2.pdf,2026-04-14,False,False,PL2-0231_1_013762.md
PL2-0232,232,1.000509,Cho phép thành lập trường trung cấp. trung tâm giáo dục nghệ nghiệp tư thục hoạt động không vì lợi nhuận,Giáo dục nghề nghiệp,Sở Giáo dục và Đào tạo,Một phần,Cấp tỉnh,2,11,https://datafiles.hanoi.gov.vn/gov-hni/8123/VanBan/2026/4/22/QD%20492%20PL2.pdf,2026-04-14,False,False,PL2-0232_1_000509.md
PL2-0233,233,1.000482,Công nhận trường trung cấp. trung tâm giáo dục nghề nghiệp tư thục; trường trung cấp. trung tâm giáo dục nghề nghiệp có vốn đầu tư nước ngoài chuyển sang hoạt động không vì lợi nhuận,Giáo dục nghề nghiệp,Sở Giáo dục và Đào tạo,Một phần,Cấp tỉnh,2,11,https://datafiles.hanoi.gov.vn/gov-hni/8123/VanBan/2026/4/22/QD%20492%20PL2.pdf,2026-04-14,False,False,PL2-0233_1_000482.md
PL2-0234,234,1.010593,Công nhận hội đồng quản trị trường trung cấp tư thục,Giáo dục nghề nghiệp,Sở Giáo dục và Đào tạo,Một phần,Cấp tỉnh,2,11,https://datafiles.hanoi.gov.vn/gov-hni/8123/VanBan/2026/4/22/QD%20492%20PL2.pdf,2026-04-14,False,False,PL2-0234_1_010593.md
PL2-0235,235,1.010594,Thay thế chủ tịch. thư ký. thành viên hội đồng quản trị trường trung cấp tư thục; chấm dứt hoạt động hội đồng quản trị,Giáo dục nghề nghiệp,Sở Giáo dục và Đào tạo,Một phần,Cấp tỉnh,2,11,https://datafiles.hanoi.gov.vn/gov-hni/8123/VanBan/2026/4/22/QD%20492%20PL2.pdf,2026-04-14,False,False,PL2-0235_1_010594.md
PL2-0236,236,1.010595,Công nhận hiệu trưởng trường trung cấp tư thục,Giáo dục nghề nghiệp,Sở Giáo dục và Đào tạo,Một phần,Cấp tỉnh,2,11,https://datafiles.hanoi.gov.vn/gov-hni/8123/VanBan/2026/4/22/QD%20492%20PL2.pdf,2026-04-14,False,False,PL2-0236_1_010595.md
PL2-0237,237,1.010596,Thôi công nhận hiệu trưởng trường trung cấp tư thục,Giáo dục nghề nghiệp,Sở Giáo dục và Đào tạo,Một phần,Cấp tỉnh,2,11,https://datafiles.hanoi.gov.vn/gov-hni/8123/VanBan/2026/4/22/QD%20492%20PL2.pdf,2026-04-14,False,False,PL2-0237_1_010596.md
PL2-0238,238,2.000632,Công nhận giám đốc trung tâm giáo dục nghệ nghiệp tư thục,Giáo dục nghề nghiệp,Sở Giáo dục và Đào tạo,Một phần,Cấp tỉnh,2,11,https://datafiles.hanoi.gov.vn/gov-hni/8123/VanBan/2026/4/22/QD%20492%20PL2.pdf,2026-04-14,False,False,PL2-0238_2_000632.md
PL2-0239,239,2.001959,Cấp chính sách nội trú cho học sinh. sinh viên tham gia chương trình đào tạo trình độ cao đẳng. trung cấp tại các cơ sở giáo dục nghề nghiệp công lập trực thuộc tỉnh. thành phố trực thuộc trung ương,Giáo dục nghề nghiệp,Sở Giáo dục và Đào tạo,Một phần,Cấp tỉnh,2,11,https://datafiles.hanoi.gov.vn/gov-hni/8123/VanBan/2026/4/22/QD%20492%20PL2.pdf,2026-04-14,False,False,PL2-0239_2_001959.md
PL2-0240,240,1.013764,Cho phép thành lập trường trung cấp. trung tâm giáo dục nghề nghiệp có vốn đầu tư nước ngoài,Giáo dục nghề nghiệp,Sở Giáo dục và Đào tạo,Một phần,Cấp tỉnh,2,11,https://datafiles.hanoi.gov.vn/gov-hni/8123/VanBan/2026/4/22/QD%20492%20PL2.pdf,2026-04-14,False,False,PL2-0240_1_013764.md
PL2-0241,241,1.013765,Cho phép thành lập trường trung cấp. trung tâm giáo dục nghề nghiệp có vốn đầu tư nước ngoài hoạt động không vì lợi nhuận,Giáo dục nghề nghiệp,Sở Giáo dục và Đào tạo,Một phần,Cấp tỉnh,2,11,https://datafiles.hanoi.gov.vn/gov-hni/8123/VanBan/2026/4/22/QD%20492%20PL2.pdf,2026-04-14,False,False,PL2-0241_1_013765.md
PL2-0242,242,1.000138,Chia. tách. sáp nhập trường trung cấp. trung tâm giáo dục nghề nghiệp có vốn đầu tư nước ngoài,Giáo dục nghề nghiệp,Sở Giáo dục và Đào tạo,Một phần,Cấp tỉnh,2,11,https://datafiles.hanoi.gov.vn/gov-hni/8123/VanBan/2026/4/22/QD%20492%20PL2.pdf,2026-04-14,False,False,PL2-0242_1_000138.md
PL2-0243,243,1.000530,Đổi tên trường trung cấp. trung tâm giáo dục nghề nghiệp có vốn đầu tư nước ngoài,Giáo dục nghề nghiệp,Sở Giáo dục và Đào tạo,Một phần,Cấp tỉnh,2,11,https://datafiles.hanoi.gov.vn/gov-hni/8123/VanBan/2026/4/22/QD%20492%20PL2.pdf,2026-04-14,False,False,PL2-0243_1_000530.md
PL2-0244,244,1.000154,Cho phép thành lập phân hiệu của trường trung cấp có vốn đầu tư nước ngoài,Giáo dục nghề nghiệp,Sở Giáo dục và Đào tạo,Một phần,Cấp tỉnh,2,11,https://datafiles.hanoi.gov.vn/gov-hni/8123/VanBan/2026/4/22/QD%20492%20PL2.pdf,2026-04-14,False,False,PL2-0244_1_000154.md
PL2-0245,245,1.000553,Giải thể trường trung cấp. trung tâm giáo dục nghề nghiệp có vốn đầu tư nước ngoài; chấm dứt hoạt động phân hiệu của trường trung cấp có vốn đầu tư nước ngoài,Giáo dục nghề nghiệp,Sở Giáo dục và Đào tạo,Một phần,Cấp tỉnh,2,11,https://datafiles.hanoi.gov.vn/gov-hni/8123/VanBan/2026/4/22/QD%20492%20PL2.pdf,2026-04-14,False,False,PL2-0245_1_000553.md
PL2-0246,246,1.000167,Cấp giấy chứng nhận đăng ký hoạt động liên kết đào tạo với nước ngoài đối với trường trung cấp. trung tâm giáo dục nghề nghiệp. trung tâm giáo dục nghề nghiệp – giáo dục thường xuyên và doanh nghiệp,Giáo dục nghề nghiệp,Sở Giáo dục và Đào tạo,Một phần,Cấp tỉnh,2,11,https://datafiles.hanoi.gov.vn/gov-hni/8123/VanBan/2026/4/22/QD%20492%20PL2.pdf,2026-04-14,False,False,PL2-0246_1_000167.md
PL2-0247,247,1.010928,Chấm dứt hoạt động liên kết đào tạo với nước ngoài của trường trung cấp. trung tâm giáo dục nghề nghiệp. trung tâm giáo dục nghề nghiệp – giáo dục thường xuyên và doanh nghiệp,Giáo dục nghề nghiệp,Sở Giáo dục và Đào tạo,Một phần,Cấp tỉnh,2,11,https://datafiles.hanoi.gov.vn/gov-hni/8123/VanBan/2026/4/22/QD%20492%20PL2.pdf,2026-04-14,False,False,PL2-0247_1_010928.md
PL2-0248,248,2.000130,Thành lập văn phòng đại diện của tổ chức. cơ sở giáo dục nghề nghiệp nước ngoài tại Việt Nam,Giáo dục nghề nghiệp,Sở Giáo dục và Đào tạo,Một phần,Cấp tỉnh,2,11,https://datafiles.hanoi.gov.vn/gov-hni/8123/VanBan/2026/4/22/QD%20492%20PL2.pdf,2026-04-14,False,False,PL2-0248_2_000130.md
PL2-0249,249,1.000159,Sửa đổi. bổ sung. gia hạn và cấp lại giấy phép thành lập văn phòng đại diện của tổ chức. cơ sở giáo dục nghề nghiệp nước ngoài tại Việt Nam,Giáo dục nghề nghiệp,Sở Giáo dục và Đào tạo,Một phần,Cấp tỉnh,2,11,https://datafiles.hanoi.gov.vn/gov-hni/8123/VanBan/2026/4/22/QD%20492%20PL2.pdf,2026-04-14,False,False,PL2-0249_1_000159.md
PL2-0250,250,1.013751,Cho phép thành lập trung tâm giáo dục thường xuyên. trung tâm giáo dục nghề nghiệp – giáo dục thường xuyên tư thục,Giáo dục thường xuyên,Sở Giáo dục và Đào tạo,Một phần,Cấp tỉnh,2,11,https://datafiles.hanoi.gov.vn/gov-hni/8123/VanBan/2026/4/22/QD%20492%20PL2.pdf,2026-04-14,False,False,PL2-0250_1_013751.md
PL2-0251,251,1.013752,Cho phép trung tâm giáo dục thường xuyên. trung tâm giáo dục nghề nghiệp – giáo dục thường xuyên tư thục hoạt động trở lại,Giáo dục thường xuyên,Sở Giáo dục và Đào tạo,Một phần,Cấp tỉnh,2,11,https://datafiles.hanoi.gov.vn/gov-hni/8123/VanBan/2026/4/22/QD%20492%20PL2.pdf,2026-04-14,False,False,PL2-0251_1_013752.md
PL2-0252,252,1.013753,Sáp nhập. chia tách trung tâm giáo dục thường xuyên. trung tâm giáo dục nghề nghiệp – giáo dục thường xuyên tư thục,Giáo dục thường xuyên,Sở Giáo dục và Đào tạo,Một phần,Cấp tỉnh,2,11,https://datafiles.hanoi.gov.vn/gov-hni/8123/VanBan/2026/4/22/QD%20492%20PL2.pdf,2026-04-14,False,False,PL2-0252_1_013753.md
PL2-0253,253,1.013754,Giải thể trung tâm giáo dục thường xuyên. trung tâm giáo dục nghề nghiệp – giáo dục thường xuyên tư thục,Giáo dục thường xuyên,Sở Giáo dục và Đào tạo,Một phần,Cấp tỉnh,2,12,https://datafiles.hanoi.gov.vn/gov-hni/8123/VanBan/2026/4/22/QD%20492%20PL2.pdf,2026-04-14,False,False,PL2-0253_1_013754.md
PL2-0254,254,3.000315,Thành lập hoặc cho phép thành lập trung tâm khác thực hiện nhiệm vụ giáo dục thường xuyên,Giáo dục thường xuyên,Sở Giáo dục và Đào tạo,Một phần,Cấp tỉnh,2,12,https://datafiles.hanoi.gov.vn/gov-hni/8123/VanBan/2026/4/22/QD%20492%20PL2.pdf,2026-04-14,False,False,PL2-0254_3_000315.md
PL2-0255,255,3.000316,Cho phép trung tâm khác thực hiện nhiệm vụ giáo dục thường xuyên hoạt động giáo dục trở lại,Giáo dục thường xuyên,Sở Giáo dục và Đào tạo,Một phần,Cấp tỉnh,2,12,https://datafiles.hanoi.gov.vn/gov-hni/8123/VanBan/2026/4/22/QD%20492%20PL2.pdf,2026-04-14,False,False,PL2-0255_3_000316.md
PL2-0256,256,3.000317,Sáp nhập. chia. tách trung tâm khác thực hiện nhiệm vụ giáo dục thường xuyên,Giáo dục thường xuyên,Sở Giáo dục và Đào tạo,Một phần,Cấp tỉnh,2,12,https://datafiles.hanoi.gov.vn/gov-hni/8123/VanBan/2026/4/22/QD%20492%20PL2.pdf,2026-04-14,False,False,PL2-0256_3_000317.md
PL2-0257,257,1.012988,Giải thể trung tâm khác thực hiện nhiệm vụ giáo dục thường xuyên (theo đề nghị của cá nhân tổ chức thành lập trung tâm),Giáo dục thường xuyên,Sở Giáo dục và Đào tạo,Một phần,Cấp tỉnh,2,12,https://datafiles.hanoi.gov.vn/gov-hni/8123/VanBan/2026/4/22/QD%20492%20PL2.pdf,2026-04-14,False,False,PL2-0257_1_012988.md
PL2-0258,258,1.013755,Cho phép thành lập trung tâm hỗ trợ phát triển giáo dục hòa nhập tư thục,Giáo dục thường xuyên,Sở Giáo dục và Đào tạo,Một phần,Cấp tỉnh,2,12,https://datafiles.hanoi.gov.vn/gov-hni/8123/VanBan/2026/4/22/QD%20492%20PL2.pdf,2026-04-14,False,False,PL2-0258_1_013755.md
PL2-0259,259,1.013756,Cho phép trung tâm hỗ trợ phát triển giáo dục hòa nhập tư thục hoạt động trở lại,Giáo dục thường xuyên,Sở Giáo dục và Đào tạo,Một phần,Cấp tỉnh,2,12,https://datafiles.hanoi.gov.vn/gov-hni/8123/VanBan/2026/4/22/QD%20492%20PL2.pdf,2026-04-14,False,False,PL2-0259_1_013756.md
PL2-0260,260,1.013757,Sáp nhập. chia tách trung tâm hỗ trợ phát triển giáo dục hòa nhập tư thục,Giáo dục thường xuyên,Sở Giáo dục và Đào tạo,Một phần,Cấp tỉnh,2,12,https://datafiles.hanoi.gov.vn/gov-hni/8123/VanBan/2026/4/22/QD%20492%20PL2.pdf,2026-04-14,False,False,PL2-0260_1_013757.md
PL2-0261,261,1.013758,Giải thể trung tâm hỗ trợ phát triển giáo dục hòa nhập tư thục (theo đề nghị của tổ chức. cá nhân thành lập),Giáo dục thường xuyên,Sở Giáo dục và Đào tạo,Một phần,Cấp tỉnh,2,12,https://datafiles.hanoi.gov.vn/gov-hni/8123/VanBan/2026/4/22/QD%20492%20PL2.pdf,2026-04-14,False,False,PL2-0261_1_013758.md
PL2-0262,262,1.000288,Công nhận trường mầm non đạt chuẩn quốc gia,Giáo dục và đào tạo thuộc hệ thống giáo dục quốc dân,Sở Giáo dục và Đào tạo,Một phần,Cấp tỉnh,2,12,https://datafiles.hanoi.gov.vn/gov-hni/8123/VanBan/2026/4/22/QD%20492%20PL2.pdf,2026-04-14,False,False,PL2-0262_1_000288.md
PL2-0263,263,1.000280,Công nhận trường tiểu học đạt chuẩn quốc gia,Giáo dục và đào tạo thuộc hệ thống giáo dục quốc dân,Sở Giáo dục và Đào tạo,Một phần,Cấp tỉnh,2,12,https://datafiles.hanoi.gov.vn/gov-hni/8123/VanBan/2026/4/22/QD%20492%20PL2.pdf,2026-04-14,False,False,PL2-0263_1_000280.md
PL2-0264,264,1.000691,Công nhận trường trung học đạt chuẩn quốc gia,Giáo dục và đào tạo thuộc hệ thống giáo dục quốc dân,Sở Giáo dục và Đào tạo,Một phần,Cấp tỉnh,2,12,https://datafiles.hanoi.gov.vn/gov-hni/8123/VanBan/2026/4/22/QD%20492%20PL2.pdf,2026-04-14,False,False,PL2-0264_1_000691.md
PL2-0265,265,2.002593,Đề nghị đánh giá. công nhận “Đơn vị học tập” cấp tỉnh,Giáo dục và đào tạo thuộc hệ thống giáo dục quốc dân,Sở Giáo dục và Đào tạo,Một phần,Cấp tỉnh,2,12,https://datafiles.hanoi.gov.vn/gov-hni/8123/VanBan/2026/4/22/QD%20492%20PL2.pdf,2026-04-14,False,False,PL2-0265_2_002593.md
PL2-0266,266,1.012958,Thành lập hoặc cho phép thành lập trường trung học phổ thông chuyên,Cơ sở giáo dục khác,Sở Giáo dục và Đào tạo,Một phần,Cấp tỉnh,2,12,https://datafiles.hanoi.gov.vn/gov-hni/8123/VanBan/2026/4/22/QD%20492%20PL2.pdf,2026-04-14,False,False,PL2-0266_1_012958.md
PL2-0267,267,1.005008,Cho phép trường trung học phổ thông chuyên hoạt động giáo dục,Cơ sở giáo dục khác,Sở Giáo dục và Đào tạo,Một phần,Cấp tỉnh,2,12,https://datafiles.hanoi.gov.vn/gov-hni/8123/VanBan/2026/4/22/QD%20492%20PL2.pdf,2026-04-14,False,False,PL2-0267_1_005008.md
PL2-0268,268,1.004988,Cho phép trường trung học phổ thông chuyên hoạt động trở lại,Cơ sở giáo dục khác,Sở Giáo dục và Đào tạo,Một phần,Cấp tỉnh,2,12,https://datafiles.hanoi.gov.vn/gov-hni/8123/VanBan/2026/4/22/QD%20492%20PL2.pdf,2026-04-14,False,False,PL2-0268_1_004988.md
PL2-0269,269,1.004999,Sáp nhập. chia tách trường trung học phổ thông chuyên,Cơ sở giáo dục khác,Sở Giáo dục và Đào tạo,Một phần,Cấp tỉnh,2,13,https://datafiles.hanoi.gov.vn/gov-hni/8123/VanBan/2026/4/22/QD%20492%20PL2.pdf,2026-04-14,False,False,PL2-0269_1_004999.md
PL2-0270,270,1.004991,Giải thể trường trung học phổ thông chuyên,Cơ sở giáo dục khác,Sở Giáo dục và Đào tạo,Một phần,Cấp tỉnh,2,13,https://datafiles.hanoi.gov.vn/gov-hni/8123/VanBan/2026/4/22/QD%20492%20PL2.pdf,2026-04-14,False,False,PL2-0270_1_004991.md
PL2-0271,271,1.012959,Thành lập hoặc cho phép thành lập trường năng khiếu nghệ thuật. thể dục thể thao,Cơ sở giáo dục khác,Sở Giáo dục và Đào tạo,Một phần,Cấp tỉnh,2,13,https://datafiles.hanoi.gov.vn/gov-hni/8123/VanBan/2026/4/22/QD%20492%20PL2.pdf,2026-04-14,False,False,PL2-0271_1_012959.md
PL2-0272,272,3.000297,Cho phép trường năng khiếu nghệ thuật. thể dục thể thao hoạt động giáo dục,Cơ sở giáo dục khác,Sở Giáo dục và Đào tạo,Một phần,Cấp tỉnh,2,13,https://datafiles.hanoi.gov.vn/gov-hni/8123/VanBan/2026/4/22/QD%20492%20PL2.pdf,2026-04-14,False,False,PL2-0272_3_000297.md
PL2-0273,273,3.000298,Cho phép trường năng khiếu nghệ thuật. thể dục thể thao hoạt động giáo dục trở lại,Cơ sở giáo dục khác,Sở Giáo dục và Đào tạo,Một phần,Cấp tỉnh,2,13,https://datafiles.hanoi.gov.vn/gov-hni/8123/VanBan/2026/4/22/QD%20492%20PL2.pdf,2026-04-14,False,False,PL2-0273_3_000298.md
PL2-0274,274,3.000299,Sáp nhập. chia tách trường năng khiếu nghệ thuật. thể dục thể thao hoạt động giáo dục,Cơ sở giáo dục khác,Sở Giáo dục và Đào tạo,Một phần,Cấp tỉnh,2,13,https://datafiles.hanoi.gov.vn/gov-hni/8123/VanBan/2026/4/22/QD%20492%20PL2.pdf,2026-04-14,False,False,PL2-0274_3_000299.md
PL2-0275,275,3.000300,Giải thể trường năng khiếu nghệ thuật. thể dục thể thao (theo đề nghị của tổ chức. cá nhân thành lập trường),Cơ sở giáo dục khác,Sở Giáo dục và Đào tạo,Một phần,Cấp tỉnh,2,13,https://datafiles.hanoi.gov.vn/gov-hni/8123/VanBan/2026/4/22/QD%20492%20PL2.pdf,2026-04-14,False,False,PL2-0275_3_000300.md
PL2-0276,276,2.001987,Đề nghị được kinh doanh dịch vụ tư vấn du học trở lại,Cơ sở giáo dục khác,Sở Giáo dục và Đào tạo,Một phần,Cấp tỉnh,2,13,https://datafiles.hanoi.gov.vn/gov-hni/8123/VanBan/2026/4/22/QD%20492%20PL2.pdf,2026-04-14,False,False,PL2-0276_2_001987.md
PL2-0277,277,1.012960,Điều chỉnh. bổ sung. gia hạn giấy chứng nhận đăng ký kinh doanh dịch vụ tư vấn du học,Cơ sở giáo dục khác,Sở Giáo dục và Đào tạo,Một phần,Cấp tỉnh,2,13,https://datafiles.hanoi.gov.vn/gov-hni/8123/VanBan/2026/4/22/QD%20492%20PL2.pdf,2026-04-14,False,False,PL2-0277_1_012960.md
PL2-0278,278,3.000301,Thành lập hoặc cho phép thành lập trường dành cho người khuyết tật,Cơ sở giáo dục khác,Sở Giáo dục và Đào tạo,Một phần,Cấp tỉnh,2,13,https://datafiles.hanoi.gov.vn/gov-hni/8123/VanBan/2026/4/22/QD%20492%20PL2.pdf,2026-04-14,False,False,PL2-0278_3_000301.md
PL2-0279,279,3.000302,Cho phép trường dành cho người khuyết tật hoạt động giáo dục,Cơ sở giáo dục khác,Sở Giáo dục và Đào tạo,Một phần,Cấp tỉnh,2,13,https://datafiles.hanoi.gov.vn/gov-hni/8123/VanBan/2026/4/22/QD%20492%20PL2.pdf,2026-04-14,False,False,PL2-0279_3_000302.md
PL2-0280,280,3.000303,Cho phép trường dành cho người khuyết tật hoạt động giáo dục trở lại,Cơ sở giáo dục khác,Sở Giáo dục và Đào tạo,Một phần,Cấp tỉnh,2,13,https://datafiles.hanoi.gov.vn/gov-hni/8123/VanBan/2026/4/22/QD%20492%20PL2.pdf,2026-04-14,False,False,PL2-0280_3_000303.md
PL2-0281,281,3.000304,Sáp nhập. chia tách trường dành cho người khuyết tật,Cơ sở giáo dục khác,Sở Giáo dục và Đào tạo,Một phần,Cấp tỉnh,2,13,https://datafiles.hanoi.gov.vn/gov-hni/8123/VanBan/2026/4/22/QD%20492%20PL2.pdf,2026-04-14,False,False,PL2-0281_3_000304.md
PL2-0282,282,3.000305,Giải thể trường dành cho người khuyết tật (theo đề nghị của tổ chức. cá nhân thành lập trường),Cơ sở giáo dục khác,Sở Giáo dục và Đào tạo,Một phần,Cấp tỉnh,2,13,https://datafiles.hanoi.gov.vn/gov-hni/8123/VanBan/2026/4/22/QD%20492%20PL2.pdf,2026-04-14,False,False,PL2-0282_3_000305.md
PL2-0283,283,3.000306,Thành lập hoặc cho phép thành lập lớp dành cho người khuyết tật trong trường trung học phổ thông và trung tâm giáo dục thường xuyên. trung tâm giáo dục nghề nghiệp – giáo dục thường xuyên thực hiện chương trình giáo dục thường xuyên cấp trung học phổ thông,Cơ sở giáo dục khác,Sở Giáo dục và Đào tạo,Một phần,Cấp tỉnh,2,13,https://datafiles.hanoi.gov.vn/gov-hni/8123/VanBan/2026/4/22/QD%20492%20PL2.pdf,2026-04-14,False,False,PL2-0283_3_000306.md
PL2-0284,284,1.000716,Giải thể cơ sở giáo dục mầm non. cơ sở giáo dục phổ thông có vốn đầu tư nước ngoài tại Việt Nam,Đào tạo với nước ngoài,Sở Giáo dục và Đào tạo,Một phần,Cấp tỉnh,2,13,https://datafiles.hanoi.gov.vn/gov-hni/8123/VanBan/2026/4/22/QD%20492%20PL2.pdf,2026-04-14,False,False,PL2-0284_1_000716.md
PL2-0285,285,1.008723,Chuyển đổi trường trung học phổ thông tư thục. trường phổ thông tư thục có nhiều cấp học có cấp học cao nhất là trung học phổ thông do nhà đầu tư trong nước đầu tư; cơ sở giáo dục phổ thông tư thục do nhà đầu tư nước ngoài đầu tư sang trường phổ thông tư thục hoạt động không vì lợi nhuận,Đào tạo với nước ngoài,Sở Giáo dục và Đào tạo,Một phần,Cấp tỉnh,2,13,https://datafiles.hanoi.gov.vn/gov-hni/8123/VanBan/2026/4/22/QD%20492%20PL2.pdf,2026-04-14,False,False,PL2-0285_1_008723.md
PL2-0286,286,1.006446,Cho phép hoạt động giáo dục đối với: Cơ sở đào tạo. bồi dưỡng ngắn hạn; cơ sở giáo dục mầm non; cơ sở giáo dục phổ thông có vốn đầu tư nước ngoài tại Việt Nam,Đào tạo với nước ngoài,Sở Giáo dục và Đào tạo,Một phần,Cấp tỉnh,2,13,https://datafiles.hanoi.gov.vn/gov-hni/8123/VanBan/2026/4/22/QD%20492%20PL2.pdf,2026-04-14,False,False,PL2-0286_1_006446.md
PL2-0287,287,1.000718,Bổ sung. điều chỉnh quyết định cho phép hoạt động giáo dục đối với: cơ sở đào tạo. bồi dưỡng ngắn hạn; cơ sở giáo dục mầm non; cơ sở giáo dục phổ thông có vốn đầu tư nước ngoài tại Việt Nam,Đào tạo với nước ngoài,Sở Giáo dục và Đào tạo,Một phần,Cấp tỉnh,2,13,https://datafiles.hanoi.gov.vn/gov-hni/8123/VanBan/2026/4/22/QD%20492%20PL2.pdf,2026-04-14,False,False,PL2-0287_1_000718.md
PL2-0288,288,1.001495,Cho phép hoạt động giáo dục trở lại đối với: Cơ sở đào tạo. bồi dưỡng ngắn hạn; Cơ sở giáo dục phổ thông có vốn đầu tư nước ngoài tại Việt Nam,Đào tạo với nước ngoài,Sở Giáo dục và Đào tạo,Một phần,Cấp tỉnh,2,13,https://datafiles.hanoi.gov.vn/gov-hni/8123/VanBan/2026/4/22/QD%20492%20PL2.pdf,2026-04-14,False,False,PL2-0288_1_001495.md
PL2-0289,289,2.000451,Thành lập Văn phòng đại diện của cơ sở giáo dục nước ngoài tại Việt Nam,Đào tạo với nước ngoài,Sở Giáo dục và Đào tạo,Một phần,Cấp tỉnh,2,13,https://datafiles.hanoi.gov.vn/gov-hni/8123/VanBan/2026/4/22/QD%20492%20PL2.pdf,2026-04-14,False,False,PL2-0289_2_000451.md
PL2-0290,290,2.000680,Sửa đổi. bổ sung. gia hạn quyết định thành lập Văn phòng đại diện giáo dục nước ngoài tại Việt Nam,Đào tạo với nước ngoài,Sở Giáo dục và Đào tạo,Một phần,Cấp tỉnh,2,13,https://datafiles.hanoi.gov.vn/gov-hni/8123/VanBan/2026/4/22/QD%20492%20PL2.pdf,2026-04-14,False,False,PL2-0290_2_000680.md
PL2-0291,291,1.001501,Chấm dứt hoạt động Văn phòng đại diện giáo dục nước ngoài tại Việt Nam theo đề nghị của tổ chức. cơ sở giáo dục nước ngoài thành lập văn phòng đại diện,Đào tạo với nước ngoài,Sở Giáo dục và Đào tạo,Một phần,Cấp tỉnh,2,13,https://datafiles.hanoi.gov.vn/gov-hni/8123/VanBan/2026/4/22/QD%20492%20PL2.pdf,2026-04-14,False,False,PL2-0291_1_001501.md
PL2-0292,292,1.013767,Giải thể. chấm dứt cơ sở giáo dục mầm non. cơ sở giáo dục phổ thông do cơ quan đại diện ngoại giao nước ngoài. tổ chức quốc tế liên chính phủ thành lập,Đào tạo với nước ngoài,Sở Giáo dục và Đào tạo,Một phần,Cấp tỉnh,2,14,https://datafiles.hanoi.gov.vn/gov-hni/8123/VanBan/2026/4/22/QD%20492%20PL2.pdf,2026-04-14,False,False,PL2-0292_1_013767.md
PL2-0293,293,1.000259,Cấp giấy chứng nhận chất lượng giáo dục đối với trung tâm giáo dục thường xuyên,Kiểm định chất lượng,Sở Giáo dục và Đào tạo,Một phần,Cấp tỉnh,2,14,https://datafiles.hanoi.gov.vn/gov-hni/8123/VanBan/2026/4/22/QD%20492%20PL2.pdf,2026-04-14,False,False,PL2-0293_1_000259.md
PL2-0294,294,1.000715,Cấp Chứng nhận trường mầm non đạt kiểm định chất lượng giáo dục,Kiểm định chất lượng,Sở Giáo dục và Đào tạo,Một phần,Cấp tỉnh,2,14,https://datafiles.hanoi.gov.vn/gov-hni/8123/VanBan/2026/4/22/QD%20492%20PL2.pdf,2026-04-14,False,False,PL2-0294_1_000715.md
PL2-0295,295,1.000713,Cấp Chứng nhận trường tiểu học đạt kiểm định chất lượng giáo dục,Kiểm định chất lượng,Sở Giáo dục và Đào tạo,Một phần,Cấp tỉnh,2,14,https://datafiles.hanoi.gov.vn/gov-hni/8123/VanBan/2026/4/22/QD%20492%20PL2.pdf,2026-04-14,False,False,PL2-0295_1_000713.md
PL2-0296,296,1.000711,Cấp Chứng nhận trường trung học đạt kiểm định chất lượng giáo dục,Kiểm định chất lượng,Sở Giáo dục và Đào tạo,Một phần,Cấp tỉnh,2,14,https://datafiles.hanoi.gov.vn/gov-hni/8123/VanBan/2026/4/22/QD%20492%20PL2.pdf,2026-04-14,False,False,PL2-0296_1_000711.md
PL2-0297,297,1.003734,Đăng ký dự thi cấp chứng chỉ ứng dụng công nghệ thông tin,Thi. tuyển sinh,Sở Giáo dục và Đào tạo,Một phần,Cấp tỉnh,2,14,https://datafiles.hanoi.gov.vn/gov-hni/8123/VanBan/2026/4/22/QD%20492%20PL2.pdf,2026-04-14,False,False,PL2-0297_1_003734.md
PL2-0298,298,1.005142,Đăng ký dự thi tốt nghiệp trung học phổ thông,Thi. tuyển sinh,Sở Giáo dục và Đào tạo,Một phần,Cấp tỉnh,2,14,https://datafiles.hanoi.gov.vn/gov-hni/8123/VanBan/2026/4/22/QD%20492%20PL2.pdf,2026-04-14,False,False,PL2-0298_1_005142.md
PL2-0299,299,2.001806,Xét tuyển học sinh vào trường dự bị đại học,Thi. tuyển sinh,Sở Giáo dục và Đào tạo,Một phần,Cấp tỉnh,2,14,https://datafiles.hanoi.gov.vn/gov-hni/8123/VanBan/2026/4/22/QD%20492%20PL2.pdf,2026-04-14,False,False,PL2-0299_2_001806.md
PL2-0300,300,1.013338,Xét công nhận tốt nghiệp trung học phổ thông,Thi. tuyển sinh,Sở Giáo dục và Đào tạo,Một phần,Cấp tỉnh,2,14,https://datafiles.hanoi.gov.vn/gov-hni/8123/VanBan/2026/4/22/QD%20492%20PL2.pdf,2026-04-14,False,False,PL2-0300_1_013338.md
PL2-0301,301,2.002808,Phê duyệt liên kết giáo dục. giảng dạy chương trình giáo dục tích hợp đối với cơ sở giáo dục mầm non. cơ sở giáo dục phổ thông công lập của thành phố Hà Nội,Giáo dục và đào tạo thuộc hệ thống giáo dục quốc dân,Sở Giáo dục và Đào tạo,Một phần,Cấp tỉnh,2,14,https://datafiles.hanoi.gov.vn/gov-hni/8123/VanBan/2026/4/22/QD%20492%20PL2.pdf,2026-04-14,False,False,PL2-0301_2_002808.md
PL2-0302,302,2.002809,Gia hạn hoặc điều chỉnh liên kết giáo dục đối với cơ sở giáo dục mầm non. cơ sở giáo dục phổ thông công lập của thành phố Hà Nội,Giáo dục và đào tạo thuộc hệ thống giáo dục quốc dân,Sở Giáo dục và Đào tạo,Một phần,Cấp tỉnh,2,14,https://datafiles.hanoi.gov.vn/gov-hni/8123/VanBan/2026/4/22/QD%20492%20PL2.pdf,2026-04-14,False,False,PL2-0302_2_002809.md
PL2-0303,303,2.002810,Chấm dứt liên kết giáo dục đối với cơ sở giáo dục mầm non. cơ sở giáo dục phổ thông công lập của thành phố Hà Nội,Giáo dục và đào tạo thuộc hệ thống giáo dục quốc dân,Sở Giáo dục và Đào tạo,Một phần,Cấp tỉnh,2,14,https://datafiles.hanoi.gov.vn/gov-hni/8123/VanBan/2026/4/22/QD%20492%20PL2.pdf,2026-04-14,False,False,PL2-0303_2_002810.md
PL2-0304,304,1.014333,Đề nghị miễn. giảm học phí trong cơ sở giáo dục nghề nghiệp và cơ sở giáo dục đại học công lập,Giáo dục và đào tạo thuộc hệ thống giáo dục quốc dân,Sở Giáo dục và Đào tạo,Một phần,Cấp tỉnh,2,14,https://datafiles.hanoi.gov.vn/gov-hni/8123/VanBan/2026/4/22/QD%20492%20PL2.pdf,2026-04-14,False,False,PL2-0304_1_014333.md
PL2-0305,305,1.014334,Đề nghị hỗ trợ chi phí học tập trong trường trung học phổ thông tư thục. cơ sở giáo dục thường xuyên tư thục. trường trung học phổ thông trong các trường đại học. cao đẳng. viện nghiên cứu,Giáo dục và đào tạo thuộc hệ thống giáo dục quốc dân,Sở Giáo dục và Đào tạo,Một phần,Cấp tỉnh,2,14,https://datafiles.hanoi.gov.vn/gov-hni/8123/VanBan/2026/4/22/QD%20492%20PL2.pdf,2026-04-14,False,False,PL2-0305_1_014334.md
PL2-0306,306,1.014335,Đề nghị miễn. giảm học phí trong cơ sở giáo dục nghề nghiệp. cơ sở giáo dục đại học tư thục và cơ sở giáo dục nghề nghiệp. cơ sở giáo dục đại học thuộc tổ chức kinh tế. doanh nghiệp nhà nước,Giáo dục và đào tạo thuộc hệ thống giáo dục quốc dân,Sở Giáo dục và Đào tạo,Một phần,Cấp xã,2,14,https://datafiles.hanoi.gov.vn/gov-hni/8123/VanBan/2026/4/22/QD%20492%20PL2.pdf,2026-04-14,False,False,PL2-0306_1_014335.md
PL2-0307,307,1.014336,Đề nghị hỗ trợ chi phí học tập trong cơ sở giáo dục mầm non công lập. cơ sở giáo dục phổ thông công lập. cơ sở giáo dục công lập thực hiện chương trình giáo dục phổ thông,Giáo dục và đào tạo thuộc hệ thống giáo dục quốc dân,Sở Giáo dục và Đào tạo,Một phần,Cấp xã,2,15,https://datafiles.hanoi.gov.vn/gov-hni/8123/VanBan/2026/4/22/QD%20492%20PL2.pdf,2026-04-14,False,False,PL2-0307_1_014336.md
PL2-0308,308,1.014337,Đề nghị hỗ trợ chi phí học tập trong cơ sở giáo dục mầm non dân lập. tư thục; trường tiểu học tư thục. trường trung học cơ sở tư thục. cơ sở giáo dục thường xuyên tư thục. cơ sở giáo dục mầm non. trường tiểu học. trung học cơ sở trong các trường đại học. cao đẳng. viện nghiên cứu,Giáo dục và đào tạo thuộc hệ thống giáo dục quốc dân,Sở Giáo dục và Đào tạo,Một phần,Cấp xã,2,15,https://datafiles.hanoi.gov.vn/gov-hni/8123/VanBan/2026/4/22/QD%20492%20PL2.pdf,2026-04-14,False,False,PL2-0308_1_014337.md
PL2-0309,309,2.002812,Gia hạn hoặc điều chỉnh Đề án dạy và học bằng tiếng nước ngoài,Giáo dục và đào tạo thuộc hệ thống giáo dục quốc dân,Sở Giáo dục và Đào tạo,Một phần,Cấp tỉnh,2,15,https://datafiles.hanoi.gov.vn/gov-hni/8123/VanBan/2026/4/22/QD%20492%20PL2.pdf,2026-04-14,False,False,PL2-0309_2_002812.md
PL2-0310,310,2.002813,Chấm dứt hoạt động của Đề án dạy và học bằng tiếng nước ngoài,Giáo dục và đào tạo thuộc hệ thống giáo dục quốc dân,Sở Giáo dục và Đào tạo,Một phần,Cấp tỉnh,2,15,https://datafiles.hanoi.gov.vn/gov-hni/8123/VanBan/2026/4/22/QD%20492%20PL2.pdf,2026-04-14,False,False,PL2-0310_2_002813.md
PL2-0311,311,3.000479,Thủ tục cấp Giấy xác nhận đủ điều kiện đánh giá Hệ thống quản lý chất lượng theo tiêu chuẩn quốc gia TCVN ISO 9001 đối với cơ quan. tổ chức thuộc hệ thống hành chính nhà nước cho tổ chức chứng nhận,Tiêu chuẩn đo lường chất lượng,Sở Khoa học và Công nghệ,Một phần,Cấp tỉnh,2,15,https://datafiles.hanoi.gov.vn/gov-hni/8123/VanBan/2026/4/22/QD%20492%20PL2.pdf,2026-04-14,False,False,PL2-0311_3_000479.md
PL2-0312,312,3.000484,Thủ tục cấp lại giấy xác nhận đủ điều kiện đào tạo về tư vấn. đánh giá Hệ thống quản lý chất lượng theo tiêu chuẩn quốc gia TCVN ISO 9001 cho chuyên gia tư vấn. đánh giá thực hiện tư vấn. đánh giá tại cơ quan. tổ chức thuộc hệ thống hành chính nhà nước,Tiêu chuẩn đo lường chất lượng,Sở Khoa học và Công nghệ,Một phần,Cấp tỉnh,2,15,https://datafiles.hanoi.gov.vn/gov-hni/8123/VanBan/2026/4/22/QD%20492%20PL2.pdf,2026-04-14,False,False,PL2-0312_3_000484.md
PL2-0313,313,3.000478,Thủ tục cấp lại Giấy xác nhận đủ điều kiện tư vấn Hệ thống quản lý chất lượng theo tiêu chuẩn quốc gia TCVN ISO 9001 đối với cơ quan. tổ chức thuộc hệ thống hành chính nhà nước cho chuyên gia tư vấn độc lập,Tiêu chuẩn đo lường chất lượng,Sở Khoa học và Công nghệ,Một phần,Cấp tỉnh,2,15,https://datafiles.hanoi.gov.vn/gov-hni/8123/VanBan/2026/4/22/QD%20492%20PL2.pdf,2026-04-14,False,False,PL2-0313_3_000478.md
PL2-0314,314,3.000480,Thủ tục cấp lại Giấy xác nhận đủ điều kiện đánh giá Hệ thống quản lý chất lượng theo tiêu chuẩn quốc gia TCVN ISO 9001 đối với cơ quan. tổ chức thuộc hệ thống hành chính nhà nước cho tổ chức chứng nhận,Tiêu chuẩn đo lường chất lượng,Sở Khoa học và Công nghệ,Một phần,Cấp tỉnh,2,15,https://datafiles.hanoi.gov.vn/gov-hni/8123/VanBan/2026/4/22/QD%20492%20PL2.pdf,2026-04-14,False,False,PL2-0314_3_000480.md
PL2-0315,315,3.000483,Thủ tục cấp (cấp mới) Giấy xác nhận đủ điều kiện đào tạo về tư vấn. đánh giá Hệ thống quản lý chất lượng theo tiêu chuẩn quốc gia TCVN ISO 9001 cho chuyên gia tư vấn. đánh giá thực hiện tư vấn. đánh giá tại cơ quan. tổ chức thuộc hệ thống hành chính nhà nước,Tiêu chuẩn đo lường chất lượng,Sở Khoa học và Công nghệ,Một phần,Cấp tỉnh,2,15,https://datafiles.hanoi.gov.vn/gov-hni/8123/VanBan/2026/4/22/QD%20492%20PL2.pdf,2026-04-14,False,False,PL2-0315_3_000483.md
PL2-0316,316,3.000475,Thủ tục cấp Giấy xác nhận đủ điều kiện tư vấn Hệ thống quản lý chất lượng theo Tiêu chuẩn quốc gia TCVN ISO 9001 đối với cơ quan. tổ chức thuộc hệ thống hành chính nhà nước cho tổ chức tư vấn,Tiêu chuẩn đo lường chất lượng,Sở Khoa học và Công nghệ,Một phần,Cấp tỉnh,2,15,https://datafiles.hanoi.gov.vn/gov-hni/8123/VanBan/2026/4/22/QD%20492%20PL2.pdf,2026-04-14,False,False,PL2-0316_3_000475.md
PL2-0317,317,3.000476,Thủ tục cấp lại Giấy xác nhận đủ điều kiện tư vấn Hệ thống quản lý chất lượng theo Tiêu chuẩn quốc gia TCVN ISO 9001 đối với cơ quan. tổ chức thuộc hệ thống hành chính nhà nước cho tổ chức tư vấn,Tiêu chuẩn đo lường chất lượng,Sở Khoa học và Công nghệ,Một phần,Cấp tỉnh,2,15,https://datafiles.hanoi.gov.vn/gov-hni/8123/VanBan/2026/4/22/QD%20492%20PL2.pdf,2026-04-14,False,False,PL2-0317_3_000476.md
PL2-0318,318,3.000477,Thủ tục cấp Giấy xác nhận đủ điều kiện tư vấn Hệ thống quản lý chất lượng theo Tiêu chuẩn quốc gia TCVN ISO 9001 đối với cơ quan. tổ chức thuộc hệ thống hành chính nhà nước cho chuyên gia tư vấn độc lập,Tiêu chuẩn đo lường chất lượng,Sở Khoa học và Công nghệ,Một phần,Cấp tỉnh,2,15,https://datafiles.hanoi.gov.vn/gov-hni/8123/VanBan/2026/4/22/QD%20492%20PL2.pdf,2026-04-14,False,False,PL2-0318_3_000477.md
PL2-0319,319,1.013928,Thủ tục ghi nhận thay đổi thông tin của tổ chức dịch vụ đại diện sở hữu công nghiệp,Sở hữu trí tuệ,Sở Khoa học và Công nghệ,Một phần,Cấp tỉnh,2,16,https://datafiles.hanoi.gov.vn/gov-hni/8123/VanBan/2026/4/22/QD%20492%20PL2.pdf,2026-04-14,False,False,PL2-0319_1_013928.md
PL2-0320,320,1.013925,Thủ tục ghi nhận người đại diện sở hữu công nghiệp,Sở hữu trí tuệ,Sở Khoa học và Công nghệ,Một phần,Cấp tỉnh,2,16,https://datafiles.hanoi.gov.vn/gov-hni/8123/VanBan/2026/4/22/QD%20492%20PL2.pdf,2026-04-14,False,False,PL2-0320_1_013925.md
PL2-0321,321,3.000463,Thủ tục Cấp lại giấy chứng nhận đăng ký cung cấp dịch vụ kiểm định. hiệu chuẩn. thử nghiệm phương tiện đo. chuẩn đo lường,Tiêu chuẩn đo lường chất lượng,Sở Khoa học và Công nghệ,Một phần,Cấp tỉnh,2,16,https://datafiles.hanoi.gov.vn/gov-hni/8123/VanBan/2026/4/22/QD%20492%20PL2.pdf,2026-04-14,False,False,PL2-0321_3_000463.md
PL2-0322,322,3.000450,Thủ tục cấp giấy chứng nhận đăng ký cung cấp dịch vụ kiểm định. hiệu chuẩn. thử nghiệm phương tiện đo. chuẩn đo lường,Tiêu chuẩn đo lường chất lượng,Sở Khoa học và Công nghệ,Một phần,Cấp tỉnh,2,16,https://datafiles.hanoi.gov.vn/gov-hni/8123/VanBan/2026/4/22/QD%20492%20PL2.pdf,2026-04-14,False,False,PL2-0322_3_000450.md
PL2-0323,323,1.013973,Thủ tục ra quyết định bắt buộc chuyển giao quyền sử dụng sáng chế,Sở hữu trí tuệ,Sở Khoa học và Công nghệ,Một phần,Cấp tỉnh,2,16,https://datafiles.hanoi.gov.vn/gov-hni/8123/VanBan/2026/4/22/QD%20492%20PL2.pdf,2026-04-14,False,False,PL2-0323_1_013973.md
PL2-0324,324,1.013968,Thủ tục đăng ký hợp đồng chuyển quyền sử dụng đối tượng sở hữu công nghiệp,Sở hữu trí tuệ,Sở Khoa học và Công nghệ,Một phần,Cấp tỉnh,2,16,https://datafiles.hanoi.gov.vn/gov-hni/8123/VanBan/2026/4/22/QD%20492%20PL2.pdf,2026-04-14,False,False,PL2-0324_1_013968.md
PL2-0325,325,1.013955,Thủ tục đăng ký dự kiểm tra nghiệp vụ đại diện sở hữu công nghiệp,Sở hữu trí tuệ,Sở Khoa học và Công nghệ,Một phần,Cấp tỉnh,2,16,https://datafiles.hanoi.gov.vn/gov-hni/8123/VanBan/2026/4/22/QD%20492%20PL2.pdf,2026-04-14,False,False,PL2-0325_1_013955.md
PL2-0326,326,2.002791,Cấp giấy công nhận tổ chức đủ điều kiện đào tạo. cấp chứng chỉ vô tuyến điện viên hàng hải,Tần số vô tuyến điện,Sở Khoa học và Công nghệ,Một phần,Cấp tỉnh,2,16,https://datafiles.hanoi.gov.vn/gov-hni/8123/VanBan/2026/4/22/QD%20492%20PL2.pdf,2026-04-14,False,False,PL2-0326_2_002791.md
PL2-0327,327,1.013935,Cấp giấy công nhận tổ chức đủ điều kiện cấp chứng chỉ vô tuyến điện nghiệp dư,Tần số vô tuyến điện,Sở Khoa học và Công nghệ,Một phần,Cấp tỉnh,2,16,https://datafiles.hanoi.gov.vn/gov-hni/8123/VanBan/2026/4/22/QD%20492%20PL2.pdf,2026-04-14,False,False,PL2-0327_1_013935.md
PL2-0328,328,1.013963,Thủ tục đăng ký dự kiểm tra nghiệp vụ giám định sở hữu công nghiệp,Sở hữu trí tuệ,Sở Khoa học và Công nghệ,Một phần,Cấp tỉnh,2,16,https://datafiles.hanoi.gov.vn/gov-hni/8123/VanBan/2026/4/22/QD%20492%20PL2.pdf,2026-04-14,False,False,PL2-0328_1_013963.md
PL2-0329,329,1.013924,Thủ tục ghi nhận tổ chức đủ điều kiện kinh doanh dịch vụ đại diện sở hữu công nghiệp,Sở hữu trí tuệ,Sở Khoa học và Công nghệ,Một phần,Cấp tỉnh,2,16,https://datafiles.hanoi.gov.vn/gov-hni/8123/VanBan/2026/4/22/QD%20492%20PL2.pdf,2026-04-14,False,False,PL2-0329_1_013924.md
PL2-0330,330,1.013919,Thủ tục cấp lại Chứng chỉ hành nghề dịch vụ đại diện sở hữu công nghiệp.,Sở hữu trí tuệ,Sở Khoa học và Công nghệ,Một phần,Cấp tỉnh,2,16,https://datafiles.hanoi.gov.vn/gov-hni/8123/VanBan/2026/4/22/QD%20492%20PL2.pdf,2026-04-14,False,False,PL2-0330_1_013919.md
PL2-0331,331,1.013916,Thủ tục cấp Chứng chỉ hành nghề dịch vụ đại diện sở hữu công nghiệp,Sở hữu trí tuệ,Sở Khoa học và Công nghệ,Một phần,Cấp tỉnh,2,16,https://datafiles.hanoi.gov.vn/gov-hni/8123/VanBan/2026/4/22/QD%20492%20PL2.pdf,2026-04-14,False,False,PL2-0331_1_013916.md
PL2-0332,332,1.013961,Thủ tục cấp Giấy chứng nhận doanh nghiệp công nghệ cao,Hoạt động khoa học và công nghệ,Sở Khoa học và Công nghệ,Một phần,Cấp tỉnh,2,16,https://datafiles.hanoi.gov.vn/gov-hni/8123/VanBan/2026/4/22/QD%20492%20PL2.pdf,2026-04-14,False,False,PL2-0332_1_013961.md
PL2-0333,333,1.011938,Thủ tục cấp lại Giấy chứng nhận tổ chức giám định sở hữu công nghiệp (cấp tỉnh),Sở hữu trí tuệ,Sở Khoa học và Công nghệ,Một phần,Cấp tỉnh,2,16,https://datafiles.hanoi.gov.vn/gov-hni/8123/VanBan/2026/4/22/QD%20492%20PL2.pdf,2026-04-14,False,False,PL2-0333_1_011938.md
PL2-0334,334,1.011937,Thủ tục cấp Giấy chứng nhận tổ chức giám định sở hữu công nghiệp (cấp tỉnh),Sở hữu trí tuệ,Sở Khoa học và Công nghệ,Một phần,Cấp tỉnh,2,16,https://datafiles.hanoi.gov.vn/gov-hni/8123/VanBan/2026/4/22/QD%20492%20PL2.pdf,2026-04-14,False,False,PL2-0334_1_011937.md
PL2-0335,335,1.012353,Thủ tục xác định dự án đầu tư có hoặc không sử dụng công nghệ lạc hậu. tiềm ẩn nguy cơ gây ô nhiễm môi trường. thâm dụng tài nguyên (trừ trường hợp thuộc thẩm quyền giải quyết của Bộ Khoa học và Công nghệ),Hoạt động khoa học và công nghệ,Sở Khoa học và Công nghệ,Một phần,Cấp tỉnh,2,16,https://datafiles.hanoi.gov.vn/gov-hni/8123/VanBan/2026/4/22/QD%20492%20PL2.pdf,2026-04-14,False,False,PL2-0335_1_012353.md
PL2-0336,336,2.001100,Thủ tục thay đổi. bổ sung phạm vi. lĩnh vực đánh giá sự phù hợp được chỉ định (cấp tỉnh),Tiêu chuẩn đo lường chất lượng,Sở Khoa học và Công nghệ,Một phần,Cấp tỉnh,2,16,https://datafiles.hanoi.gov.vn/gov-hni/8123/VanBan/2026/4/22/QD%20492%20PL2.pdf,2026-04-14,False,False,PL2-0336_2_001100.md
PL2-0337,337,2.001208,Thủ tục chỉ định tổ chức đánh giá sự phù hợp hoạt động thử nghiệm. giám định. kiểm định. chứng nhận,Tiêu chuẩn đo lường chất lượng,Sở Khoa học và Công nghệ,Một phần,Cấp tỉnh,2,16,https://datafiles.hanoi.gov.vn/gov-hni/8123/VanBan/2026/4/22/QD%20492%20PL2.pdf,2026-04-14,False,False,PL2-0337_2_001208.md
PL2-0338,338,2.002794,Cấp giấy chứng nhận doanh nghiệp thành lập mới từ dự án đầu tư sản xuất sản phẩm thuộc Danh mục sản phẩm công nghệ cao được khuyến khích phát triển,Hoạt động khoa học và công nghệ,Sở Khoa học và Công nghệ,Một phần,Cấp tỉnh,2,16,https://datafiles.hanoi.gov.vn/gov-hni/8123/VanBan/2026/4/22/QD%20492%20PL2.pdf,2026-04-14,False,False,PL2-0338_2_002794.md
PL2-0339,339,2.002795,Cấp giấy chứng nhận cơ sở ươm tạo công nghệ cao. ươm tạo doanh nghiệp công nghệ cao,Hoạt động khoa học và công nghệ,Sở Khoa học và Công nghệ,Một phần,Cấp tỉnh,2,16,https://datafiles.hanoi.gov.vn/gov-hni/8123/VanBan/2026/4/22/QD%20492%20PL2.pdf,2026-04-14,False,False,PL2-0339_2_002795.md
PL2-0340,340,1.014452,Thủ tục sửa đổi. chấm dứt Hợp đồng tài trợ thực hiện nhiệm vụ đổi mới sáng tạo,Hoạt động khoa học và công nghệ,Sở Khoa học và Công nghệ,Một phần,Cấp tỉnh,2,16,https://datafiles.hanoi.gov.vn/gov-hni/8123/VanBan/2026/4/22/QD%20492%20PL2.pdf,2026-04-14,False,False,PL2-0340_1_014452.md
PL2-0341,341,1.014525,Thủ tục xét tài trợ. đặt hàng nhiệm vụ khoa học. công nghệ và đổi mới sáng tạo,Hoạt động khoa học và công nghệ,Sở Khoa học và Công nghệ,Một phần,Cấp tỉnh,2,16,https://datafiles.hanoi.gov.vn/gov-hni/8123/VanBan/2026/4/22/QD%20492%20PL2.pdf,2026-04-14,False,False,PL2-0341_1_014525.md
PL2-0342,342,1.014526,Thủ tục thực hiện điều chỉnh. chấm dứt thực hiện hợp đồng nhiệm vụ khoa học. công nghệ và đổi mới sáng tạo,Hoạt động khoa học và công nghệ,Sở Khoa học và Công nghệ,Một phần,Cấp tỉnh,2,17,https://datafiles.hanoi.gov.vn/gov-hni/8123/VanBan/2026/4/22/QD%20492%20PL2.pdf,2026-04-14,False,False,PL2-0342_1_014526.md
PL2-0343,343,1.014677,Bổ sung Giấy phép tiến hành công việc bức xạ - sử dụng thiết bị Xquang chẩn đoán y tế. thiết bị chụp cắt lớp vi tính tích hợp với PET (PET/CT). SPECT (SPECT/CT). sử dụng thiết bị phát tia X (trừ thiết bị chụp ảnh phóng xạ công nghiệp).,An toàn bức xạ và hạt nhân,Sở Khoa học và Công nghệ,Một phần,Cấp tỉnh,2,17,https://datafiles.hanoi.gov.vn/gov-hni/8123/VanBan/2026/4/22/QD%20492%20PL2.pdf,2026-04-14,False,False,PL2-0343_1_014677.md
PL2-0344,344,1.014882,Thủ tục chứng nhận. cấp thẻ kiểm định viên đo lường,Tiêu chuẩn đo lường chất lượng (Bộ Khoa học và Công nghệ),Sở Khoa học và Công nghệ,Một phần,Cấp tỉnh,2,17,https://datafiles.hanoi.gov.vn/gov-hni/8123/VanBan/2026/4/22/QD%20492%20PL2.pdf,2026-04-14,False,False,PL2-0344_1_014882.md
PL2-0345,345,1.014879,Thủ tục chứng nhận chuẩn đo lường dùng trực tiếp để kiểm định phương tiện đo nhóm 2.,Tiêu chuẩn đo lường chất lượng (Bộ Khoa học và Công nghệ),Sở Khoa học và Công nghệ,Một phần,Cấp tỉnh,2,17,https://datafiles.hanoi.gov.vn/gov-hni/8123/VanBan/2026/4/22/QD%20492%20PL2.pdf,2026-04-14,False,False,PL2-0345_1_014879.md
PL2-0346,346,1.014680,Thủ tục tặng. truy tặng “Huy chương Thanh niên xung phong vẻ vang”,Thi đua - Khen thưởng,Sở Nội vụ,Một phần,Liên thông,2,17,https://datafiles.hanoi.gov.vn/gov-hni/8123/VanBan/2026/4/22/QD%20492%20PL2.pdf,2026-04-14,False,False,PL2-0346_1_014680.md
PL2-0347,347,1.014149,Thủ tục xét tặng danh hiệu vinh dự Nhà nước “Bà mẹ Việt Nam anh hùng”,Thi đua - Khen thưởng,Sở Nội vụ,Một phần,Liên thông,2,17,https://datafiles.hanoi.gov.vn/gov-hni/8123/VanBan/2026/4/22/QD%20492%20PL2.pdf,2026-04-14,False,False,PL2-0347_1_014149.md
PL2-0348,348,1.014150,Thủ tục xét truy tặng danh hiệu vinh dự Nhà nước “Bà mẹ Việt Nam anh hùng”,Thi đua - Khen thưởng,Sở Nội vụ,Một phần,Liên thông,2,17,https://datafiles.hanoi.gov.vn/gov-hni/8123/VanBan/2026/4/22/QD%20492%20PL2.pdf,2026-04-14,False,False,PL2-0348_1_014150.md
PL2-0349,349,1.013744,Giải quyết chế độ đối với quân nhân. cán bộ đi chiến trường B.C.K trong thời kỳ chống Mỹ cứu nước không có thân nhân phải trực tiếp nuôi dưỡng và quân nhân. cán bộ được đảng cử ở lại miền Nam hoạt động sau Hiệp định Giơnevơ năm 1954 đối với cán bộ dân. chính. đảng thuộc diện Trung ương quản lý,Người có công,Sở Nội vụ,Một phần,Liên thông,2,17,https://datafiles.hanoi.gov.vn/gov-hni/8123/VanBan/2026/4/22/QD%20492%20PL2.pdf,2026-04-14,False,False,PL2-0349_1_013744.md
PL2-0350,350,1.013745,Xác nhận và giải quyết chế độ ưu đãi người có công với cách mạng và thân nhân,Người có công,Sở Nội vụ,Một phần,Liên thông,2,17,https://datafiles.hanoi.gov.vn/gov-hni/8123/VanBan/2026/4/22/QD%20492%20PL2.pdf,2026-04-14,False,False,PL2-0350_1_013745.md
PL2-0351,351,1.010772,Cấp Bằng “Tổ quốc ghi công”,Người có công,Sở Nội vụ,Một phần,Liên thông,2,17,https://datafiles.hanoi.gov.vn/gov-hni/8123/VanBan/2026/4/22/QD%20492%20PL2.pdf,2026-04-14,False,False,PL2-0351_1_010772.md
PL2-0352,352,1.010773,Tổ chức phát động học tập tấm gương trong phạm vi cả nước đối với trường hợp hy sinh. bị thương quy định tại điểm k khoản 1 Điều 14 và điểm k khoản 1 Điều 23 Pháp lệnh,Người có công,Sở Nội vụ,Một phần,Liên thông,2,17,https://datafiles.hanoi.gov.vn/gov-hni/8123/VanBan/2026/4/22/QD%20492%20PL2.pdf,2026-04-14,False,False,PL2-0352_1_010773.md
PL2-0353,353,1.010774,Cấp Bằng “Tổ quốc ghi công” đối với người hy sinh nhưng chưa được cấp Bằng “Tổ quốc ghi công” mà thân nhân đã được giải quyết chế độ ưu đãi từ ngày 31 tháng 12 năm 1994 trở về trước,Người có công,Sở Nội vụ,Một phần,Liên thông,2,17,https://datafiles.hanoi.gov.vn/gov-hni/8123/VanBan/2026/4/22/QD%20492%20PL2.pdf,2026-04-14,False,False,PL2-0353_1_010774.md
PL2-0354,354,1.010778,Cấp lại Bằng “Tổ quốc ghi công”,Người có công,Sở Nội vụ,Một phần,Liên thông,2,17,https://datafiles.hanoi.gov.vn/gov-hni/8123/VanBan/2026/4/22/QD%20492%20PL2.pdf,2026-04-14,False,False,PL2-0354_1_010778.md
PL2-0355,355,1.010781,Cấp Bằng “Tổ quốc ghi công” đối với người hy sinh hoặc mất tích trong chiến tranh,Người có công,Sở Nội vụ,Một phần,Liên thông,2,17,https://datafiles.hanoi.gov.vn/gov-hni/8123/VanBan/2026/4/22/QD%20492%20PL2.pdf,2026-04-14,False,False,PL2-0355_1_010781.md
PL2-0356,356,1.010783,Tiếp nhận người có công vào cơ sở nuôi dưỡng. điều dưỡng người có công do Bộ Nội vụ quản lý,Người có công,Sở Nội vụ,Một phần,Liên thông,2,17,https://datafiles.hanoi.gov.vn/gov-hni/8123/VanBan/2026/4/22/QD%20492%20PL2.pdf,2026-04-14,False,False,PL2-0356_1_010783.md
PL2-0357,357,1.010775,Cấp “Bằng Tổ quốc ghi công” đối với người hy sinh thuộc các trường hợp quy định tại Điều 14 Pháp lệnh nhưng chưa được cấp “Bằng Tổ quốc ghi công” mà thân nhân đã được giải quyết chế độ ưu đãi từ ngày 01/01/1995 đến ngày 30/9/2006,Người có công,Sở Nội vụ,Một phần,Liên thông,2,17,https://datafiles.hanoi.gov.vn/gov-hni/8123/VanBan/2026/4/22/QD%20492%20PL2.pdf,2026-04-14,False,False,PL2-0357_1_010775.md
PL2-0358,358,1.010777,"Cấp đổi Bằng “Tổ quốc ghi công""",Người có công,Sở Nội vụ,Một phần,Liên thông,2,17,https://datafiles.hanoi.gov.vn/gov-hni/8123/VanBan/2026/4/22/QD%20492%20PL2.pdf,2026-04-14,False,False,PL2-0358_1_010777.md
PL2-0359,359,1.013749,Giải quyết chế độ đối với quân nhân. cán bộ đi chiến trường B.C.K trong thời kỳ chống Mỹ cứu nước không có thân nhân phải trực tiếp nuôi dưỡng và quân nhân. cán bộ được đảng cử ở lại miền Nam hoạt động sau Hiệp định Giơnevơ năm 1954 đối với cán bộ dân. chính. đảng,Người có công,Sở Nội vụ,Một phần,Cấp tỉnh,2,18,https://datafiles.hanoi.gov.vn/gov-hni/8123/VanBan/2026/4/22/QD%20492%20PL2.pdf,2026-04-14,False,False,PL2-0359_1_013749.md
PL2-0360,360,2.001396,Trợ cấp hàng tháng đối với thanh niên xung phong đã hoàn thành nhiệm vụ trong kháng chiến,Người có công,Sở Nội vụ,Một phần,Cấp tỉnh,2,18,https://datafiles.hanoi.gov.vn/gov-hni/8123/VanBan/2026/4/22/QD%20492%20PL2.pdf,2026-04-14,False,False,PL2-0360_2_001396.md
PL2-0361,361,1.013746,Xác định danh tính hài cốt liệt sĩ còn thiếu thông tin bằng phương pháp thực chứng,Người có công,Sở Nội vụ,Một phần,Cấp tỉnh,2,18,https://datafiles.hanoi.gov.vn/gov-hni/8123/VanBan/2026/4/22/QD%20492%20PL2.pdf,2026-04-14,False,False,PL2-0361_1_013746.md
PL2-0362,362,1.013747,Lấy mẫu để giám định ADN xác định danh tính hài cốt liệt sĩ còn thiếu thông tin,Người có công,Sở Nội vụ,Một phần,Cấp tỉnh,2,18,https://datafiles.hanoi.gov.vn/gov-hni/8123/VanBan/2026/4/22/QD%20492%20PL2.pdf,2026-04-14,False,False,PL2-0362_1_013747.md
PL2-0363,363,1.013748,Khám giám định lại tỷ lệ tổn thương cơ thể đối với thương binh không công tác trong quân đội. công an. người hưởng chính sách như thương binh có vết thương đặc biệt tái phát và điều chỉnh chế độ,Người có công,Sở Nội vụ,Một phần,Cấp tỉnh,2,18,https://datafiles.hanoi.gov.vn/gov-hni/8123/VanBan/2026/4/22/QD%20492%20PL2.pdf,2026-04-14,False,False,PL2-0363_1_013748.md
PL2-0364,364,1.010810,Công nhận đối với người bị thương trong chiến tranh không thuộc quân đội. công an,Người có công,Sở Nội vụ,Một phần,Cấp tỉnh,2,18,https://datafiles.hanoi.gov.vn/gov-hni/8123/VanBan/2026/4/22/QD%20492%20PL2.pdf,2026-04-14,False,False,PL2-0364_1_010810.md
PL2-0365,365,1.010812,Tiếp nhận người có công vào cơ sở nuôi dưỡng. điều dưỡng người có công do Thành phố quản lý,Người có công,Sở Nội vụ,Một phần,Cấp tỉnh,2,18,https://datafiles.hanoi.gov.vn/gov-hni/8123/VanBan/2026/4/22/QD%20492%20PL2.pdf,2026-04-14,False,False,PL2-0365_1_010812.md
PL2-0366,366,1.010806,Công nhận thương binh. người hưởng chính sách như thương binh,Người có công,Sở Nội vụ,Một phần,Cấp tỉnh,2,18,https://datafiles.hanoi.gov.vn/gov-hni/8123/VanBan/2026/4/22/QD%20492%20PL2.pdf,2026-04-14,False,False,PL2-0366_1_010806.md
PL2-0367,367,1.010807,Khám giám định lại tỷ lệ tổn thương cơ thể đối với trường hợp còn sót vết thương. còn sót mảnh kim khí hoặc có tỷ lệ tổn thương cơ thể tạm thời hoặc khám giám định bổ sung vết thương và điều chỉnh chế độ đối với trường hợp không tại ngũ. công tác trong quân đội. công an,Người có công,Sở Nội vụ,Một phần,Cấp tỉnh,2,18,https://datafiles.hanoi.gov.vn/gov-hni/8123/VanBan/2026/4/22/QD%20492%20PL2.pdf,2026-04-14,False,False,PL2-0367_1_010807.md
PL2-0368,368,1.010815,Công nhận và giải quyết chế độ ưu đãi người hoạt động cách mạng,Người có công,Sở Nội vụ,Một phần,Cấp tỉnh,2,18,https://datafiles.hanoi.gov.vn/gov-hni/8123/VanBan/2026/4/22/QD%20492%20PL2.pdf,2026-04-14,False,False,PL2-0368_1_010815.md
PL2-0369,369,1.010823,Hưởng lại chế độ ưu đãi,Người có công,Sở Nội vụ,Một phần,Cấp tỉnh,2,18,https://datafiles.hanoi.gov.vn/gov-hni/8123/VanBan/2026/4/22/QD%20492%20PL2.pdf,2026-04-14,False,False,PL2-0369_1_010823.md
PL2-0370,370,1.010813,Đưa người có công đối với trường hợp đang được nuôi dưỡng tại cơ sở nuôi dưỡng. điều dưỡng người có công do Thành phố quản lý về nuôi dưỡng tại gia đình,Người có công,Sở Nội vụ,Một phần,Cấp tỉnh,2,18,https://datafiles.hanoi.gov.vn/gov-hni/8123/VanBan/2026/4/22/QD%20492%20PL2.pdf,2026-04-14,False,False,PL2-0370_1_010813.md
PL2-0371,371,1.010822,Giải quyết phụ cấp đặc biệt hằng tháng đối với thương binh có tỷ lệ tổn thương cơ thể từ 81% trở lên. bệnh binh có tỷ lệ tổn thương cơ thể từ 81% trở lên,Người có công,Sở Nội vụ,Một phần,Cấp xã,2,18,https://datafiles.hanoi.gov.vn/gov-hni/8123/VanBan/2026/4/22/QD%20492%20PL2.pdf,2026-04-14,False,False,PL2-0371_1_010822.md
PL2-0372,372,1.010805,Giải quyết chế độ ưu đãi đối với Anh hùng lực lượng vũ trang nhân dân. Anh hùng lao động trong thời kỳ kháng chiến hiện không công tác trong quân đội. công an,Người có công,Sở Nội vụ,Một phần,Cấp xã,2,18,https://datafiles.hanoi.gov.vn/gov-hni/8123/VanBan/2026/4/22/QD%20492%20PL2.pdf,2026-04-14,False,False,PL2-0372_1_010805.md
PL2-0373,373,1.013337,Đăng ký công bố hợp quy đối với các sản phẩm. hàng hóa được quản lý bởi các quy chuẩn kỹ thuật quốc gia do Bộ Nội vụ ban hành,Việc làm,Sở Nội vụ,Một phần,Cấp tỉnh,2,18,https://datafiles.hanoi.gov.vn/gov-hni/8123/VanBan/2026/4/22/QD%20492%20PL2.pdf,2026-04-14,False,False,PL2-0373_1_013337.md
PL2-0374,374,2.002341,Thủ tục giải quyết chế độ bảo hiểm tai nạn lao động. bệnh nghề nghiệp của người lao động giao kết hợp đồng lao động với nhiều người sử dụng lao động. gồm: Hỗ trợ chuyển đổi nghề nghiệp; khám bệnh. chữa bệnh nghề nghiệp; phục hồi chức năng lao động.,An toàn. VSLĐ,Sở Nội vụ,Một phần,Cấp tỉnh,2,18,https://datafiles.hanoi.gov.vn/gov-hni/8123/VanBan/2026/4/22/QD%20492%20PL2.pdf,2026-04-14,False,False,PL2-0374_2_002341.md
PL2-0375,375,2.002343,Thủ tục hỗ trợ chi phí khám. chữa bệnh nghề nghiệp cho người lao động phát hiện bị bệnh nghề nghiệp khi đã nghỉ hưu hoặc không còn làm việc trong các nghề. công việc có nguy cơ bị bệnh nghề nghiệp.,An toàn. VSLĐ,Sở Nội vụ,Một phần,Cấp tỉnh,2,18,https://datafiles.hanoi.gov.vn/gov-hni/8123/VanBan/2026/4/22/QD%20492%20PL2.pdf,2026-04-14,False,False,PL2-0375_2_002343.md
PL2-0376,376,2.000134,Khai báo với Sở Nội vụ địa phương khi đưa vào sử dụng các loại máy. thiết bị. vật tư có yêu cầu nghiêm ngặt về an toàn lao động,An toàn. VSLĐ,Sở Nội vụ,Một phần,Cấp xã,2,18,https://datafiles.hanoi.gov.vn/gov-hni/8123/VanBan/2026/4/22/QD%20492%20PL2.pdf,2026-04-14,False,False,PL2-0376_2_000134.md
PL2-0377,377,1.013730,Nhận lại tiền ký quỹ của doanh nghiệp đưa người lao động đi đào tạo. nâng cao trình độ. kỹ năng nghề ở nước ngoài (hợp đồng từ 90 ngày trở lên),Quản lý lao động ngoài nước,Sở Nội vụ,Một phần,Cấp tỉnh,2,18,https://datafiles.hanoi.gov.vn/gov-hni/8123/VanBan/2026/4/22/QD%20492%20PL2.pdf,2026-04-14,False,False,PL2-0377_1_013730.md
PL2-0378,378,1.013725,Nhận lại tiền ký quỹ của doanh nghiệp đưa người lao động đi đào tạo. nâng cao trình độ. kỹ năng nghề ở nước ngoài (hợp đồng dưới 90 ngày),Quản lý lao động ngoài nước,Sở Nội vụ,Một phần,Cấp xã,2,18,https://datafiles.hanoi.gov.vn/gov-hni/8123/VanBan/2026/4/22/QD%20492%20PL2.pdf,2026-04-14,False,False,PL2-0378_1_013725.md
PL2-0379,379,1.014111,Thi tuyển công chức,công chức viên chức,Sở Nội vụ,Một phần,Cấp tỉnh,2,19,https://datafiles.hanoi.gov.vn/gov-hni/8123/VanBan/2026/4/22/QD%20492%20PL2.pdf,2026-04-14,False,False,PL2-0379_1_014111.md
PL2-0380,380,1.014113,Xét tuyển công chức,công chức viên chức,Sở Nội vụ,Một phần,Cấp tỉnh,2,19,https://datafiles.hanoi.gov.vn/gov-hni/8123/VanBan/2026/4/22/QD%20492%20PL2.pdf,2026-04-14,False,False,PL2-0380_1_014113.md
PL2-0381,381,1.014116,Tiếp nhận vào làm công chức đối với người không giữ chức vụ lãnh đạo. quản lý,công chức viên chức,Sở Nội vụ,Một phần,Cấp tỉnh,2,19,https://datafiles.hanoi.gov.vn/gov-hni/8123/VanBan/2026/4/22/QD%20492%20PL2.pdf,2026-04-14,False,False,PL2-0381_1_014116.md
PL2-0382,382,1.012299,Thi tuyển viên chức,công chức viên chức,Sở Nội vụ,Một phần,Cấp tỉnh,2,19,https://datafiles.hanoi.gov.vn/gov-hni/8123/VanBan/2026/4/22/QD%20492%20PL2.pdf,2026-04-14,False,False,PL2-0382_1_012299.md
PL2-0383,383,1.012300,Xét tuyển viên chức,công chức viên chức,Sở Nội vụ,Một phần,Cấp tỉnh,2,19,https://datafiles.hanoi.gov.vn/gov-hni/8123/VanBan/2026/4/22/QD%20492%20PL2.pdf,2026-04-14,False,False,PL2-0383_1_012300.md
PL2-0384,384,1.012301,Tiếp nhận vào làm viên chức,công chức viên chức,Sở Nội vụ,Một phần,Cấp tỉnh,2,19,https://datafiles.hanoi.gov.vn/gov-hni/8123/VanBan/2026/4/22/QD%20492%20PL2.pdf,2026-04-14,False,False,PL2-0384_1_012301.md
PL2-0385,385,1.013702,Thủ tục công nhận ban vận động thành lập hội.,Hội,Sở Nội vụ,Một phần,Cấp xã,2,19,https://datafiles.hanoi.gov.vn/gov-hni/8123/VanBan/2026/4/22/QD%20492%20PL2.pdf,2026-04-14,False,False,PL2-0385_1_013702.md
PL2-0386,386,1.013703,Thủ tục thành lập hội.,Hội,Sở Nội vụ,Một phần,Cấp xã,2,19,https://datafiles.hanoi.gov.vn/gov-hni/8123/VanBan/2026/4/22/QD%20492%20PL2.pdf,2026-04-14,False,False,PL2-0386_1_013703.md
PL2-0387,387,1.013706,Thủ tục thông báo kết quả đại hội và phê duyệt đổi tên hội. phê duyệt điều lệ hội.,Hội,Sở Nội vụ,Một phần,Cấp xã,2,19,https://datafiles.hanoi.gov.vn/gov-hni/8123/VanBan/2026/4/22/QD%20492%20PL2.pdf,2026-04-14,False,False,PL2-0387_1_013706.md
PL2-0388,388,1.013707,Thủ tục chia. tách; sát nhập; hợp nhất hội.,Hội,Sở Nội vụ,Một phần,Cấp xã,2,19,https://datafiles.hanoi.gov.vn/gov-hni/8123/VanBan/2026/4/22/QD%20492%20PL2.pdf,2026-04-14,False,False,PL2-0388_1_013707.md
PL2-0389,389,1.013708,Thủ tục hội tự giải thể.,Hội,Sở Nội vụ,Một phần,Cấp xã,2,19,https://datafiles.hanoi.gov.vn/gov-hni/8123/VanBan/2026/4/22/QD%20492%20PL2.pdf,2026-04-14,False,False,PL2-0389_1_013708.md
PL2-0390,390,1.013709,Thủ tục cho phép hội hoạt động trở lại sau khi bị đình chỉ có thời hạn,Hội,Sở Nội vụ,Một phần,Cấp xã,2,19,https://datafiles.hanoi.gov.vn/gov-hni/8123/VanBan/2026/4/22/QD%20492%20PL2.pdf,2026-04-14,False,False,PL2-0390_1_013709.md
PL2-0391,391,1.013710,Thủ tục hỗ trợ chi phí y tế và thu nhập thực tế bị mất hoặc giảm sút cho người đang trực tiếp tham gia hoạt động chữ thập đỏ bị tai nạn dẫn đến thiệt hại về sức khỏe,Hội,Sở Nội vụ,Một phần,Cấp xã,2,19,https://datafiles.hanoi.gov.vn/gov-hni/8123/VanBan/2026/4/22/QD%20492%20PL2.pdf,2026-04-14,False,False,PL2-0391_1_013710.md
PL2-0392,392,1.013932,Sử dụng tài liệu lưu trữ tại lưu trữ lịch sử của Nhà nước,Lưu trữ,Sở Nội vụ,Một phần,Cấp tỉnh,2,19,https://datafiles.hanoi.gov.vn/gov-hni/8123/VanBan/2026/4/22/QD%20492%20PL2.pdf,2026-04-14,False,False,PL2-0392_1_013932.md
PL2-0393,393,1.013934,Cấp. cấp lại Giấy chứng nhận đủ điều kiện kinh doanh dịch vụ lưu trữ,Lưu trữ,Sở Nội vụ,Một phần,Cấp tỉnh,2,19,https://datafiles.hanoi.gov.vn/gov-hni/8123/VanBan/2026/4/22/QD%20492%20PL2.pdf,2026-04-14,False,False,PL2-0393_1_013934.md
PL2-0394,394,1.013937,Công nhận tài liệu lưu trữ có giá trị đặc biệt,Lưu trữ,Sở Nội vụ,Một phần,Cấp tỉnh,2,19,https://datafiles.hanoi.gov.vn/gov-hni/8123/VanBan/2026/4/22/QD%20492%20PL2.pdf,2026-04-14,False,False,PL2-0394_1_013937.md
PL2-0395,395,1.014319,Thủ tục tuyển chọn Kiến trúc sư trưởng cấp Tỉnh. Dự án,Lao động,Sở Nội vụ,Một phần,Cấp tỉnh,2,19,https://datafiles.hanoi.gov.vn/gov-hni/8123/VanBan/2026/4/22/QD%20492%20PL2.pdf,2026-04-14,False,False,PL2-0395_1_014319.md
PL2-0396,396,1.014352,Thủ tục Tuyển chọn chuyên gia,Lao động,Sở Nội vụ,Một phần,Cấp tỉnh,2,19,https://datafiles.hanoi.gov.vn/gov-hni/8123/VanBan/2026/4/22/QD%20492%20PL2.pdf,2026-04-14,False,False,PL2-0396_1_014352.md
PL2-0397,397,1.014359,Giải quyết chế độ mai táng phí đối với dân công hỏa tuyến tham gia kháng chiến chống Pháp. chống Mỹ. chiến tranh bảo vệ Tổ quốc và làm nhiệm vụ quốc tế,Người có công,Sở Nội vụ,Một phần,Cấp xã,2,19,https://datafiles.hanoi.gov.vn/gov-hni/8123/VanBan/2026/4/22/QD%20492%20PL2.pdf,2026-04-14,False,False,PL2-0397_1_014359.md
PL2-0398,398,3.000502,Thẩm định. phê duyệt hoặc điều chỉnh phương án nuôi. trồng phát triển. thu hoạch cây dược liệu trong rừng đối với chủ rừng là hộ gia đình. cá nhân. cộng đồng dân cư,Lâm nghiệp,Sở Nông nghiệp và Môi trường,Một phần,Cấp xã,2,19,https://datafiles.hanoi.gov.vn/gov-hni/8123/VanBan/2026/4/22/QD%20492%20PL2.pdf,2026-04-14,False,False,PL2-0398_3_000502.md
PL2-0399,399,3.000501,Thẩm định. phê duyệt hoặc điều chỉnh phương án nuôi. trồng phát triển. thu hoạch cây dược liệu trong rừng đối với chủ rừng là tổ chức thuộc địa phương quản lý,Lâm nghiệp,Sở Nông nghiệp và Môi trường,Một phần,Cấp tỉnh,2,19,https://datafiles.hanoi.gov.vn/gov-hni/8123/VanBan/2026/4/22/QD%20492%20PL2.pdf,2026-04-14,False,False,PL2-0399_3_000501.md
PL2-0400,400,1.003058,Gia hạn chỉ định cơ sở kiểm nghiệm thực phẩm phục vụ quản lý nhà nước,Quản lý chất lượng nông lâm sản và thủy sản,Sở Nông nghiệp và Môi trường,Một phần,Cấp tỉnh,2,19,https://datafiles.hanoi.gov.vn/gov-hni/8123/VanBan/2026/4/22/QD%20492%20PL2.pdf,2026-04-14,False,False,PL2-0400_1_003058.md
PL2-0401,401,1.013967,Giải quyết tranh chấp đất đai thuộc thẩm quyền của Chủ tịch Ủy ban nhân dân cấp xã,Đất đai,Sở Nông nghiệp và Môi trường,Một phần,Cấp xã,2,19,https://datafiles.hanoi.gov.vn/gov-hni/8123/VanBan/2026/4/22/QD%20492%20PL2.pdf,2026-04-14,False,False,PL2-0401_1_013967.md
PL2-0402,402,1.003082,Chỉ định cơ sở kiểm nghiệm thực phẩm đã được công nhận theo Tiêu chuẩn quốc gia TCVN ISO/IEC 17025: 2007 hoặc Tiêu chuẩn quốc tế ISO/IEC 17025: 2005,Quản lý chất lượng nông lâm sản và thủy sản,Sở Nông nghiệp và Môi trường,Một phần,Cấp tỉnh,2,19,https://datafiles.hanoi.gov.vn/gov-hni/8123/VanBan/2026/4/22/QD%20492%20PL2.pdf,2026-04-14,False,False,PL2-0402_1_003082.md
PL2-0403,403,1.002996,Miễn kiểm tra giám sát cơ sở kiểm nghiệm thực phẩm,Quản lý chất lượng nông lâm sản và thủy sản,Sở Nông nghiệp và Môi trường,Một phần,Cấp tỉnh,2,19,https://datafiles.hanoi.gov.vn/gov-hni/8123/VanBan/2026/4/22/QD%20492%20PL2.pdf,2026-04-14,False,False,PL2-0403_1_002996.md
PL2-0404,404,2.001254,Thay đổi. bổ sung phạm vi chỉ định cơ sở kiểm nghiệm phục vụ quản lý nhà nước,Quản lý chất lượng nông lâm sản và thủy sản,Sở Nông nghiệp và Môi trường,Một phần,Cấp tỉnh,2,20,https://datafiles.hanoi.gov.vn/gov-hni/8123/VanBan/2026/4/22/QD%20492%20PL2.pdf,2026-04-14,False,False,PL2-0404_2_001254.md
PL2-0405,405,1.003111,Chỉ định cơ sở kiểm nghiệm thực phẩm phục vụ quản lý nhà nước,Quản lý chất lượng nông lâm sản và thủy sản,Sở Nông nghiệp và Môi trường,Một phần,Cấp tỉnh,2,20,https://datafiles.hanoi.gov.vn/gov-hni/8123/VanBan/2026/4/22/QD%20492%20PL2.pdf,2026-04-14,False,False,PL2-0405_1_003111.md
PL2-0406,406,1.013863,Phê duyệt kế hoạch tác động vào thời tiết trong địa giới hành chính của tỉnh,Khí tượng. thủy văn,Sở Nông nghiệp và Môi trường,Một phần,Cấp tỉnh,2,20,https://datafiles.hanoi.gov.vn/gov-hni/8123/VanBan/2026/4/22/QD%20492%20PL2.pdf,2026-04-14,False,False,PL2-0406_1_013863.md
PL2-0407,407,2.001726,Sửa đổi. bổ sung/cấp lại Giấy chứng nhận lưu hành tự do (CFS) đối với hàng hóa xuất khẩu thuộc phạm vi quản lý của Bộ Nông nghiệp và Môi trường,Quản lý chất lượng nông lâm sản và thủy sản,Sở Nông nghiệp và Môi trường,Một phần,Cấp tỉnh,2,20,https://datafiles.hanoi.gov.vn/gov-hni/8123/VanBan/2026/4/22/QD%20492%20PL2.pdf,2026-04-14,False,False,PL2-0407_2_001726.md
PL2-0408,408,1.013861,Phê duyệt nội dung trao đổi thông tin. dữ liệu khí tượng thủy văn. giám sát biến đổi khí hậu với tổ chức quốc tế. tổ chức. cá nhân nước ngoài không thuộc điều ước quốc tế mà Cộng hòa xã hội chủ nghĩa Việt Nam là thành viên đối với thông tin. dữ liệu khí tượng thủy văn. giám sát biến đổi khí hậu trong địa giới hành chính của tỉnh,Khí tượng. thủy văn,Sở Nông nghiệp và Môi trường,Một phần,Cấp tỉnh,2,20,https://datafiles.hanoi.gov.vn/gov-hni/8123/VanBan/2026/4/22/QD%20492%20PL2.pdf,2026-04-14,False,False,PL2-0408_1_013861.md
PL2-0409,409,2.001730,Cấp Giấy chứng nhận lưu hành tự do (CFS) đối với hàng hóa xuất khẩu thuộc phạm vi quản lý của Bộ Nông nghiệp và Môi trường,Quản lý chất lượng nông lâm sản và thủy sản,Sở Nông nghiệp và Môi trường,Một phần,Cấp tỉnh,2,20,https://datafiles.hanoi.gov.vn/gov-hni/8123/VanBan/2026/4/22/QD%20492%20PL2.pdf,2026-04-14,False,False,PL2-0409_2_001730.md
PL2-0410,410,1.000071,Phê duyệt chương trình. dự án và hoạt động phi dự án được hỗ trợ tài chính của Quỹ bảo vệ và phát triển rừng cấp tỉnh,Lâm nghiệp,Sở Nông nghiệp và Môi trường,Một phần,Cấp tỉnh,2,20,https://datafiles.hanoi.gov.vn/gov-hni/8123/VanBan/2026/4/22/QD%20492%20PL2.pdf,2026-04-14,False,False,PL2-0410_1_000071.md
PL2-0411,411,2.002750,Công bố Danh mục khu đất dự kiến thực hiện dự án thí điểm thực hiện dự án nhà ở thương mại thông qua thỏa thuận về nhận quyền sử dụng đất hoặc đang có quyền sử dụng đất,Đất đai,Sở Nông nghiệp và Môi trường,Một phần,Cấp tỉnh,2,20,https://datafiles.hanoi.gov.vn/gov-hni/8123/VanBan/2026/4/22/QD%20492%20PL2.pdf,2026-04-14,False,False,PL2-0411_2_002750.md
PL2-0412,412,1.012835,Đề nghị thanh toán kinh phí hỗ trợ đối với các chính sách nâng cao hiệu quả chăn nuôi,Chăn nuôi,Sở Nông nghiệp và Môi trường,Một phần,Cấp tỉnh,2,20,https://datafiles.hanoi.gov.vn/gov-hni/8123/VanBan/2026/4/22/QD%20492%20PL2.pdf,2026-04-14,False,False,PL2-0412_1_012835.md
PL2-0413,413,1.012812,Hòa giải tranh chấp đất đai,Đất đai,Sở Nông nghiệp và Môi trường,Một phần,Cấp xã,2,20,https://datafiles.hanoi.gov.vn/gov-hni/8123/VanBan/2026/4/22/QD%20492%20PL2.pdf,2026-04-14,False,False,PL2-0413_1_012812.md
PL2-0414,414,1.012805,Giải quyết tranh chấp đất đai thuộc thẩm quyền của Chủ tịch Ủy ban nhân cấp tỉnh,Đất đai,Sở Nông nghiệp và Môi trường,Một phần,Cấp tỉnh,2,20,https://datafiles.hanoi.gov.vn/gov-hni/8123/VanBan/2026/4/22/QD%20492%20PL2.pdf,2026-04-14,False,False,PL2-0414_1_012805.md
PL2-0415,415,1.012837,Phê duyệt hỗ trợ kinh phí đào tạo. tập huấn để chuyển đổi từ chăn nuôi sang các nghề khác; chi phí cho cá nhân được đào tạo về kỹ thuật phối giống nhân tạo gia súc (trâu. bò); chi phí mua bình chứa Nitơ lỏng bảo quản tinh cho người làm dịch vụ phối giống nhân tạo gia súc (trâu. bò) đối với các chính sách sử dụng vốn sự nghiệp nguồn ngân sách nhà nước,Chăn nuôi,Sở Nông nghiệp và Môi trường,Một phần,Cấp xã,2,20,https://datafiles.hanoi.gov.vn/gov-hni/8123/VanBan/2026/4/22/QD%20492%20PL2.pdf,2026-04-14,False,False,PL2-0415_1_012837.md
PL2-0416,416,1.012836,Hỗ trợ chi phí về vật tư phối giống nhân tạo gia súc gồm tinh đông lạnh. Nitơ lỏng. găng tay và dụng cụ dẫn tinh để phối giống cho trâu. bò cái; chi phí về liều tinh để thực hiện phối giống cho lợn nái. công cho người làm dịch vụ phối giống nhân tạo gia súc (trâu. bò),Chăn nuôi,Sở Nông nghiệp và Môi trường,Một phần,Cấp xã,2,20,https://datafiles.hanoi.gov.vn/gov-hni/8123/VanBan/2026/4/22/QD%20492%20PL2.pdf,2026-04-14,False,False,PL2-0416_1_012836.md
PL2-0417,417,1.012834,Quyết định hỗ trợ đối với các chính sách nâng cao hiệu quả chăn nuôi sử dụng vốn sự nghiệp nguồn ngân sách nhà nước,Chăn nuôi,Sở Nông nghiệp và Môi trường,Một phần,Cấp tỉnh,2,20,https://datafiles.hanoi.gov.vn/gov-hni/8123/VanBan/2026/4/22/QD%20492%20PL2.pdf,2026-04-14,False,False,PL2-0417_1_012834.md
PL2-0418,418,1.012833,Quyết định hỗ trợ đầu tư dự án nâng cao hiệu quả chăn nuôi đối với các chính sách hỗ trợ đầu tư theo Luật Đầu tư công,Chăn nuôi,Sở Nông nghiệp và Môi trường,Một phần,Cấp tỉnh,2,20,https://datafiles.hanoi.gov.vn/gov-hni/8123/VanBan/2026/4/22/QD%20492%20PL2.pdf,2026-04-14,False,False,PL2-0418_1_012833.md
PL2-0419,419,1.012832,Đề xuất hỗ trợ đầu tư dự án nâng cao hiệu quả chăn nuôi đối với các chính sách hỗ trợ đầu tư theo Luật Đầu tư công,Chăn nuôi,Sở Nông nghiệp và Môi trường,Một phần,Cấp tỉnh,2,20,https://datafiles.hanoi.gov.vn/gov-hni/8123/VanBan/2026/4/22/QD%20492%20PL2.pdf,2026-04-14,False,False,PL2-0419_1_012832.md
PL2-0420,420,1.012695,Quyết định thu hồi rừng đối với hộ gia đình. cá nhân và cộng đồng dân cư tự nguyện trả lại rừng,Kiểm lâm,Sở Nông nghiệp và Môi trường,Một phần,Cấp xã,2,20,https://datafiles.hanoi.gov.vn/gov-hni/8123/VanBan/2026/4/22/QD%20492%20PL2.pdf,2026-04-14,False,False,PL2-0420_1_012695.md
PL2-0421,421,1.012691,Quyết định thu hồi rừng đối với tổ chức tự nguyện trả lại rừng,Kiểm lâm,Sở Nông nghiệp và Môi trường,Một phần,Cấp tỉnh,2,20,https://datafiles.hanoi.gov.vn/gov-hni/8123/VanBan/2026/4/22/QD%20492%20PL2.pdf,2026-04-14,False,False,PL2-0421_1_012691.md
PL2-0422,422,3.000250,Phê duyệt hoặc điều chỉnh phương án quản lý rừng bền vững của chủ rừng là hộ gia đình. cá nhân. cộng đồng dân cư hoặc hộ gia đình cá nhân liên kết thành nhóm hộ. tổ hợp tác trường hợp có tổ chức các hoạt động du lịch sinh thái,Lâm nghiệp,Sở Nông nghiệp và Môi trường,Một phần,Cấp xã,2,21,https://datafiles.hanoi.gov.vn/gov-hni/8123/VanBan/2026/4/22/QD%20492%20PL2.pdf,2026-04-14,False,False,PL2-0422_3_000250.md
PL2-0423,423,1.011647,Công nhận vùng nông nghiệp ứng dụng cao,Khoa học và Công nghệ,Sở Nông nghiệp và Môi trường,Một phần,Cấp tỉnh,2,21,https://datafiles.hanoi.gov.vn/gov-hni/8123/VanBan/2026/4/22/QD%20492%20PL2.pdf,2026-04-14,False,False,PL2-0423_1_011647.md
PL2-0424,424,1.011470,Phê duyệt Phương án khai thác gỗ. thực vật rừng ngoài gỗ loài thông thường thuộc thẩm quyền giải quyết của Sở Nông nghiệp và Môi trường hoặc Cơ quan có thẩm quyền phê duyệt nguồn vốn trồng rừng,Lâm nghiệp,Sở Nông nghiệp và Môi trường,Một phần,Cấp tỉnh,2,21,https://datafiles.hanoi.gov.vn/gov-hni/8123/VanBan/2026/4/22/QD%20492%20PL2.pdf,2026-04-14,False,False,PL2-0424_1_011470.md
PL2-0425,425,1.011471,Phê duyệt Phương án khai thác gỗ. thực vật rừng ngoài gỗ loài thông thường thuộc thẩm quyền giải quyết của Ủy ban nhân dân cấp xã,Lâm nghiệp,Sở Nông nghiệp và Môi trường,Một phần,Cấp xã,2,21,https://datafiles.hanoi.gov.vn/gov-hni/8123/VanBan/2026/4/22/QD%20492%20PL2.pdf,2026-04-14,False,False,PL2-0425_1_011471.md
PL2-0426,426,1.000058,Miễn. giảm tiền dịch vụ môi trường rừng (đối với bên sử dụng dịch vụ môi trường rừng trong phạm vi địa giới hành chính của một tỉnh),Lâm nghiệp,Sở Nông nghiệp và Môi trường,Một phần,Cấp tỉnh,2,21,https://datafiles.hanoi.gov.vn/gov-hni/8123/VanBan/2026/4/22/QD%20492%20PL2.pdf,2026-04-14,False,False,PL2-0426_1_000058.md
PL2-0427,427,1.009478,Đăng ký công bố hợp quy đối với các sản phẩm. hàng hóa sản xuất trong nước được quản lý bởi các quy chuẩn kỹ thuật quốc gia do Bộ Nông nghiệp và Môi trường ban hành,Khoa học và Công nghệ,Sở Nông nghiệp và Môi trường,Một phần,Cấp tỉnh,2,21,https://datafiles.hanoi.gov.vn/gov-hni/8123/VanBan/2026/4/22/QD%20492%20PL2.pdf,2026-04-14,False,False,PL2-0427_1_009478.md
PL2-0428,428,1.003371,Công nhận lại doanh nghiệp nông nghiệp ứng dụng công nghệ cao,Khoa học và Công nghệ,Sở Nông nghiệp và Môi trường,Một phần,Cấp tỉnh,2,21,https://datafiles.hanoi.gov.vn/gov-hni/8123/VanBan/2026/4/22/QD%20492%20PL2.pdf,2026-04-14,False,False,PL2-0428_1_003371.md
PL2-0429,429,1.003388,Công nhận doanh nghiệp nông nghiệp ứng dụng công nghệ cao,Nông nghiệp,Sở Nông nghiệp và Môi trường,Một phần,Cấp tỉnh,2,21,https://datafiles.hanoi.gov.vn/gov-hni/8123/VanBan/2026/4/22/QD%20492%20PL2.pdf,2026-04-14,False,False,PL2-0429_1_003388.md
PL2-0430,430,1.003618,Phê duyệt kế hoạch khuyến nông địa phương,Nông nghiệp,Sở Nông nghiệp và Môi trường,Một phần,Cấp tỉnh,2,21,https://datafiles.hanoi.gov.vn/gov-hni/8123/VanBan/2026/4/22/QD%20492%20PL2.pdf,2026-04-14,False,False,PL2-0430_1_003618.md
PL2-0431,431,1.003596,Phê duyệt kế hoạch khuyến nông địa phương (cấp xã),Nông nghiệp,Sở Nông nghiệp và Môi trường,Một phần,Cấp xã,2,21,https://datafiles.hanoi.gov.vn/gov-hni/8123/VanBan/2026/4/22/QD%20492%20PL2.pdf,2026-04-14,False,False,PL2-0431_1_003596.md
PL2-0432,432,1.003486,Kiểm tra nhà nước về an toàn thực phẩm muối nhập khẩu,Kinh tế hợp tác và Phát triển nông thôn,Sở Nông nghiệp và Môi trường,Một phần,Cấp tỉnh,2,21,https://datafiles.hanoi.gov.vn/gov-hni/8123/VanBan/2026/4/22/QD%20492%20PL2.pdf,2026-04-14,False,False,PL2-0432_1_003486.md
PL2-0433,433,2.001827,Cấp Giấy chứng nhận cơ sở đủ điều kiện an toàn thực phẩm đối với cơ sở sản xuất. kinh doanh thực phẩm nông. lâm. thủy sản,Quản lý chất lượng nông lâm sản và thủy sản,Sở Nông nghiệp và Môi trường,Một phần,Cấp tỉnh và cấp xã,2,21,https://datafiles.hanoi.gov.vn/gov-hni/8123/VanBan/2026/4/22/QD%20492%20PL2.pdf,2026-04-14,False,False,PL2-0433_2_001827.md
PL2-0434,434,1.000047,Phê duyệt phương án khai thác động vật rừng thông thường từ tự nhiên,Kiểm lâm,Sở Nông nghiệp và Môi trường,Một phần,Cấp tỉnh,2,21,https://datafiles.hanoi.gov.vn/gov-hni/8123/VanBan/2026/4/22/QD%20492%20PL2.pdf,2026-04-14,False,False,PL2-0434_1_000047.md
PL2-0435,435,1.000055,Phê duyệt hoặc điều chỉnh phương án quản lý rừng bền vững của chủ rừng là tổ chức,Lâm nghiệp,Sở Nông nghiệp và Môi trường,Một phần,Cấp tỉnh,2,21,https://datafiles.hanoi.gov.vn/gov-hni/8123/VanBan/2026/4/22/QD%20492%20PL2.pdf,2026-04-14,False,False,PL2-0435_1_000055.md
PL2-0436,436,3.000326,Thanh lý tài sản kết cấu hạ tầng thủy lợi; xử lý tài sản kết cấu hạ tầng thủy lợi trong trường hợp bị mất. hủy hoại,Quản lý công sản (Bộ Tài chính),Sở Nông nghiệp và Môi trường,Một phần,Cấp tỉnh và cấp xã,2,21,https://datafiles.hanoi.gov.vn/gov-hni/8123/VanBan/2026/4/22/QD%20492%20PL2.pdf,2026-04-14,False,False,PL2-0436_3_000326.md
PL2-0437,437,3.000327,Giao tài sản kết cấu hạ tầng thủy lợi,Quản lý công sản (Bộ Tài chính),Sở Nông nghiệp và Môi trường,Một phần,Cấp tỉnh và cấp xã,2,21,https://datafiles.hanoi.gov.vn/gov-hni/8123/VanBan/2026/4/22/QD%20492%20PL2.pdf,2026-04-14,False,False,PL2-0437_3_000327.md
PL2-0438,438,3.000328,Điều chuyển tài sản kết cấu hạ tầng thủy lợi,Quản lý công sản (Bộ Tài chính),Sở Nông nghiệp và Môi trường,Một phần,Cấp tỉnh,2,21,https://datafiles.hanoi.gov.vn/gov-hni/8123/VanBan/2026/4/22/QD%20492%20PL2.pdf,2026-04-14,False,False,PL2-0438_3_000328.md
PL2-0439,439,3.000324,Thu hồi tài sản kết cấu hạ tầng thủy lợi,Quản lý công sản (Bộ Tài chính),Sở Nông nghiệp và Môi trường,Một phần,Cấp tỉnh,2,21,https://datafiles.hanoi.gov.vn/gov-hni/8123/VanBan/2026/4/22/QD%20492%20PL2.pdf,2026-04-14,False,False,PL2-0439_3_000324.md
PL2-0440,440,3.000179,Cấp Giấy phép xuất khẩu. nhập khẩu giống cây trồng lâm nghiệp,Lâm nghiệp,Sở Nông nghiệp và Môi trường,Một phần,Cấp tỉnh,2,21,https://datafiles.hanoi.gov.vn/gov-hni/8123/VanBan/2026/4/22/QD%20492%20PL2.pdf,2026-04-14,False,False,PL2-0440_3_000179.md
PL2-0441,441,1.007916,Nộp tiền trồng rừng thay thế,Lâm nghiệp,Sở Nông nghiệp và Môi trường,Một phần,Cấp tỉnh,2,21,https://datafiles.hanoi.gov.vn/gov-hni/8123/VanBan/2026/4/22/QD%20492%20PL2.pdf,2026-04-14,False,False,PL2-0441_1_007916.md
PL2-0442,442,3.000198,Công nhận nguồn giống cây trồng lâm nghiệp,Lâm nghiệp,Sở Nông nghiệp và Môi trường,Một phần,Cấp tỉnh,2,21,https://datafiles.hanoi.gov.vn/gov-hni/8123/VanBan/2026/4/22/QD%20492%20PL2.pdf,2026-04-14,False,False,PL2-0442_3_000198.md
PL2-0443,443,1.014605,Cấp. cấp lại mã số rừng sản xuất là rừng trồng,Lâm nghiệp,Sở Nông nghiệp và Môi trường,Một phần,Cấp tỉnh,2,21,https://datafiles.hanoi.gov.vn/gov-hni/8123/VanBan/2026/4/22/QD%20492%20PL2.pdf,2026-04-14,False,False,PL2-0443_1_014605.md
PL2-0444,444,1.000045,Xác nhận bảng kê lâm sản,Kiểm lâm,Sở Nông nghiệp và Môi trường,Một phần,Cấp tỉnh,2,22,https://datafiles.hanoi.gov.vn/gov-hni/8123/VanBan/2026/4/22/QD%20492%20PL2.pdf,2026-04-14,False,False,PL2-0444_1_000045.md
PL2-0445,445,1.004819,Đăng ký mã số cơ sở nuôi. trồng các loài động vật. thực vật thuộc Phụ lục Công ước CITES,Kiểm lâm,Sở Nông nghiệp và Môi trường,Một phần,Cấp tỉnh,2,22,https://datafiles.hanoi.gov.vn/gov-hni/8123/VanBan/2026/4/22/QD%20492%20PL2.pdf,2026-04-14,False,False,PL2-0445_1_004819.md
PL2-0446,446,3.000496,Cấp sửa đổi. bổ sung thông tin mã số cơ sở nuôi. cơ sở trồng loài động vật. thực vật thuộc Phụ lục CITES,Kiểm lâm,Sở Nông nghiệp và Môi trường,Một phần,Cấp tỉnh,2,22,https://datafiles.hanoi.gov.vn/gov-hni/8123/VanBan/2026/4/22/QD%20492%20PL2.pdf,2026-04-14,False,False,PL2-0446_3_000496.md
PL2-0447,447,1.010733,Thẩm định báo cáo đánh giá tác động môi trường (Cấp tỉnh) (1.010733),Môi trường,Sở Nông nghiệp và Môi trường,Một phần,Cấp xã,2,22,https://datafiles.hanoi.gov.vn/gov-hni/8123/VanBan/2026/4/22/QD%20492%20PL2.pdf,2026-04-14,False,False,PL2-0447_1_010733.md
PL2-0448,448,1.010735,Thẩm định phương án cải tạo. phục hồi môi trường trong hoạt động khai thác khoáng sản (báo cáo riêng theo quy định tại khoản 2 Điều 36 Nghị định số 08/2022/NĐ-CP) (cấp tỉnh) (1.010735),Môi trường,Sở Nông nghiệp và Môi trường,Một phần,Cấp tỉnh,2,22,https://datafiles.hanoi.gov.vn/gov-hni/8123/VanBan/2026/4/22/QD%20492%20PL2.pdf,2026-04-14,False,False,PL2-0448_1_010735.md
PL2-0449,449,1.010727,Cấp giấy phép môi trường (cấp Tỉnh) ( 1.010727 ),Môi trường,Sở Nông nghiệp và Môi trường,Một phần,Cấp tỉnh và cấp xã,2,22,https://datafiles.hanoi.gov.vn/gov-hni/8123/VanBan/2026/4/22/QD%20492%20PL2.pdf,2026-04-14,False,False,PL2-0449_1_010727.md
PL2-0450,450,1.010730,Cấp lại giấy phép môi trường (cấp Tỉnh) (1.010730),Môi trường,Sở Nông nghiệp và Môi trường,Một phần,Cấp tỉnh và cấp xã,2,22,https://datafiles.hanoi.gov.vn/gov-hni/8123/VanBan/2026/4/22/QD%20492%20PL2.pdf,2026-04-14,False,False,PL2-0450_1_010730.md
PL2-0451,451,1.014787,Chấp thuận việc lấy mẫu để nghiên cứu. thử nghiệm công nghệ chế biến khoáng sản (cấp Tỉnh),Địa chất và khoáng sản,Sở Nông nghiệp và Môi trường,Một phần,Cấp tỉnh,2,22,https://datafiles.hanoi.gov.vn/gov-hni/8123/VanBan/2026/4/22/QD%20492%20PL2.pdf,2026-04-14,False,False,PL2-0451_1_014787.md
PL2-0452,452,1.014789,Chấp thuận thay đổi nội dung đề án thăm dò khoáng sản (cấp Tỉnh),Địa chất và khoáng sản,Sở Nông nghiệp và Môi trường,Một phần,Cấp tỉnh,2,22,https://datafiles.hanoi.gov.vn/gov-hni/8123/VanBan/2026/4/22/QD%20492%20PL2.pdf,2026-04-14,False,False,PL2-0452_1_014789.md
PL2-0453,453,1.014261,Cấp Giấy phép thăm dò khoáng sản (cấp Tỉnh),Địa chất và khoáng sản,Sở Nông nghiệp và Môi trường,Một phần,Cấp tỉnh,2,22,https://datafiles.hanoi.gov.vn/gov-hni/8123/VanBan/2026/4/22/QD%20492%20PL2.pdf,2026-04-14,False,False,PL2-0453_1_014261.md
PL2-0454,454,1.014262,Cấp lại giấy phép thăm dò khoáng sản (cấp Tỉnh),Địa chất và khoáng sản,Sở Nông nghiệp và Môi trường,Một phần,Cấp tỉnh,2,22,https://datafiles.hanoi.gov.vn/gov-hni/8123/VanBan/2026/4/22/QD%20492%20PL2.pdf,2026-04-14,False,False,PL2-0454_1_014262.md
PL2-0455,455,1.014263,Gia hạn giấy phép thăm dò khoáng sản (cấp Tỉnh),Địa chất và khoáng sản,Sở Nông nghiệp và Môi trường,Một phần,Cấp tỉnh,2,22,https://datafiles.hanoi.gov.vn/gov-hni/8123/VanBan/2026/4/22/QD%20492%20PL2.pdf,2026-04-14,False,False,PL2-0455_1_014263.md
PL2-0456,456,1.014264,Điều chỉnh giấy phép thăm dò khoáng sản (cấp Tỉnh),Địa chất và khoáng sản,Sở Nông nghiệp và Môi trường,Một phần,Cấp tỉnh,2,22,https://datafiles.hanoi.gov.vn/gov-hni/8123/VanBan/2026/4/22/QD%20492%20PL2.pdf,2026-04-14,False,False,PL2-0456_1_014264.md
PL2-0457,457,1.014268,Trả lại giấy phép thăm dò khoáng sản (cấp Tỉnh),Địa chất và khoáng sản,Sở Nông nghiệp và Môi trường,Một phần,Cấp tỉnh,2,22,https://datafiles.hanoi.gov.vn/gov-hni/8123/VanBan/2026/4/22/QD%20492%20PL2.pdf,2026-04-14,False,False,PL2-0457_1_014268.md
PL2-0458,458,1.014271,Chuyển nhượng quyền thăm dò khoáng sản (cấp Tỉnh),Địa chất và khoáng sản,Sở Nông nghiệp và Môi trường,Một phần,Cấp tỉnh,2,22,https://datafiles.hanoi.gov.vn/gov-hni/8123/VanBan/2026/4/22/QD%20492%20PL2.pdf,2026-04-14,False,False,PL2-0458_1_014271.md
PL2-0459,459,1.014273,Thăm dò bổ sung để nâng cấp tài nguyên. trữ lượng khoáng sản (cấp Tỉnh),Địa chất và khoáng sản,Sở Nông nghiệp và Môi trường,Một phần,Cấp tỉnh,2,22,https://datafiles.hanoi.gov.vn/gov-hni/8123/VanBan/2026/4/22/QD%20492%20PL2.pdf,2026-04-14,False,False,PL2-0459_1_014273.md
PL2-0460,460,1.014257,Cấp giấy phép khai thác khoáng sản (cấp Tỉnh),Địa chất và khoáng sản,Sở Nông nghiệp và Môi trường,Một phần,Cấp tỉnh,2,22,https://datafiles.hanoi.gov.vn/gov-hni/8123/VanBan/2026/4/22/QD%20492%20PL2.pdf,2026-04-14,False,False,PL2-0460_1_014257.md
PL2-0461,461,1.014265,Cấp lại giấy phép khai thác khoáng sản (cấp Tỉnh),Địa chất và khoáng sản,Sở Nông nghiệp và Môi trường,Một phần,Cấp tỉnh,2,22,https://datafiles.hanoi.gov.vn/gov-hni/8123/VanBan/2026/4/22/QD%20492%20PL2.pdf,2026-04-14,False,False,PL2-0461_1_014265.md
PL2-0462,462,1.014266,Gia hạn giấy phép khai thác khoáng sản (cấp Tỉnh),Địa chất và khoáng sản,Sở Nông nghiệp và Môi trường,Một phần,Cấp tỉnh,2,22,https://datafiles.hanoi.gov.vn/gov-hni/8123/VanBan/2026/4/22/QD%20492%20PL2.pdf,2026-04-14,False,False,PL2-0462_1_014266.md
PL2-0463,463,1.014267,Điều chỉnh giấy phép khai thác khoáng sản (cấp Tỉnh),Địa chất và khoáng sản,Sở Nông nghiệp và Môi trường,Một phần,Cấp tỉnh,2,22,https://datafiles.hanoi.gov.vn/gov-hni/8123/VanBan/2026/4/22/QD%20492%20PL2.pdf,2026-04-14,False,False,PL2-0463_1_014267.md
PL2-0464,464,1.014269,Trả lại giấy phép khai thác khoáng sản (cấp Tỉnh),Địa chất và khoáng sản,Sở Nông nghiệp và Môi trường,Một phần,Cấp tỉnh,2,22,https://datafiles.hanoi.gov.vn/gov-hni/8123/VanBan/2026/4/22/QD%20492%20PL2.pdf,2026-04-14,False,False,PL2-0464_1_014269.md
PL2-0465,465,1.014270,Chuyển nhượng quyền khai thác khoáng sản (cấp Tỉnh),Địa chất và khoáng sản,Sở Nông nghiệp và Môi trường,Một phần,Cấp tỉnh,2,22,https://datafiles.hanoi.gov.vn/gov-hni/8123/VanBan/2026/4/22/QD%20492%20PL2.pdf,2026-04-14,False,False,PL2-0465_1_014270.md
PL2-0466,466,1.014272,Cấp đổi giấy phép khai thác khoáng sản (cấp Tỉnh),Địa chất và khoáng sản,Sở Nông nghiệp và Môi trường,Một phần,Cấp tỉnh,2,22,https://datafiles.hanoi.gov.vn/gov-hni/8123/VanBan/2026/4/22/QD%20492%20PL2.pdf,2026-04-14,False,False,PL2-0466_1_014272.md
PL2-0467,467,1.014466,Công nhận kết quả thăm dò khoáng sản (cấp Tỉnh),Địa chất và khoáng sản,Sở Nông nghiệp và Môi trường,Một phần,Cấp tỉnh,2,22,https://datafiles.hanoi.gov.vn/gov-hni/8123/VanBan/2026/4/22/QD%20492%20PL2.pdf,2026-04-14,False,False,PL2-0467_1_014466.md
PL2-0468,468,1.014274,Phê duyệt đề án đóng cửa mỏ khoáng sản (cấp Tỉnh),Địa chất và khoáng sản,Sở Nông nghiệp và Môi trường,Một phần,Cấp tỉnh,2,22,https://datafiles.hanoi.gov.vn/gov-hni/8123/VanBan/2026/4/22/QD%20492%20PL2.pdf,2026-04-14,False,False,PL2-0468_1_014274.md
PL2-0469,469,1.014276,Điều chỉnh nội dung đề án đóng cửa mỏ khoáng sản đã được phê duyệt (cấp Tỉnh),Địa chất và khoáng sản,Sở Nông nghiệp và Môi trường,Một phần,Cấp tỉnh,2,22,https://datafiles.hanoi.gov.vn/gov-hni/8123/VanBan/2026/4/22/QD%20492%20PL2.pdf,2026-04-14,False,False,PL2-0469_1_014276.md
PL2-0470,470,1.014277,Chấp thuận phương án đóng cửa mỏ khoáng sản (cấp Tỉnh),Địa chất và khoáng sản,Sở Nông nghiệp và Môi trường,Một phần,Cấp tỉnh,2,22,https://datafiles.hanoi.gov.vn/gov-hni/8123/VanBan/2026/4/22/QD%20492%20PL2.pdf,2026-04-14,False,False,PL2-0470_1_014277.md
PL2-0471,471,1.014278,Quyết định đóng cửa mỏ khoáng sản (cấp Tỉnh),Địa chất và khoáng sản,Sở Nông nghiệp và Môi trường,Một phần,Cấp tỉnh,2,22,https://datafiles.hanoi.gov.vn/gov-hni/8123/VanBan/2026/4/22/QD%20492%20PL2.pdf,2026-04-14,False,False,PL2-0471_1_014278.md
PL2-0472,472,1.014292,Chấp thuận thăm dò. khai thác khoáng sản tại khu vực cấm hoạt động khoáng sản. khu vực tạm thời cấm hoạt động khoáng sản (cấp Tỉnh),Địa chất và khoáng sản,Sở Nông nghiệp và Môi trường,Một phần,Cấp tỉnh,2,22,https://datafiles.hanoi.gov.vn/gov-hni/8123/VanBan/2026/4/22/QD%20492%20PL2.pdf,2026-04-14,False,False,PL2-0472_1_014292.md
PL2-0473,473,1.014279,Cấp giấy phép khai thác tận thu khoáng sản,Địa chất và khoáng sản,Sở Nông nghiệp và Môi trường,Một phần,Cấp tỉnh,2,23,https://datafiles.hanoi.gov.vn/gov-hni/8123/VanBan/2026/4/22/QD%20492%20PL2.pdf,2026-04-14,False,False,PL2-0473_1_014279.md
PL2-0474,474,1.014280,Gia hạn giấy phép khai thác tận thu khoáng sản,Địa chất và khoáng sản,Sở Nông nghiệp và Môi trường,Một phần,Cấp tỉnh,2,23,https://datafiles.hanoi.gov.vn/gov-hni/8123/VanBan/2026/4/22/QD%20492%20PL2.pdf,2026-04-14,False,False,PL2-0474_1_014280.md
PL2-0475,475,1.014281,Điều chỉnh giấy phép thai thác tận thu khoáng sản,Địa chất và khoáng sản,Sở Nông nghiệp và Môi trường,Một phần,Cấp tỉnh,2,23,https://datafiles.hanoi.gov.vn/gov-hni/8123/VanBan/2026/4/22/QD%20492%20PL2.pdf,2026-04-14,False,False,PL2-0475_1_014281.md
PL2-0476,476,1.014282,Trả lại giấy phép thai thác tận thu khoáng sản,Địa chất và khoáng sản,Sở Nông nghiệp và Môi trường,Một phần,Cấp tỉnh,2,23,https://datafiles.hanoi.gov.vn/gov-hni/8123/VanBan/2026/4/22/QD%20492%20PL2.pdf,2026-04-14,False,False,PL2-0476_1_014282.md
PL2-0477,477,1.014283,Chuyển nhượng quyền khai thác tận thu khoáng sản,Địa chất và khoáng sản,Sở Nông nghiệp và Môi trường,Một phần,Cấp tỉnh,2,23,https://datafiles.hanoi.gov.vn/gov-hni/8123/VanBan/2026/4/22/QD%20492%20PL2.pdf,2026-04-14,False,False,PL2-0477_1_014283.md
PL2-0478,478,1.014289,Chấp thuận khảo sát. đánh giá thông tin chung đối với khoáng sản nhóm IV tại khu vực không đấu giá quyền khai thác khoáng sản,Địa chất và khoáng sản,Sở Nông nghiệp và Môi trường,Một phần,Cấp tỉnh,2,23,https://datafiles.hanoi.gov.vn/gov-hni/8123/VanBan/2026/4/22/QD%20492%20PL2.pdf,2026-04-14,False,False,PL2-0478_1_014289.md
PL2-0479,479,1.014290,Xác nhận kết quả khảo sát. đánh giá thông tin chung đối với khoáng sản nhóm IV,Địa chất và khoáng sản,Sở Nông nghiệp và Môi trường,Một phần,Cấp tỉnh,2,23,https://datafiles.hanoi.gov.vn/gov-hni/8123/VanBan/2026/4/22/QD%20492%20PL2.pdf,2026-04-14,False,False,PL2-0479_1_014290.md
PL2-0480,480,1.014258,Xác nhận đăng ký thu hồi khoáng sản (cấp Xã),Địa chất và khoáng sản,Sở Nông nghiệp và Môi trường,Một phần,Cấp xã,2,23,https://datafiles.hanoi.gov.vn/gov-hni/8123/VanBan/2026/4/22/QD%20492%20PL2.pdf,2026-04-14,False,False,PL2-0480_1_014258.md
PL2-0481,481,1.014256,Xác nhận đăng ký thu hồi khoáng sản (cấp Tỉnh),Địa chất và khoáng sản,Sở Nông nghiệp và Môi trường,Một phần,Cấp tỉnh và cấp xã,2,23,https://datafiles.hanoi.gov.vn/gov-hni/8123/VanBan/2026/4/22/QD%20492%20PL2.pdf,2026-04-14,False,False,PL2-0481_1_014256.md
PL2-0482,482,2.001850,Thẩm định. phê duyệt phương án cắm mốc giới hành lang bảo vệ nguồn nước đối với hồ chứa thủy điện,Tài nguyên nước,Sở Nông nghiệp và Môi trường,Một phần,Cấp tỉnh,2,23,https://datafiles.hanoi.gov.vn/gov-hni/8123/VanBan/2026/4/22/QD%20492%20PL2.pdf,2026-04-14,False,False,PL2-0482_2_001850.md
PL2-0483,483,1.004179,Cấp giấy phép khai thác nước mặt. nước biển (đối với các trường hợp quy định tại khoản 2 Điều 15 Nghị định số 54/2024/NĐ-CP. được sửa đổi. bổ sung bởi khoản 12 Điều 2 Nghị định số 23/2026/NĐ-CP),Tài nguyên nước,Sở Nông nghiệp và Môi trường,Một phần,Cấp tỉnh,2,23,https://datafiles.hanoi.gov.vn/gov-hni/8123/VanBan/2026/4/22/QD%20492%20PL2.pdf,2026-04-14,False,False,PL2-0483_1_004179.md
PL2-0484,484,2.001738,Gia hạn giấy phép hành nghề khoan nước dưới đất,Tài nguyên nước,Sở Nông nghiệp và Môi trường,Một phần,Cấp tỉnh,2,23,https://datafiles.hanoi.gov.vn/gov-hni/8123/VanBan/2026/4/22/QD%20492%20PL2.pdf,2026-04-14,False,False,PL2-0484_2_001738.md
PL2-0485,485,1.004122,Cấp giấy phép hành nghề khoan nước dưới đất,Tài nguyên nước,Sở Nông nghiệp và Môi trường,Một phần,Cấp tỉnh,2,23,https://datafiles.hanoi.gov.vn/gov-hni/8123/VanBan/2026/4/22/QD%20492%20PL2.pdf,2026-04-14,False,False,PL2-0485_1_004122.md
PL2-0486,486,1.013799,Lấy ý kiến về tác động của công trình khai thác nước,Tài nguyên nước,Sở Nông nghiệp và Môi trường,Một phần,Cấp tỉnh,2,23,https://datafiles.hanoi.gov.vn/gov-hni/8123/VanBan/2026/4/22/QD%20492%20PL2.pdf,2026-04-14,False,False,PL2-0486_1_013799.md
PL2-0487,487,1.004167,Gia hạn. điều chỉnh giấy phép khai thác nước mặt. nước biển,Tài nguyên nước,Sở Nông nghiệp và Môi trường,Một phần,Cấp tỉnh và cấp xã,2,23,https://datafiles.hanoi.gov.vn/gov-hni/8123/VanBan/2026/4/22/QD%20492%20PL2.pdf,2026-04-14,False,False,PL2-0487_1_004167.md
PL2-0488,488,1.004223,Cấp giấy phép khai thác nước dưới đất đối với công trình có quy mô dưới 5.000 m3/ngày đêm,Tài nguyên nước,Sở Nông nghiệp và Môi trường,Một phần,Cấp tỉnh và cấp xã,2,23,https://datafiles.hanoi.gov.vn/gov-hni/8123/VanBan/2026/4/22/QD%20492%20PL2.pdf,2026-04-14,False,False,PL2-0488_1_004223.md
PL2-0489,489,1.004211,Gia hạn. điều chỉnh giấy phép khai thác nước dưới đất đối với công trình có quy mô dưới 5.000 m3/ngày đêm,Tài nguyên nước,Sở Nông nghiệp và Môi trường,Một phần,Cấp tỉnh và cấp xã,2,23,https://datafiles.hanoi.gov.vn/gov-hni/8123/VanBan/2026/4/22/QD%20492%20PL2.pdf,2026-04-14,False,False,PL2-0489_1_004211.md
PL2-0490,490,1.004232,Cấp giấy phép thăm dò nước dưới đất đối với công trình có quy mô dưới 5.000 m3/ngày đêm,Tài nguyên nước,Sở Nông nghiệp và Môi trường,Một phần,Cấp tỉnh và cấp xã,2,23,https://datafiles.hanoi.gov.vn/gov-hni/8123/VanBan/2026/4/22/QD%20492%20PL2.pdf,2026-04-14,False,False,PL2-0490_1_004232.md
PL2-0491,491,1.004228,Gia hạn. điều chỉnh giấy phép thăm dò nước dưới đất đối với công trình có quy mô dưới 5.000 m3/ngày đêm,Tài nguyên nước,Sở Nông nghiệp và Môi trường,Một phần,Cấp tỉnh và cấp xã,2,23,https://datafiles.hanoi.gov.vn/gov-hni/8123/VanBan/2026/4/22/QD%20492%20PL2.pdf,2026-04-14,False,False,PL2-0491_1_004228.md
PL2-0492,492,1.003727,Công nhận làng nghề truyền thống,Kinh tế hợp tác và Phát triển nông thôn,Sở Nông nghiệp và Môi trường,Một phần,Cấp tỉnh,2,23,https://datafiles.hanoi.gov.vn/gov-hni/8123/VanBan/2026/4/22/QD%20492%20PL2.pdf,2026-04-14,False,False,PL2-0492_1_003727.md
PL2-0493,493,1.003712,Công nhận nghề truyền thống,Kinh tế hợp tác và Phát triển nông thôn,Sở Nông nghiệp và Môi trường,Một phần,Cấp tỉnh,2,23,https://datafiles.hanoi.gov.vn/gov-hni/8123/VanBan/2026/4/22/QD%20492%20PL2.pdf,2026-04-14,False,False,PL2-0493_1_003712.md
PL2-0494,494,1.003695,Công nhận làng nghề,Kinh tế hợp tác và Phát triển nông thôn,Sở Nông nghiệp và Môi trường,Một phần,Cấp tỉnh,2,23,https://datafiles.hanoi.gov.vn/gov-hni/8123/VanBan/2026/4/22/QD%20492%20PL2.pdf,2026-04-14,False,False,PL2-0494_1_003695.md
PL2-0495,495,1.003397,Hỗ trợ dự án liên kết (cấp tỉnh),Kinh tế hợp tác và Phát triển nông thôn,Sở Nông nghiệp và Môi trường,Một phần,Cấp tỉnh,2,23,https://datafiles.hanoi.gov.vn/gov-hni/8123/VanBan/2026/4/22/QD%20492%20PL2.pdf,2026-04-14,False,False,PL2-0495_1_003397.md
PL2-0496,496,1.003434,Hỗ trợ dự án liên kết (cấp xã),Kinh tế hợp tác và Phát triển nông thôn,Sở Nông nghiệp và Môi trường,Một phần,Cấp xã,2,24,https://datafiles.hanoi.gov.vn/gov-hni/8123/VanBan/2026/4/22/QD%20492%20PL2.pdf,2026-04-14,False,False,PL2-0496_1_003434.md
PL2-0497,497,1.011606,Công nhận hộ nghèo. hộ cận nghèo; hộ thoát nghèo. hộ thoát cận nghèo định kỳ hằng năm,Giảm nghèo,Sở Nông nghiệp và Môi trường,Một phần,Cấp xã,2,24,https://datafiles.hanoi.gov.vn/gov-hni/8123/VanBan/2026/4/22/QD%20492%20PL2.pdf,2026-04-14,False,False,PL2-0497_1_011606.md
PL2-0498,498,1.011607,Công nhận hộ nghèo. hộ cận nghèo thường xuyên hằng năm,Giảm nghèo,Sở Nông nghiệp và Môi trường,Một phần,Cấp xã,2,24,https://datafiles.hanoi.gov.vn/gov-hni/8123/VanBan/2026/4/22/QD%20492%20PL2.pdf,2026-04-14,False,False,PL2-0498_1_011607.md
PL2-0499,499,1.011608,Công nhận hộ thoát nghèo. hộ thoát cận nghèo thường xuyên hằng năm,Giảm nghèo,Sở Nông nghiệp và Môi trường,Một phần,Cấp xã,2,24,https://datafiles.hanoi.gov.vn/gov-hni/8123/VanBan/2026/4/22/QD%20492%20PL2.pdf,2026-04-14,False,False,PL2-0499_1_011608.md
PL2-0500,500,1.011609,Công nhận hộ làm nông nghiệp. lâm nghiệp. ngư nghiệp và diêm nghiệp có mức sống trung bình,Giảm nghèo,Sở Nông nghiệp và Môi trường,Một phần,Cấp xã,2,24,https://datafiles.hanoi.gov.vn/gov-hni/8123/VanBan/2026/4/22/QD%20492%20PL2.pdf,2026-04-14,False,False,PL2-0500_1_011609.md
PL2-0501,501,3.000412,Công nhận người lao động có thu nhập thấp,Giảm nghèo,Sở Nông nghiệp và Môi trường,Một phần,Cấp xã,2,24,https://datafiles.hanoi.gov.vn/gov-hni/8123/VanBan/2026/4/22/QD%20492%20PL2.pdf,2026-04-14,False,False,PL2-0501_3_000412.md
PL2-0502,502,1.008126,Cấp Giấy chứng nhận đủ điều kiện sản xuất thức ăn chăn nuôi đối với cơ sở sản xuất thức ăn chăn nuôi trên địa bàn (trừ trường hợp cơ sở sản xuất thức ăn chăn nuôi xuất khẩu theo yêu cầu của nước nhập khẩu),Chăn nuôi,Sở Nông nghiệp và Môi trường,Một phần,Cấp tỉnh,2,24,https://datafiles.hanoi.gov.vn/gov-hni/8123/VanBan/2026/4/22/QD%20492%20PL2.pdf,2026-04-14,False,False,PL2-0502_1_008126.md
PL2-0503,503,1.011031,Cấp Giấy chứng nhận đủ điều kiện sản xuất sản phẩm xử lý chất thải chăn nuôi,Chăn nuôi,Sở Nông nghiệp và Môi trường,Một phần,Cấp tỉnh,2,24,https://datafiles.hanoi.gov.vn/gov-hni/8123/VanBan/2026/4/22/QD%20492%20PL2.pdf,2026-04-14,False,False,PL2-0503_1_011031.md
PL2-0504,504,1.011032,Cấp lại Giấy chứng nhận đủ điều kiện sản xuất sản phẩm xử lý chất thải chăn nuôi,Chăn nuôi,Sở Nông nghiệp và Môi trường,Một phần,Cấp tỉnh,2,24,https://datafiles.hanoi.gov.vn/gov-hni/8123/VanBan/2026/4/22/QD%20492%20PL2.pdf,2026-04-14,False,False,PL2-0504_1_011032.md
PL2-0505,505,1.008128,Cấp Giấy chứng nhận đủ điều kiện chăn nuôi đối với chăn nuôi trang trại quy mô lớn,Chăn nuôi,Sở Nông nghiệp và Môi trường,Một phần,Cấp tỉnh,2,24,https://datafiles.hanoi.gov.vn/gov-hni/8123/VanBan/2026/4/22/QD%20492%20PL2.pdf,2026-04-14,False,False,PL2-0505_1_008128.md
PL2-0506,506,1.008129,Cấp lại Giấy chứng nhận đủ điều kiện chăn nuôi đối với chăn nuôi trang trại quy mô lớn,Chăn nuôi,Sở Nông nghiệp và Môi trường,Một phần,Cấp tỉnh,2,24,https://datafiles.hanoi.gov.vn/gov-hni/8123/VanBan/2026/4/22/QD%20492%20PL2.pdf,2026-04-14,False,False,PL2-0506_1_008129.md
PL2-0507,507,1.014778,Gia hạn Giấy chứng nhận đủ điều kiện nhập khẩu thuốc thú y,Thú y,Sở Nông nghiệp và Môi trường,Một phần,Cấp tỉnh,2,24,https://datafiles.hanoi.gov.vn/gov-hni/8123/VanBan/2026/4/22/QD%20492%20PL2.pdf,2026-04-14,False,False,PL2-0507_1_014778.md
PL2-0508,508,1.002373,Cấp lại Giấy chứng nhận đủ điều kiện nhập khẩu thuốc thú y trong trường hợp bị sai sót. thay đổi thông tin liên quan đến tổ chức. cá nhân đăng ký,Thú y,Sở Nông nghiệp và Môi trường,Một phần,Cấp tỉnh,2,24,https://datafiles.hanoi.gov.vn/gov-hni/8123/VanBan/2026/4/22/QD%20492%20PL2.pdf,2026-04-14,False,False,PL2-0508_1_002373.md
PL2-0509,509,1.014777,Gia hạn Giấy chứng nhận đủ điều kiện sản xuất thuốc thú y (trừ sản xuất thuốc thú y dạng dược phẩm. vắc-xin),Thú y,Sở Nông nghiệp và Môi trường,Một phần,Cấp tỉnh,2,24,https://datafiles.hanoi.gov.vn/gov-hni/8123/VanBan/2026/4/22/QD%20492%20PL2.pdf,2026-04-14,False,False,PL2-0509_1_014777.md
PL2-0510,510,1.002432,Cấp lại Giấy chứng nhận đủ điều kiện sản xuất thuốc thú y (trừ sản xuất thuốc thú y dạng dược phẩm. vắc-xin) trong trường hợp bị sai sót. thay đổi thông tin có liên quan đến tổ chức. cá nhân đăng ký,Thú y,Sở Nông nghiệp và Môi trường,Một phần,Cấp tỉnh,2,24,https://datafiles.hanoi.gov.vn/gov-hni/8123/VanBan/2026/4/22/QD%20492%20PL2.pdf,2026-04-14,False,False,PL2-0510_1_002432.md
PL2-0511,511,1.013811,Cấp lại Giấy chứng nhận đủ điều kiện sản xuất thuốc thú y có chứa chất ma túy. tiền chất (trừ sản xuất thuốc thú y dạng dược phẩm. vắc- xin),Thú y,Sở Nông nghiệp và Môi trường,Một phần,Cấp tỉnh,2,24,https://datafiles.hanoi.gov.vn/gov-hni/8123/VanBan/2026/4/22/QD%20492%20PL2.pdf,2026-04-14,False,False,PL2-0511_1_013811.md
PL2-0512,512,1.013813,Sửa đổi Giấy chứng nhận đủ điều kiện sản xuất thuốc thú y có chứa chất ma tuý. tiền chất (trừ sản xuất thuốc thú y dạng dược phẩm. vắc xin),Thú y,Sở Nông nghiệp và Môi trường,Một phần,Cấp tỉnh,2,24,https://datafiles.hanoi.gov.vn/gov-hni/8123/VanBan/2026/4/22/QD%20492%20PL2.pdf,2026-04-14,False,False,PL2-0512_1_013813.md
PL2-0513,513,1.001686,Cấp Giấy chứng nhận đủ điều kiện buôn bán thuốc thú y,Thú y,Sở Nông nghiệp và Môi trường,Một phần,Cấp tỉnh,2,24,https://datafiles.hanoi.gov.vn/gov-hni/8123/VanBan/2026/4/22/QD%20492%20PL2.pdf,2026-04-14,False,False,PL2-0513_1_001686.md
PL2-0514,514,1.014779,Gia hạn Giấy chứng nhận đủ điều kiện buôn bán thuốc thú y,Thú y,Sở Nông nghiệp và Môi trường,Một phần,Cấp tỉnh,2,24,https://datafiles.hanoi.gov.vn/gov-hni/8123/VanBan/2026/4/22/QD%20492%20PL2.pdf,2026-04-14,False,False,PL2-0514_1_014779.md
PL2-0515,515,1.004839,Cấp lại Giấy chứng nhận đủ điều kiện buôn bán thuốc thú y,Thú y,Sở Nông nghiệp và Môi trường,Một phần,Cấp tỉnh,2,24,https://datafiles.hanoi.gov.vn/gov-hni/8123/VanBan/2026/4/22/QD%20492%20PL2.pdf,2026-04-14,False,False,PL2-0515_1_004839.md
PL2-0516,516,1.003703,Kiểm tra nhà nước về chất lượng thuốc thú y nhập khẩu,Thú y,Sở Nông nghiệp và Môi trường,Một phần,Cấp tỉnh,2,24,https://datafiles.hanoi.gov.vn/gov-hni/8123/VanBan/2026/4/22/QD%20492%20PL2.pdf,2026-04-14,False,False,PL2-0516_1_003703.md
PL2-0517,517,1.002409,Cấp Giấy chứng nhận đủ điều kiện nhập khẩu thuốc thú y,Thú y,Sở Nông nghiệp và Môi trường,Một phần,Cấp tỉnh,2,24,https://datafiles.hanoi.gov.vn/gov-hni/8123/VanBan/2026/4/22/QD%20492%20PL2.pdf,2026-04-14,False,False,PL2-0517_1_002409.md
PL2-0518,518,1.002549,Cấp Giấy chứng nhận đủ điều kiện sản xuất thuốc thú y (trừ sản xuất thuốc thú y dạng dược phẩm. vắc xin),Thú y,Sở Nông nghiệp và Môi trường,Một phần,Cấp tỉnh,2,24,https://datafiles.hanoi.gov.vn/gov-hni/8123/VanBan/2026/4/22/QD%20492%20PL2.pdf,2026-04-14,False,False,PL2-0518_1_002549.md
PL2-0519,519,1.013809,Cấp Giấy chứng nhận đủ điều kiện sản xuất thuốc thú y có chứa chất ma tuý. tiền chất (trừ sản xuất thuốc thú y dạng dược phẩm. vắc xin),Thú y,Sở Nông nghiệp và Môi trường,Một phần,Cấp tỉnh,2,24,https://datafiles.hanoi.gov.vn/gov-hni/8123/VanBan/2026/4/22/QD%20492%20PL2.pdf,2026-04-14,False,False,PL2-0519_1_013809.md
PL2-0520,520,1.011475,Cấp Giấy chứng nhận cơ sở an toàn dịch bệnh động vật (trừ cơ sở an toàn dịch bệnh theo yêu cầu của nước nhập khẩu),Thú y,Sở Nông nghiệp và Môi trường,Một phần,Cấp tỉnh,2,24,https://datafiles.hanoi.gov.vn/gov-hni/8123/VanBan/2026/4/22/QD%20492%20PL2.pdf,2026-04-14,False,False,PL2-0520_1_011475.md
PL2-0521,521,1.011477,Cấp lại Giấy chứng nhận cơ sở an toàn dịch bệnh động vật (trừ cơ sở an toàn dịch bệnh theo yêu cầu của nước nhập khẩu),Thú y,Sở Nông nghiệp và Môi trường,Một phần,Cấp tỉnh,2,24,https://datafiles.hanoi.gov.vn/gov-hni/8123/VanBan/2026/4/22/QD%20492%20PL2.pdf,2026-04-14,False,False,PL2-0521_1_011477.md
PL2-0522,522,1.011478,Cấp Giấy chứng nhận vùng an toàn dịch bệnh động vật (trừ vùng an toàn dịch bệnh cấp tỉnh và vùng an toàn dịch bệnh phục vụ xuất khẩu),Thú y,Sở Nông nghiệp và Môi trường,Một phần,Cấp tỉnh,2,24,https://datafiles.hanoi.gov.vn/gov-hni/8123/VanBan/2026/4/22/QD%20492%20PL2.pdf,2026-04-14,False,False,PL2-0522_1_011478.md
PL2-0523,523,1.011479,Cấp lại Giấy chứng nhận vùng an toàn dịch bệnh động vật (trừ vùng an toàn dịch bệnh cấp tỉnh và vùng an toàn dịch bệnh phục vụ xuất khẩu),Thú y,Sở Nông nghiệp và Môi trường,Một phần,Cấp tỉnh,2,25,https://datafiles.hanoi.gov.vn/gov-hni/8123/VanBan/2026/4/22/QD%20492%20PL2.pdf,2026-04-14,False,False,PL2-0523_1_011479.md
PL2-0524,524,1.002338,Cấp giấy chứng nhận kiểm dịch động vật. sản phẩm động vật trên cạn vận chuyển ra khỏi địa bàn cấp tỉnh,Thú y,Sở Nông nghiệp và Môi trường,Một phần,Cấp tỉnh,2,25,https://datafiles.hanoi.gov.vn/gov-hni/8123/VanBan/2026/4/22/QD%20492%20PL2.pdf,2026-04-14,False,False,PL2-0524_1_002338.md
PL2-0525,525,2.000873,Cấp giấy chứng nhận kiểm dịch động vật. sản phẩm động vật thủy sản vận chuyển ra khỏi địa bàn cấp tỉnh,Thú y,Sở Nông nghiệp và Môi trường,Một phần,Cấp tỉnh,2,25,https://datafiles.hanoi.gov.vn/gov-hni/8123/VanBan/2026/4/22/QD%20492%20PL2.pdf,2026-04-14,False,False,PL2-0525_2_000873.md
PL2-0526,526,1.004943,Công nhận kết quả khảo nghiệm giống thủy sản,Thủy sản,Sở Nông nghiệp và Môi trường,Một phần,Cấp tỉnh,2,25,https://datafiles.hanoi.gov.vn/gov-hni/8123/VanBan/2026/4/22/QD%20492%20PL2.pdf,2026-04-14,False,False,PL2-0526_1_004943.md
PL2-0527,527,1.004683,Công nhận kết quả khảo nghiệm thức ăn thủy sản. sản phẩm xử lý môi trường nuôi trồng thủy sản,Thủy sản,Sở Nông nghiệp và Môi trường,Một phần,Cấp tỉnh,2,25,https://datafiles.hanoi.gov.vn/gov-hni/8123/VanBan/2026/4/22/QD%20492%20PL2.pdf,2026-04-14,False,False,PL2-0527_1_004683.md
PL2-0528,528,1.003851,Cấp văn bản chấp thuận khai thác loài thủy sản nguy cấp. quý. hiếm (để mục đích bảo tồn. nghiên cứu khoa học. nghiên cứu tạo nguồn giống ban đầu hoặc để hợp tác quốc tế),Thủy sản,Sở Nông nghiệp và Môi trường,Một phần,Cấp tỉnh,2,25,https://datafiles.hanoi.gov.vn/gov-hni/8123/VanBan/2026/4/22/QD%20492%20PL2.pdf,2026-04-14,False,False,PL2-0528_1_003851.md
PL2-0529,529,1.004918,Cấp. cấp lại giấy chứng nhận cơ sở đủ điều kiện sản xuất. ương dưỡng giống thuỷ sản (trừ cơ sở sản xuất. ương dưỡng giống thủy sản bố mẹ. cơ sở sản xuất. ương dưỡng đồng thời giống thủy sản bố mẹ và giống thủy sản không phải là giống thủy sản bố mẹ),Thủy sản,Sở Nông nghiệp và Môi trường,Một phần,Cấp tỉnh,2,25,https://datafiles.hanoi.gov.vn/gov-hni/8123/VanBan/2026/4/22/QD%20492%20PL2.pdf,2026-04-14,False,False,PL2-0529_1_004918.md
PL2-0530,530,1.004915,Cấp. cấp lại giấy chứng nhận cơ sở đủ điều kiện sản xuất thức ăn thủy sản. sản phẩm xử lý môi trường nuôi trồng thủy sản (trừ nhà đầu tư nước ngoài. tổ chức kinh tế có vốn đầu tư nước ngoài),Thủy sản,Sở Nông nghiệp và Môi trường,Một phần,Cấp tỉnh,2,25,https://datafiles.hanoi.gov.vn/gov-hni/8123/VanBan/2026/4/22/QD%20492%20PL2.pdf,2026-04-14,False,False,PL2-0530_1_004915.md
PL2-0531,531,1.003741,Cấp. cấp lại Giấy chứng nhận cơ sở đủ điều kiện đăng kiểm tàu cá (đối với cơ sở đăng kiểm tàu cá trên địa bàn quản lý trừ cơ sở đăng kiểm tàu cá thuộc Bộ Nông nghiệp và Môi trường quản lý),Thủy sản,Sở Nông nghiệp và Môi trường,Một phần,Cấp tỉnh,2,25,https://datafiles.hanoi.gov.vn/gov-hni/8123/VanBan/2026/4/22/QD%20492%20PL2.pdf,2026-04-14,False,False,PL2-0531_1_003741.md
PL2-0532,532,1.013997,Hỗ trợ cơ sở sản xuất bị thiệt hại do dịch bệnh động vật (cơ sở sản xuất không thuộc lực lượng vũ trang nhân dân),Thú y,Sở Nông nghiệp và Môi trường,Một phần,Cấp xã,2,25,https://datafiles.hanoi.gov.vn/gov-hni/8123/VanBan/2026/4/22/QD%20492%20PL2.pdf,2026-04-14,False,False,PL2-0532_1_013997.md
PL2-0533,533,1.003956,Công nhận và giao quyền quản lý cho tổ chức cộng đồng (thuộc địa bàn quản lý),Thủy sản,Sở Nông nghiệp và Môi trường,Một phần,Cấp xã,2,25,https://datafiles.hanoi.gov.vn/gov-hni/8123/VanBan/2026/4/22/QD%20492%20PL2.pdf,2026-04-14,False,False,PL2-0533_1_003956.md
PL2-0534,534,1.004498,Sửa đổi. bổ sung nội dung quyết định công nhận và giao quyền quản lý cho tổ chức cộng đồng (thuộc địa bàn quản lý),Thủy sản,Sở Nông nghiệp và Môi trường,Một phần,Cấp xã,2,25,https://datafiles.hanoi.gov.vn/gov-hni/8123/VanBan/2026/4/22/QD%20492%20PL2.pdf,2026-04-14,False,False,PL2-0534_1_004498.md
PL2-0535,535,1.012070,Chuyển giao quyền sử dụng giống cây trồng được bảo hộ theo quyết định bắt buộc,Trồng trọt,Sở Nông nghiệp và Môi trường,Một phần,Cấp tỉnh,2,25,https://datafiles.hanoi.gov.vn/gov-hni/8123/VanBan/2026/4/22/QD%20492%20PL2.pdf,2026-04-14,False,False,PL2-0535_1_012070.md
PL2-0536,536,1.010090,Công nhận các tiêu chuẩn Thực hành nông nghiệp tốt khác (GAP khác) cho áp dụng để được hưởng chính sách hỗ trợ trong nông nghiệp. lâm nghiệp và thủy sản,Trồng trọt,Sở Nông nghiệp và Môi trường,Một phần,Cấp tỉnh,2,25,https://datafiles.hanoi.gov.vn/gov-hni/8123/VanBan/2026/4/22/QD%20492%20PL2.pdf,2026-04-14,False,False,PL2-0536_1_010090.md
PL2-0537,537,1.007994,Cấp phép xuất khẩu giống cây trồng và hạt lai của giống cây trồng chưa được cấp quyết định công nhận lưu hành hoặc tự công bố lưu hành và không thuộc Danh mục nguồn gen giống cây trồng cấm xuất khẩu phục vụ nghiên cứu. khảo nghiệm. quảng cáo. triển lãm. trao đổi quốc tế không vì mục đích thương mại.,Trồng trọt,Sở Nông nghiệp và Môi trường,Một phần,Cấp tỉnh,2,25,https://datafiles.hanoi.gov.vn/gov-hni/8123/VanBan/2026/4/22/QD%20492%20PL2.pdf,2026-04-14,False,False,PL2-0537_1_007994.md
PL2-0538,538,1.007999,Cấp phép nhập khẩu giống cây trồng chưa được cấp quyết định công nhận lưu hành hoặc tự công bố lưu hành phục vụ nghiên cứu. khảo nghiệm. quảng cáo. triển lãm. trao đổi quốc tế (bao gồm cả giống cây trồng biến đổi gen được nhập khẩu với mục đích khảo nghiệm để đăng ký cấp Quyết định lưu hành giống cây trồng).,Trồng trọt,Sở Nông nghiệp và Môi trường,Một phần,Cấp tỉnh,2,25,https://datafiles.hanoi.gov.vn/gov-hni/8123/VanBan/2026/4/22/QD%20492%20PL2.pdf,2026-04-14,False,False,PL2-0538_1_007999.md
PL2-0539,539,1.012072,Cấp Chứng chỉ hành nghề dịch vụ đại diện quyền đối với giống cây trồng,Trồng trọt,Sở Nông nghiệp và Môi trường,Một phần,Cấp tỉnh,2,25,https://datafiles.hanoi.gov.vn/gov-hni/8123/VanBan/2026/4/22/QD%20492%20PL2.pdf,2026-04-14,False,False,PL2-0539_1_012072.md
PL2-0540,540,1.012073,Cấp lại Chứng chỉ hành nghề dịch vụ đại diện quyền đối với giống cây trồng,Trồng trọt,Sở Nông nghiệp và Môi trường,Một phần,Cấp tỉnh,2,25,https://datafiles.hanoi.gov.vn/gov-hni/8123/VanBan/2026/4/22/QD%20492%20PL2.pdf,2026-04-14,False,False,PL2-0540_1_012073.md
PL2-0541,541,1.012071,Sửa đổi. đình chỉ. hủy bỏ hiệu lực của quyết định chuyển giao bắt buộc quyền sử dụng giống cây trồng được bảo hộ,Trồng trọt,Sở Nông nghiệp và Môi trường,Một phần,Cấp tỉnh,2,25,https://datafiles.hanoi.gov.vn/gov-hni/8123/VanBan/2026/4/22/QD%20492%20PL2.pdf,2026-04-14,False,False,PL2-0541_1_012071.md
PL2-0542,542,1.012062,Cấp giấy chứng nhận kiểm tra nghiệp vụ đại diện quyền đối với giống cây trồng,Trồng trọt,Sở Nông nghiệp và Môi trường,Một phần,Cấp tỉnh,2,25,https://datafiles.hanoi.gov.vn/gov-hni/8123/VanBan/2026/4/22/QD%20492%20PL2.pdf,2026-04-14,False,False,PL2-0542_1_012062.md
PL2-0543,543,1.007998,Cấp. cấp lại Quyết định công nhận tổ chức khảo nghiệm giống cây trồng,Trồng trọt,Sở Nông nghiệp và Môi trường,Một phần,Cấp tỉnh,2,25,https://datafiles.hanoi.gov.vn/gov-hni/8123/VanBan/2026/4/22/QD%20492%20PL2.pdf,2026-04-14,False,False,PL2-0543_1_007998.md
PL2-0544,544,1.012063,Ghi nhận tổ chức dịch vụ đại diện quyền đối với giống cây trồng,Trồng trọt,Sở Nông nghiệp và Môi trường,Một phần,Cấp tỉnh,2,25,https://datafiles.hanoi.gov.vn/gov-hni/8123/VanBan/2026/4/22/QD%20492%20PL2.pdf,2026-04-14,False,False,PL2-0544_1_012063.md
PL2-0545,545,1.012064,Ghi nhận lại tổ chức dịch vụ đại diện quyền đối với giống cây trồng,Trồng trọt,Sở Nông nghiệp và Môi trường,Một phần,Cấp tỉnh,2,25,https://datafiles.hanoi.gov.vn/gov-hni/8123/VanBan/2026/4/22/QD%20492%20PL2.pdf,2026-04-14,False,False,PL2-0545_1_012064.md
PL2-0546,546,1.008003,Cấp Quyết định. phục hồi Quyết định công nhận cây đầu dòng. vườn cây đầu dòng. cây công nghiệp. cây ăn quả lâu năm nhân giống bằng phương pháp vô tính,Trồng trọt,Sở Nông nghiệp và Môi trường,Một phần,Cấp tỉnh,2,26,https://datafiles.hanoi.gov.vn/gov-hni/8123/VanBan/2026/4/22/QD%20492%20PL2.pdf,2026-04-14,False,False,PL2-0546_1_008003.md
PL2-0547,547,1.014776,Cấp. cấp lại mã số vùng trồng. mã số cơ sở đóng gói,Trồng trọt và Bảo vệ thực vật,Sở Nông nghiệp và Môi trường,Một phần,Cấp tỉnh,2,26,https://datafiles.hanoi.gov.vn/gov-hni/8123/VanBan/2026/4/22/QD%20492%20PL2.pdf,2026-04-14,False,False,PL2-0547_1_014776.md
PL2-0548,548,2.001427,Cấp Giấy chứng nhận đủ điều kiện sản xuất thuốc bảo vệ thực vật,Trồng trọt và Bảo vệ thực vật,Sở Nông nghiệp và Môi trường,Một phần,Cấp tỉnh,2,26,https://datafiles.hanoi.gov.vn/gov-hni/8123/VanBan/2026/4/22/QD%20492%20PL2.pdf,2026-04-14,False,False,PL2-0548_2_001427.md
PL2-0549,549,1.002560,Cấp lại Giấy chứng nhận đủ điều kiện sản xuất thuốc bảo vệ thực vật,Trồng trọt và Bảo vệ thực vật,Sở Nông nghiệp và Môi trường,Một phần,Cấp tỉnh,2,26,https://datafiles.hanoi.gov.vn/gov-hni/8123/VanBan/2026/4/22/QD%20492%20PL2.pdf,2026-04-14,False,False,PL2-0549_1_002560.md
PL2-0550,550,1.003971,Cấp Giấy phép nhập khẩu thuốc bảo vệ thực vật,Trồng trọt và Bảo vệ thực vật,Sở Nông nghiệp và Môi trường,Một phần,Cấp tỉnh,2,26,https://datafiles.hanoi.gov.vn/gov-hni/8123/VanBan/2026/4/22/QD%20492%20PL2.pdf,2026-04-14,False,False,PL2-0550_1_003971.md
PL2-0551,551,1.007929,Cấp Giấy phép nhập khẩu phân bón,Trồng trọt và Bảo vệ thực vật,Sở Nông nghiệp và Môi trường,Một phần,Cấp tỉnh,2,26,https://datafiles.hanoi.gov.vn/gov-hni/8123/VanBan/2026/4/22/QD%20492%20PL2.pdf,2026-04-14,False,False,PL2-0551_1_007929.md
PL2-0552,552,1.007927,Cấp Giấy chứng nhận đủ điều kiện sản xuất phân bón,Trồng trọt và Bảo vệ thực vật,Sở Nông nghiệp và Môi trường,Một phần,Cấp tỉnh,2,26,https://datafiles.hanoi.gov.vn/gov-hni/8123/VanBan/2026/4/22/QD%20492%20PL2.pdf,2026-04-14,False,False,PL2-0552_1_007927.md
PL2-0553,553,1.007928,Cấp lại Giấy chứng nhận đủ điều kiện sản xuất phân bón,Trồng trọt và Bảo vệ thực vật,Sở Nông nghiệp và Môi trường,Một phần,Cấp tỉnh,2,26,https://datafiles.hanoi.gov.vn/gov-hni/8123/VanBan/2026/4/22/QD%20492%20PL2.pdf,2026-04-14,False,False,PL2-0553_1_007928.md
PL2-0554,554,1.007926,Cấp Quyết định công nhận tổ chức khảo nghiệm phân bón,Trồng trọt và Bảo vệ thực vật,Sở Nông nghiệp và Môi trường,Một phần,Cấp tỉnh,2,26,https://datafiles.hanoi.gov.vn/gov-hni/8123/VanBan/2026/4/22/QD%20492%20PL2.pdf,2026-04-14,False,False,PL2-0554_1_007926.md
PL2-0555,555,2.001236,Công nhận tổ chức đủ điều kiện thực hiện khảo nghiệm thuốc bảo vệ thực vật,Trồng trọt và Bảo vệ thực vật,Sở Nông nghiệp và Môi trường,Một phần,Cấp tỉnh,2,26,https://datafiles.hanoi.gov.vn/gov-hni/8123/VanBan/2026/4/22/QD%20492%20PL2.pdf,2026-04-14,False,False,PL2-0555_2_001236.md
PL2-0556,556,1.003395,Kiểm tra nhà nước về an toàn thực phẩm đối với thực phẩm có nguồn gốc thực vật xuất khẩu,Trồng trọt và Bảo vệ thực vật,Sở Nông nghiệp và Môi trường,Một phần,Cấp tỉnh,2,26,https://datafiles.hanoi.gov.vn/gov-hni/8123/VanBan/2026/4/22/QD%20492%20PL2.pdf,2026-04-14,False,False,PL2-0556_1_003395.md
PL2-0557,557,1.003984,Cấp Giấy chứng nhận kiểm dịch thực vật đối với các lô vật thể vận chuyển từ vùng nhiễm đối tượng kiểm dịch thực vật,Trồng trọt và Bảo vệ thực vật,Sở Nông nghiệp và Môi trường,Một phần,Cấp tỉnh,2,26,https://datafiles.hanoi.gov.vn/gov-hni/8123/VanBan/2026/4/22/QD%20492%20PL2.pdf,2026-04-14,False,False,PL2-0557_1_003984.md
PL2-0558,558,1.008004,Chuyển đổi cơ cấu cây trồng. vật nuôi trên đất trồng lúa,Trồng trọt,Sở Nông nghiệp và Môi trường,Một phần,Cấp tỉnh,2,26,https://datafiles.hanoi.gov.vn/gov-hni/8123/VanBan/2026/4/22/QD%20492%20PL2.pdf,2026-04-14,False,False,PL2-0558_1_008004.md
PL2-0559,559,1.012692,Điều chỉnh chủ trương chuyển mục đích sử dụng rừng sang mục đích khác thuộc thẩm quyền của Hội đồng nhân dân Thành phố,Kiểm lâm,Sở Nông nghiệp và Môi trường,Một phần,Cấp tỉnh,2,26,https://datafiles.hanoi.gov.vn/gov-hni/8123/VanBan/2026/4/22/QD%20492%20PL2.pdf,2026-04-14,False,False,PL2-0559_1_012692.md
PL2-0560,560,3.000152,Quyết định chủ trương chuyển mục đích sử dụng rừng sang mục đích khác,Kiểm lâm,Sở Nông nghiệp và Môi trường,Một phần,Cấp tỉnh,2,26,https://datafiles.hanoi.gov.vn/gov-hni/8123/VanBan/2026/4/22/QD%20492%20PL2.pdf,2026-04-14,False,False,PL2-0560_3_000152.md
PL2-0561,561,1.012689,Quyết định chuyển mục đích sử dụng rừng sang mục đích khác đối với tổ chức,Kiểm lâm,Sở Nông nghiệp và Môi trường,Một phần,Cấp tỉnh,2,26,https://datafiles.hanoi.gov.vn/gov-hni/8123/VanBan/2026/4/22/QD%20492%20PL2.pdf,2026-04-14,False,False,PL2-0561_1_012689.md
PL2-0562,562,1.012690,Phê duyệt Phương án sử dụng rừng đối với các công trình kết cấu hạ tầng phục vụ bảo vệ và phát triển rừng thuộc địa phương quản lý,Kiểm lâm,Sở Nông nghiệp và Môi trường,Một phần,Cấp tỉnh,2,26,https://datafiles.hanoi.gov.vn/gov-hni/8123/VanBan/2026/4/22/QD%20492%20PL2.pdf,2026-04-14,False,False,PL2-0562_1_012690.md
PL2-0563,563,1.012687,Điều chỉnh phân khu chức năng của khu rừng đặc dụng thuộc địa phương quản lý,Lâm nghiệp,Sở Nông nghiệp và Môi trường,Một phần,Cấp tỉnh,2,26,https://datafiles.hanoi.gov.vn/gov-hni/8123/VanBan/2026/4/22/QD%20492%20PL2.pdf,2026-04-14,False,False,PL2-0563_1_012687.md
PL2-0564,564,1.000084,Phê duyệt đề án du lịch sinh thái. nghỉ dưỡng. giải trí trong rừng đặc dụng thuộc thẩm quyền của Chủ tịch Ủy ban nhân dân cấp tỉnh,Lâm nghiệp,Sở Nông nghiệp và Môi trường,Một phần,Cấp tỉnh,2,26,https://datafiles.hanoi.gov.vn/gov-hni/8123/VanBan/2026/4/22/QD%20492%20PL2.pdf,2026-04-14,False,False,PL2-0564_1_000084.md
PL2-0565,565,1.000081,Phê duyệt đề án du lịch sinh thái. nghỉ dưỡng. giải trí trong rừng phòng hộ. thuộc thẩm quyền của Chủ tịch Ủy ban nhân dân cấp tỉnh,Lâm nghiệp,Sở Nông nghiệp và Môi trường,Một phần,Cấp tỉnh,2,26,https://datafiles.hanoi.gov.vn/gov-hni/8123/VanBan/2026/4/22/QD%20492%20PL2.pdf,2026-04-14,False,False,PL2-0565_1_000081.md
PL2-0566,566,1.014838,Chuyển loại rừng đối với khu rừng thuộc thẩm quyền của Chủ tịch Ủy ban nhân dân cấp tỉnh,Lâm nghiệp,Sở Nông nghiệp và Môi trường,Một phần,Cấp tỉnh,2,26,https://datafiles.hanoi.gov.vn/gov-hni/8123/VanBan/2026/4/22/QD%20492%20PL2.pdf,2026-04-14,False,False,PL2-0566_1_014838.md
PL2-0567,567,1.014836,Điều chỉnh ranh giới. diện tích khu rừng đặc dụng thuộc thẩm quyền của Chủ tịch Ủy ban nhân dân cấp tỉnh,Lâm nghiệp,Sở Nông nghiệp và Môi trường,Một phần,Cấp tỉnh,2,26,https://datafiles.hanoi.gov.vn/gov-hni/8123/VanBan/2026/4/22/QD%20492%20PL2.pdf,2026-04-14,False,False,PL2-0567_1_014836.md
PL2-0568,568,1.014837,Điều chỉnh ranh giới. diện tích khu rừng phòng hộ thuộc thẩm quyền của Chủ tịch Ủy ban nhân dân cấp tỉnh,Lâm nghiệp,Sở Nông nghiệp và Môi trường,Một phần,Cấp tỉnh,2,26,https://datafiles.hanoi.gov.vn/gov-hni/8123/VanBan/2026/4/22/QD%20492%20PL2.pdf,2026-04-14,False,False,PL2-0568_1_014837.md
PL2-0569,569,1.012921,Thanh lý rừng trồng thuộc thẩm quyền quyết định của Chủ tịch Ủy ban nhân dân cấp tỉnh,Lâm nghiệp,Sở Nông nghiệp và Môi trường,Một phần,Cấp tỉnh,2,27,https://datafiles.hanoi.gov.vn/gov-hni/8123/VanBan/2026/4/22/QD%20492%20PL2.pdf,2026-04-14,False,False,PL2-0569_1_012921.md
PL2-0570,570,1.014839,Giao rừng. cho thuê rừng khi đã được giao đất. cho thuê đất có rừng hoặc đã được công nhận quyền sử dụng đất có rừng thuộc thẩm quyền của Chủ tịch Ủy ban nhân dân cấp tỉnh,Lâm nghiệp,Sở Nông nghiệp và Môi trường,Một phần,Cấp tỉnh,2,27,https://datafiles.hanoi.gov.vn/gov-hni/8123/VanBan/2026/4/22/QD%20492%20PL2.pdf,2026-04-14,False,False,PL2-0570_1_014839.md
PL2-0571,571,1.007918,Thẩm định thiết kế. dự toán hoặc thẩm định điều chỉnh thiết kế. dự toán công trình lâm sinh sử dụng vốn đầu tư công đối với các dự án do Chủ tịch Uỷ ban nhân dân cấp tỉnh quyết định đầu tư,Lâm nghiệp,Sở Nông nghiệp và Môi trường,Một phần,Cấp tỉnh,2,27,https://datafiles.hanoi.gov.vn/gov-hni/8123/VanBan/2026/4/22/QD%20492%20PL2.pdf,2026-04-14,False,False,PL2-0571_1_007918.md
PL2-0572,572,1.012413,Phê duyệt hoặc điều chỉnh Phương án tạm sử dụng rừng,Kiểm lâm,Sở Nông nghiệp và Môi trường,Một phần,Cấp tỉnh,2,27,https://datafiles.hanoi.gov.vn/gov-hni/8123/VanBan/2026/4/22/QD%20492%20PL2.pdf,2026-04-14,False,False,PL2-0572_1_012413.md
PL2-0573,573,3.000160,Phân loại doanh nghiệp trồng. khai thác và cung cấp gỗ rừng trồng. chế biến. nhập khẩu. xuất khẩu gỗ,Kiểm lâm,Sở Nông nghiệp và Môi trường,Một phần,Cấp tỉnh,2,27,https://datafiles.hanoi.gov.vn/gov-hni/8123/VanBan/2026/4/22/QD%20492%20PL2.pdf,2026-04-14,False,False,PL2-0573_3_000160.md
PL2-0574,574,3.000159,Xác nhận nguồn gốc gỗ trước khi xuất khẩu,Kiểm lâm,Sở Nông nghiệp và Môi trường,Một phần,Cấp tỉnh,2,27,https://datafiles.hanoi.gov.vn/gov-hni/8123/VanBan/2026/4/22/QD%20492%20PL2.pdf,2026-04-14,False,False,PL2-0574_3_000159.md
PL2-0575,575,1.012531,Hỗ trợ lãi suất vốn vay ngân hàng để trồng rừng gỗ lớn đối với chủ rừng là hộ gia đình. cá nhân,Lâm nghiệp,Sở Nông nghiệp và Môi trường,Một phần,Cấp xã,2,27,https://datafiles.hanoi.gov.vn/gov-hni/8123/VanBan/2026/4/22/QD%20492%20PL2.pdf,2026-04-14,False,False,PL2-0575_1_012531.md
PL2-0576,576,1.007919,Thẩm định thiết kế. dự toán công trình lâm sinh hoặc thẩm định điều chỉnh thiết kế. dự toán công trình lâm sinh sử dụng vốn đầu tư công đối với công trình lâm sinh thuộc dự án do Chủ tịch Ủy ban nhân dân cấp xã quyết định đầu tư,Lâm nghiệp,Sở Nông nghiệp và Môi trường,Một phần,Cấp xã,2,27,https://datafiles.hanoi.gov.vn/gov-hni/8123/VanBan/2026/4/22/QD%20492%20PL2.pdf,2026-04-14,False,False,PL2-0576_1_007919.md
PL2-0577,577,1.012922,Kiểm tra hiện trường rừng trồng bị thiệt hại,Lâm nghiệp,Sở Nông nghiệp và Môi trường,Một phần,Cấp xã,2,27,https://datafiles.hanoi.gov.vn/gov-hni/8123/VanBan/2026/4/22/QD%20492%20PL2.pdf,2026-04-14,False,False,PL2-0577_1_012922.md
PL2-0578,578,1.014832,Giao rừng. cho thuê rừng khi đã được giao đất. cho thuê đất có rừng hoặc đã được công nhận quyền sử dụng đất có rừng thuộc thẩm quyền của Chủ tịch Ủy ban nhân dân cấp xã,Lâm nghiệp,Sở Nông nghiệp và Môi trường,Một phần,Cấp xã,2,27,https://datafiles.hanoi.gov.vn/gov-hni/8123/VanBan/2026/4/22/QD%20492%20PL2.pdf,2026-04-14,False,False,PL2-0578_1_014832.md
PL2-0579,579,1.012694,Quyết định chuyển mục đích sử dụng rừng sang mục đích khác đối với cá nhân,Kiểm lâm,Sở Nông nghiệp và Môi trường,Một phần,Cấp xã,2,27,https://datafiles.hanoi.gov.vn/gov-hni/8123/VanBan/2026/4/22/QD%20492%20PL2.pdf,2026-04-14,False,False,PL2-0579_1_012694.md
PL2-0580,580,1.000049,Cấp. gia hạn. cấp lại. cấp đổi chứng chỉ hành nghề đo đạc và bản đồ hạng II,Đo đạc. bản đồ và thông tin địa lý,Sở Nông nghiệp và Môi trường,Một phần,Cấp tỉnh,2,27,https://datafiles.hanoi.gov.vn/gov-hni/8123/VanBan/2026/4/22/QD%20492%20PL2.pdf,2026-04-14,False,False,PL2-0580_1_000049.md
PL2-0581,581,1.013644,Cấp phép đối với các hoạt động liên quan đến đê điều thuộc trách nhiệm của Uỷ ban nhân dân tỉnh,Quản lý Đê điều và Phòng. chống thiên tai,Sở Nông nghiệp và Môi trường,Một phần,Cấp tỉnh,2,27,https://datafiles.hanoi.gov.vn/gov-hni/8123/VanBan/2026/4/22/QD%20492%20PL2.pdf,2026-04-14,False,False,PL2-0581_1_013644.md
PL2-0582,582,1.008408,Phê duyệt việc tiếp nhận viện trợ quốc tế khẩn cấp để cứu trợ thuộc thẩm quyền của Ủy ban nhân dân cấp tỉnh. Uỷ ban Mặt trận Tổ quốc Việt Nam cấp tỉnh,Quản lý Đê điều và Phòng. chống thiên tai,Sở Nông nghiệp và Môi trường,Một phần,Cấp tỉnh,2,27,https://datafiles.hanoi.gov.vn/gov-hni/8123/VanBan/2026/4/22/QD%20492%20PL2.pdf,2026-04-14,False,False,PL2-0582_1_008408.md
PL2-0583,583,1.014846,Phê duyệt Văn kiện. điều chỉnh Văn kiện viện trợ quốc tế khẩn cấp để khắc phục hậu quả thiên tai không thuộc thẩm quyền quyết định chủ trương tiếp nhận của Thủ tướng Chính phủ (cấp tỉnh),Quản lý Đê điều và Phòng. chống thiên tai,Sở Nông nghiệp và Môi trường,Một phần,Cấp tỉnh,2,27,https://datafiles.hanoi.gov.vn/gov-hni/8123/VanBan/2026/4/22/QD%20492%20PL2.pdf,2026-04-14,False,False,PL2-0583_1_014846.md
PL2-0584,584,1.014958,Thông báo phương án chăn nuôi. phương án quản lý và kiểm soát nguy cơ rủi ro trong hoạt động chăn nuôi bò cạp trên địa bàn tỉnh,Chăn nuôi,Sở Nông nghiệp và Môi trường,Một phần,Cấp tỉnh,2,27,https://datafiles.hanoi.gov.vn/gov-hni/8123/VanBan/2026/4/22/QD%20492%20PL2.pdf,2026-04-14,False,False,PL2-0584_1_014958.md
PL2-0585,585,1.013825,"Chuyển hình thức giao đất, cho thuê đất",Đất đai,Sở Nông nghiệp và Môi trường,Một phần,Cấp tỉnh,2,27,https://datafiles.hanoi.gov.vn/gov-hni/8123/VanBan/2026/4/22/QD%20492%20PL2.pdf,2026-04-14,False,False,PL2-0585_1_013825.md
PL2-0586,586,1.013823,"Giao đất, cho thuê đất, chuyển mục đích sử dụng đất đối với trường hợp giao đất, cho thuê đất không đấu giá quyền sử dụng đất, không đấu thầu lựa chọn nhà đầu tư thực hiện dự án có sử dụng đất; trường hợp giao đất, cho thuê đất thông qua đấu thầu lựa chọn nhà đầu tư thực hiện dự án có sử dụng đất; giao đất và giao rừng; cho thuê đất và cho thuê rừng; gia hạn sử dụng đất khi hết thời hạn sử dụng đất",Đất đai,Sở Nông nghiệp và Môi trường,Một phần,Cấp tỉnh,2,27,https://datafiles.hanoi.gov.vn/gov-hni/8123/VanBan/2026/4/22/QD%20492%20PL2.pdf,2026-04-14,False,False,PL2-0586_1_013823.md
PL2-0587,587,1.013947,Xác nhận tiếp tục sử dụng đất nông nghiệp,Đất đai,Sở Nông nghiệp và Môi trường,Một phần,Cấp tỉnh,2,27,https://datafiles.hanoi.gov.vn/gov-hni/8123/VanBan/2026/4/22/QD%20492%20PL2.pdf,2026-04-14,False,False,PL2-0587_1_013947.md
PL2-0588,588,1.013946,"Sử dụng đất kết hợp đa mục đích, gia hạn phương án sử dụng đất kết hợp đa mục đích",Đất đai,Sở Nông nghiệp và Môi trường,Một phần,Cấp tỉnh,2,27,https://datafiles.hanoi.gov.vn/gov-hni/8123/VanBan/2026/4/22/QD%20492%20PL2.pdf,2026-04-14,False,False,PL2-0588_1_013946.md
PL2-0589,589,1.013995,"Đăng ký tài sản gắn liền với thửa đất đã được cấp Giấy chứng nhận hoặc đăng ký thay đổi về tài sản gắn liền với đất so với nội dung đã đăng ký, gia hạn thời hạn sở hữu nhà ở của tổ chức nước ngoài, cá nhân nước ngoài theo quy định của pháp luật về nhà ở nội dung đã đăng ký",Đất đai,Sở Nông nghiệp và Môi trường,Một phần,Cấp tỉnh,2,28,https://datafiles.hanoi.gov.vn/gov-hni/8123/VanBan/2026/4/22/QD%20492%20PL2.pdf,2026-04-14,False,False,PL2-0589_1_013995.md
PL2-0590,590,1.013945,"Tổ chức kinh tế nhận chuyển nhượng, thuê quyền sử dụng đất, nhận góp vốn bằng quyền sử dụng đất để thực hiện dự án đầu tư",Đất đai,Sở Nông nghiệp và Môi trường,Một phần,Cấp tỉnh,2,28,https://datafiles.hanoi.gov.vn/gov-hni/8123/VanBan/2026/4/22/QD%20492%20PL2.pdf,2026-04-14,False,False,PL2-0590_1_013945.md
PL2-0591,591,1.013994,"Đăng ký, cấp Giấy chứng nhận đối với trường hợp chuyển nhượng dự án đầu tư có sử dụng đất",Đất đai,Sở Nông nghiệp và Môi trường,Một phần,Cấp tỉnh,2,28,https://datafiles.hanoi.gov.vn/gov-hni/8123/VanBan/2026/4/22/QD%20492%20PL2.pdf,2026-04-14,False,False,PL2-0591_1_013994.md
PL2-0592,592,1.013993,"Đăng ký, cấp Giấy chứng nhận đối với trường hợp hộ gia đình, cá nhân đang sử dụng đất không đúng mục đích đã được Nhà nước công nhận quyền sử dụng đất trước ngày 01 tháng 7 năm 2014",Đất đai,Sở Nông nghiệp và Môi trường,Một phần,Cấp tỉnh,2,28,https://datafiles.hanoi.gov.vn/gov-hni/8123/VanBan/2026/4/22/QD%20492%20PL2.pdf,2026-04-14,False,False,PL2-0592_1_013993.md
PL2-0593,593,1.013992,Đăng ký biến động chuyển mục đích sử dụng đất không phải xin phép cơ quan nhà nước có thẩm quyền,Đất đai,Sở Nông nghiệp và Môi trường,Một phần,Cấp tỉnh,2,28,https://datafiles.hanoi.gov.vn/gov-hni/8123/VanBan/2026/4/22/QD%20492%20PL2.pdf,2026-04-14,False,False,PL2-0593_1_013992.md
PL2-0594,594,1.013977,"Đăng ký biến động thay đổi quyền sử dụng đất, quyền sở hữu tài sản gắn liền với đất do chia, tách, hợp nhất, sáp nhập tổ chức hoặc chuyển đổi mô hình tổ chức, chuyển đổi loại hình doanh nghiệp theo quy định của pháp luật về doanh nghiệp; điều chỉnh quy hoạch xây dựng chi tiết; cấp Giấy chứng nhận cho từng thửa đất theo quy hoạch xây dựng chi tiết cho chủ đầu tư dự án có nhu cầu",Đất đai,Sở Nông nghiệp và Môi trường,Một phần,Cấp tỉnh,2,28,https://datafiles.hanoi.gov.vn/gov-hni/8123/VanBan/2026/4/22/QD%20492%20PL2.pdf,2026-04-14,False,False,PL2-0594_1_013977.md
PL2-0595,595,1.013833,"Đăng ký biến động đối với trường hợp đổi tên hoặc thay đổi thông tin về người sử dụng đất, chủ sở hữu tài sản gắn liền với đất hoặc thay đổi số hiệu hoặc địa chỉ của thửa đất; thay đổi hạn chế quyền sử dụng đất, quyền sở hữu tài sản gắn liền với đất hoặc có thay đổi quyền đối với thửa đất liền kề; giảm diện tích thửa đất do sạt lở tự nhiên",Đất đai,Sở Nông nghiệp và Môi trường,Một phần,Cấp tỉnh,2,28,https://datafiles.hanoi.gov.vn/gov-hni/8123/VanBan/2026/4/22/QD%20492%20PL2.pdf,2026-04-14,False,False,PL2-0595_1_013833.md
PL2-0596,596,1.013988,"Xóa ghi nợ tiền sử dụng đất, lệ phí trước bạ trên Giấy chứng nhận đã cấp",Đất đai,Sở Nông nghiệp và Môi trường,Một phần,Cấp tỉnh,2,28,https://datafiles.hanoi.gov.vn/gov-hni/8123/VanBan/2026/4/22/QD%20492%20PL2.pdf,2026-04-14,False,False,PL2-0596_1_013988.md
PL2-0597,597,1.01398,"Đăng ký biến động đối với trường hợp thay đổi quyền sử dụng đất, quyền sở hữu tài sản gắn liền với đất theo thỏa thuận của các thành viên hộ gia đình hoặc của vợ và chồng; quyền sử dụng đất xây dựng công trình trên mặt đất phục vụ cho việc vận hành, khai thác sử dụng công trình ngầm, quyền sở hữu công trình ngầm; bán tài sản, điều chuyển, chuyển nhượng quyền sử dụng đất là tài sản công theo quy định của pháp luật về quản lý, sử dụng tài sản công; nhận quyền sử dụng đất, quyền sở hữu tài sản gắn liền với đất theo kết quả giải quyết tranh chấp, khiếu nại, tố cáo về đất đai hoặc bản án, quyết định của Tòa án, quyết định thi hành án của cơ quan thi hành án đã được thi hành; quyết định hoặc phán quyết của Trọng tài thương mại Việt Nam về giải quyết tranh chấp giữa các bên phát sinh từ hoạt động thương mại liên quan đến đất đai; nhận quyền sử dụng đất, quyền sở hữu tài sản gắn liền với đất do xử lý tài sản thế chấp là quyền sử dụng đất, tài sản gắn liền với đất đã được đăng ký, bao gồm cả xử lý khoản nợ có nguồn gốc từ khoản nợ xấu của tổ chức tín dụng, chi nhánh ngân hàng nước ngoài",Đất đai,Sở Nông nghiệp và Môi trường,Một phần,Cấp tỉnh,2,28,https://datafiles.hanoi.gov.vn/gov-hni/8123/VanBan/2026/4/22/QD%20492%20PL2.pdf,2026-04-14,False,True,PL2-0597_1_01398.md
PL2-0598,598,1.013831,"Đăng ký biến động quyền sử dụng đất, quyền sở hữu tài sản gắn liền với đất trong các trường hợp chuyển đổi quyền sử dụng đất nông nghiệp mà không theo phương án dồn điền, đổi thửa; chuyển nhượng, thừa kế, tặng cho quyền sử dụng đất, quyền sở hữu tài sản gắn liền với đất, góp vốn bằng quyền sử dụng đất, quyền sở hữu tài sản gắn liền với đất; cho thuê, cho thuê lại quyền sử dụng đất trong dự án xây dựng kinh doanh kết cấu hạ tầng; bán hoặc tặng cho hoặc để thừa kế hoặc góp vốn bằng tài sản gắn liền với đất thuê của Nhà nước theo hình thức thuê đất trả tiền hàng năm",Đất đai,Sở Nông nghiệp và Môi trường,Một phần,Cấp tỉnh,2,28,https://datafiles.hanoi.gov.vn/gov-hni/8123/VanBan/2026/4/22/QD%20492%20PL2.pdf,2026-04-14,False,False,PL2-0598_1_013831.md
PL2-0599,599,1.013827,"Điều chỉnh quyết định giao đất, cho thuê đất, cho phép chuyển mục đích sử dụng đất do sai sót về ranh giới, vị trí, diện tích, mục đích sử dụng giữa bản đồ quy hoạch, bản đồ địa chính, quyết định giao đất, cho thuê đất, cho phép chuyển mục đích sử dụng đất và số liệu bàn giao đất trên thực địa.",Đất đai,Sở Nông nghiệp và Môi trường,Một phần,Cấp tỉnh,2,29,https://datafiles.hanoi.gov.vn/gov-hni/8123/VanBan/2026/4/22/QD%20492%20PL2.pdf,2026-04-14,False,False,PL2-0599_1_013827.md
PL2-0600,600,1.013826,"Điều chỉnh quyết định giao đất, cho thuê đất, cho phép chuyển mục đích sử dụng đất do thay đổi căn cứ quyết định giao đất, cho thuê đất, cho phép chuyển mục đích sử dụng đất; điều chỉnh thời hạn sử dụng đất của dự án đầu tư",Đất đai,Sở Nông nghiệp và Môi trường,Một phần,Cấp tỉnh,2,29,https://datafiles.hanoi.gov.vn/gov-hni/8123/VanBan/2026/4/22/QD%20492%20PL2.pdf,2026-04-14,False,False,PL2-0600_1_013826.md
PL2-0601,601,1.012821,"Thẩm định, phê duyệt phương án sử dụng đất",Đất đai,Sở Nông nghiệp và Môi trường,Một phần,Cấp tỉnh,2,29,https://datafiles.hanoi.gov.vn/gov-hni/8123/VanBan/2026/4/22/QD%20492%20PL2.pdf,2026-04-14,False,False,PL2-0601_1_012821.md
PL2-0602,602,1.012787,"Đăng ký, cấp Giấy chứng nhận quyền sử dụng đất, quyền sở hữu tài sản gắn liền với đất cho người nhận chuyển nhượng quyền sử dụng đất, quyền sở hữu nhà ở, công trình xây dựng trong dự án bất động sản",Đất đai,Sở Nông nghiệp và Môi trường,Một phần,Cấp tỉnh,2,29,https://datafiles.hanoi.gov.vn/gov-hni/8123/VanBan/2026/4/22/QD%20492%20PL2.pdf,2026-04-14,False,False,PL2-0602_1_012787.md
PL2-0603,603,1.012785,"Đăng ký, cấp Giấy chứng nhận đối với trường hợp đã chuyển quyền sử dụng đất trước ngày 01 tháng 8 năm 2024 mà bên chuyển quyền đã được cấp Giấy chứng nhận nhưng chưa thực hiện thủ tục chuyển quyền theo quy định",Đất đai,Sở Nông nghiệp và Môi trường,Một phần,Cấp tỉnh,2,29,https://datafiles.hanoi.gov.vn/gov-hni/8123/VanBan/2026/4/22/QD%20492%20PL2.pdf,2026-04-14,False,False,PL2-0603_1_012785.md
PL2-0604,604,1.012791,"Thu hồi Giấy chứng nhận đã cấp không đúng quy định của pháp luật đất đai do người sử dụng đất, chủ sở hữu tài sản gắn liền với đất phát hiện và cấp lại Giấy chứng nhận sau khi thu hồi",Đất đai,Sở Nông nghiệp và Môi trường,Một phần,Cấp tỉnh,2,29,https://datafiles.hanoi.gov.vn/gov-hni/8123/VanBan/2026/4/22/QD%20492%20PL2.pdf,2026-04-14,False,False,PL2-0604_1_012791.md
PL2-0605,605,1.01279,Đính chính Giấy chứng nhận đã cấp,Đất đai,Sở Nông nghiệp và Môi trường,Một phần,Cấp tỉnh,2,29,https://datafiles.hanoi.gov.vn/gov-hni/8123/VanBan/2026/4/22/QD%20492%20PL2.pdf,2026-04-14,False,True,PL2-0605_1_01279.md
PL2-0606,606,1.012784,Tách thửa hoặc hợp thửa đất.,Đất đai,Sở Nông nghiệp và Môi trường,Một phần,Cấp tỉnh,2,29,https://datafiles.hanoi.gov.vn/gov-hni/8123/VanBan/2026/4/22/QD%20492%20PL2.pdf,2026-04-14,False,False,PL2-0606_1_012784.md
PL2-0607,607,1.012783,"Cấp đổi Giấy chứng nhận quyền sử dụng đất, quyền sở hữu tài sản gắn liền với đất",Đất đai,Sở Nông nghiệp và Môi trường,Một phần,Cấp tỉnh,2,29,https://datafiles.hanoi.gov.vn/gov-hni/8123/VanBan/2026/4/22/QD%20492%20PL2.pdf,2026-04-14,False,False,PL2-0607_1_012783.md
PL2-0608,608,1.012782,"Đăng ký, cấp Giấy chứng nhận đối với trường hợp cá nhân, hộ gia đình đã được cấp Giấy chứng nhận một phần diện tích vào loại đất ở trước ngày 01 tháng 7 năm 2004, phần diện tích còn lại của thửa đất chưa được cấp Giấy chứng nhận",Đất đai,Sở Nông nghiệp và Môi trường,Một phần,Cấp tỉnh,2,29,https://datafiles.hanoi.gov.vn/gov-hni/8123/VanBan/2026/4/22/QD%20492%20PL2.pdf,2026-04-14,False,False,PL2-0608_1_012782.md
PL2-0609,609,1.012781,"Đăng ký, cấp Giấy chứng nhận đối với thửa đất có diện tích tăng thêm do thay đổi ranh giới so với Giấy chứng nhận đã cấp",Đất đai,Sở Nông nghiệp và Môi trường,Một phần,Cấp tỉnh,2,29,https://datafiles.hanoi.gov.vn/gov-hni/8123/VanBan/2026/4/22/QD%20492%20PL2.pdf,2026-04-14,False,False,PL2-0609_1_012781.md
PL2-0610,610,1.012793,Đăng ký biến động đối với trường hợp thành viên của hộ gia đình hoặc cá nhân đang sử dụng đất thành lập doanh nghiệp tư nhân và sử dụng đất vào hoạt động sản xuất kinh doanh của doanh nghiệp,Đất đai,Sở Nông nghiệp và Môi trường,Một phần,Cấp tỉnh,2,29,https://datafiles.hanoi.gov.vn/gov-hni/8123/VanBan/2026/4/22/QD%20492%20PL2.pdf,2026-04-14,False,False,PL2-0610_1_012793.md
PL2-0611,611,1.012766,"Xóa đăng ký thuê, cho thuê lại quyền sử dụng đất trong dự án xây dựng kinh doanh kết cấu hạ tầng",Đất đai,Sở Nông nghiệp và Môi trường,Một phần,Cấp tỉnh,2,29,https://datafiles.hanoi.gov.vn/gov-hni/8123/VanBan/2026/4/22/QD%20492%20PL2.pdf,2026-04-14,False,False,PL2-0611_1_012766.md
PL2-0612,612,1.014275,"Tổ chức kinh tế nhận chuyển nhượng, thuê quyền sử dụng đất, nhận góp vốn bằng quyền sử dụng đất để thực hiện dự án đầu tư.",Đất đai,Sở Nông nghiệp và Môi trường,Một phần,Cấp xã,2,29,https://datafiles.hanoi.gov.vn/gov-hni/8123/VanBan/2026/4/22/QD%20492%20PL2.pdf,2026-04-14,False,False,PL2-0612_1_014275.md
PL2-0613,613,1.013979,Tặng cho quyền sử dụng đất cho Nhà nước hoặc cộng đồng dân cư hoặc mở rộng đường giao thông đối với trường hợp thửa đất chưa được cấp Giấy chứng nhận,Đất đai,Sở Nông nghiệp và Môi trường,Một phần,Cấp xã,2,29,https://datafiles.hanoi.gov.vn/gov-hni/8123/VanBan/2026/4/22/QD%20492%20PL2.pdf,2026-04-14,False,False,PL2-0613_1_013979.md
PL2-0614,614,1.013978,"Đăng ký đất đai, tài sản gắn liền với đất, cấp Giấy chứng nhận quyền sử dụng đất, quyền sở hữu tài sản gắn liền với đất lần đầu đối với hộ gia đình, cá nhân, cộng đồng dân cư, người gốc Việt Nam định cư ở nước ngoài",Đất đai,Sở Nông nghiệp và Môi trường,Một phần,Cấp xã,2,29,https://datafiles.hanoi.gov.vn/gov-hni/8123/VanBan/2026/4/22/QD%20492%20PL2.pdf,2026-04-14,False,False,PL2-0614_1_013978.md
PL2-0615,615,1.013953,"Điều chỉnh quyết định giao đất, cho thuê đất, cho phép chuyển mục đích sử dụng đất do sai sót về ranh giới, vị trí, diện tích, mục đích sử dụng giữa bản đồ quy hoạch, bản đồ địa chính, quyết định giao đất, cho thuê đất, cho phép chuyển mục đích sử dụng đất và số liệu bàn giao đất trên thực địa",Đất đai,Sở Nông nghiệp và Môi trường,Một phần,Cấp xã,2,29,https://datafiles.hanoi.gov.vn/gov-hni/8123/VanBan/2026/4/22/QD%20492%20PL2.pdf,2026-04-14,False,False,PL2-0615_1_013953.md
PL2-0616,616,1.013952,"Điều chỉnh quyết định giao đất, cho thuê đất, cho phép chuyển mục đích sử dụng đất do thay đổi căn cứ quyết định giao đất, cho thuê đất, cho phép chuyển mục đích sử dụng đất; điều chỉnh thời hạn sử dụng đất của dự án đầu tư.",Đất đai,Sở Nông nghiệp và Môi trường,Một phần,Cấp xã,2,29,https://datafiles.hanoi.gov.vn/gov-hni/8123/VanBan/2026/4/22/QD%20492%20PL2.pdf,2026-04-14,False,False,PL2-0616_1_013952.md
PL2-0617,617,1.01395,"Chuyển hình thức giao đất, cho thuê đất.",Đất đai,Sở Nông nghiệp và Môi trường,Một phần,Cấp xã,2,29,https://datafiles.hanoi.gov.vn/gov-hni/8123/VanBan/2026/4/22/QD%20492%20PL2.pdf,2026-04-14,False,True,PL2-0617_1_01395.md
PL2-0618,618,1.013965,"Sử dụng đất kết hợp đa mục đích, gia hạn phương án sử dụng đất kết hợp đa mục đích.",Đất đai,Sở Nông nghiệp và Môi trường,Một phần,Cấp xã,2,29,https://datafiles.hanoi.gov.vn/gov-hni/8123/VanBan/2026/4/22/QD%20492%20PL2.pdf,2026-04-14,False,False,PL2-0618_1_013965.md
PL2-0619,619,1.013962,"Giao đất ở có thu tiền sử dụng đất không thông qua đấu giá, không đấu thầu lựa chọn nhà đầu tư thực hiện dự án có sử dụng đất đối với cá nhân là cán bộ, công chức, viên chức, sĩ quan tại ngũ, quân nhân chuyên nghiệp, công chức quốc phòng, công nhân và viên chức quốc phòng, sĩ quan, hạ sĩ quan, công nhân công an, người làm công tác cơ yếu và người làm công tác khác trong tổ chức cơ yếu hưởng lương từ ngân sách nhà nước mà chưa được giao đất ở, nhà ở; giáo viên, nhân viên y tế đang công tác tại các xã biên giới, hải đảo thuộc vùng có điều kiện kinh tế - xã hội khó khăn, vùng có điều kiện kinh tế - xã hội đặc biệt khó khăn nhưng chưa có đất ở, nhà ở tại nơi công tác hoặc chưa được hưởng chính sách hỗ trợ về nhà ở theo quy định của pháp luật về nhà ở; cá nhân thường trú tại xã mà không có đất ở và chưa được Nhà nước giao đất ở hoặc chưa được hưởng chính sách hỗ trợ về nhà ở theo quy định của pháp luật về nhà ở",Đất đai,Sở Nông nghiệp và Môi trường,Một phần,Cấp xã,2,30,https://datafiles.hanoi.gov.vn/gov-hni/8123/VanBan/2026/4/22/QD%20492%20PL2.pdf,2026-04-14,False,False,PL2-0619_1_013962.md
PL2-0620,620,1.013949,"Giao đất, cho thuê đất, chuyển mục đích sử dụng đất đối với trường hợp giao đất, cho thuê đất không đấu giá quyền sử dụng đất, không đấu thầu lựa chọn nhà đầu tư thực hiện dự án có sử dụng đất; trường hợp giao đất, cho thuê đất thông qua đấu thầu lựa chọn nhà đầu tư thực hiện dự án có sử dụng đất; giao đất và giao rừng; cho thuê đất và cho thuê rừng, gia hạn sử dụng đất khi hết thời hạn sử dụng đất",Đất đai,Sở Nông nghiệp và Môi trường,Một phần,Cấp xã,2,30,https://datafiles.hanoi.gov.vn/gov-hni/8123/VanBan/2026/4/22/QD%20492%20PL2.pdf,2026-04-14,False,False,PL2-0620_1_013949.md
PL2-0621,621,1.012818,"Thu hồi Giấy chứng nhận đã cấp lần đầu không đúng quy định của pháp luật đất đai do người sử dụng đất, chủ sở hữu tài sản gắn liền với đất phát hiện và cấp lại Giấy chứng nhận sau khi thu hồi",Đất đai,Sở Nông nghiệp và Môi trường,Một phần,Cấp xã,2,30,https://datafiles.hanoi.gov.vn/gov-hni/8123/VanBan/2026/4/22/QD%20492%20PL2.pdf,2026-04-14,False,False,PL2-0621_1_012818.md
PL2-0622,622,1.012796,Đính chính Giấy chứng nhận đã cấp lần đầu có sai sót,Đất đai,Sở Nông nghiệp và Môi trường,Một phần,Cấp xã,2,30,https://datafiles.hanoi.gov.vn/gov-hni/8123/VanBan/2026/4/22/QD%20492%20PL2.pdf,2026-04-14,False,False,PL2-0622_1_012796.md
PL2-0623,623,1.012817,"Xác định lại diện tích đất ở của hộ gia đình, cá nhân đã được cấp Giấy chứng nhận trước ngày 01 tháng 7 năm 2004",Đất đai,Sở Nông nghiệp và Môi trường,Một phần,Cấp xã,2,30,https://datafiles.hanoi.gov.vn/gov-hni/8123/VanBan/2026/4/22/QD%20492%20PL2.pdf,2026-04-14,False,False,PL2-0623_1_012817.md
PL2-0624,624,1.012753,"Đăng ký đất đai, tài sản gắn liền với đất, cấp Giấy chứng nhận quyền sử dụng đất, quyền sở hữu tài sản gắn liền với đất lần đầu đối với tổ chức đang sử dụng đất",Đất đai,Sở Nông nghiệp và Môi trường,Một phần,Cấp xã,2,30,https://datafiles.hanoi.gov.vn/gov-hni/8123/VanBan/2026/4/22/QD%20492%20PL2.pdf,2026-04-14,False,False,PL2-0624_1_012753.md
PL2-0625,625,1.014155,Thẩm định nhiệm vụ quy hoạch. nhiệm vụ điều chỉnh quy hoạch đô thị và nông thôn do nhà đầu tư đã được lựa chọn để thực hiện dự án đầu tư tổ chức lập,Quy hoạch đô thị và nông thôn,Sở Quy hoạch Kiến trúc,Một phần,Cấp tỉnh và cấp xã,2,30,https://datafiles.hanoi.gov.vn/gov-hni/8123/VanBan/2026/4/22/QD%20492%20PL2.pdf,2026-04-14,False,False,PL2-0625_1_014155.md
PL2-0626,626,1.014157,Thẩm định quy hoạch. điều chỉnh quy hoạch đô thị và nông thôn do nhà đầu tư đã được lựa chọn để thực hiện dự án đầu tư tổ chức lập,Quy hoạch đô thị và nông thôn,Sở Quy hoạch Kiến trúc,Một phần,Cấp tỉnh và cấp xã,2,30,https://datafiles.hanoi.gov.vn/gov-hni/8123/VanBan/2026/4/22/QD%20492%20PL2.pdf,2026-04-14,False,False,PL2-0626_1_014157.md
PL2-0627,627,1.009642,Thủ tục chấp thuận nhà đầu tư thuộc thẩm quyền của UBND cấp tỉnh,Đầu tư tại việt nam,Sở Tài chính,Một phần,Cấp tỉnh,2,30,https://datafiles.hanoi.gov.vn/gov-hni/8123/VanBan/2026/4/22/QD%20492%20PL2.pdf,2026-04-14,False,False,PL2-0627_1_009642.md
PL2-0628,628,1.009644,Thủ tục điều chỉnh văn bản chấp thuận nhà đầu tu thuộc thẩm quyền của UBND cấp tỉnh,Đầu tư tại việt nam,Sở Tài chính,Một phần,Cấp tỉnh,2,30,https://datafiles.hanoi.gov.vn/gov-hni/8123/VanBan/2026/4/22/QD%20492%20PL2.pdf,2026-04-14,False,False,PL2-0628_1_009644.md
PL2-0629,629,1.009645,Thủ tục chấp thuận chủ trương đầu tư thuộc thẩm quyền của UBND cấp tỉnh,Đầu tư tại việt nam,Sở Tài chính,Một phần,Cấp tỉnh,2,30,https://datafiles.hanoi.gov.vn/gov-hni/8123/VanBan/2026/4/22/QD%20492%20PL2.pdf,2026-04-14,False,False,PL2-0629_1_009645.md
PL2-0630,630,1.009646,Thủ tục điều chỉnh dự án đầu tư thuộc thẩm quyền chấp thuận chủ trương đầu tư của UBND cấp tinh,Đầu tư tại việt nam,Sở Tài chính,Một phần,Cấp tỉnh,2,30,https://datafiles.hanoi.gov.vn/gov-hni/8123/VanBan/2026/4/22/QD%20492%20PL2.pdf,2026-04-14,False,False,PL2-0630_1_009646.md
PL2-0631,631,1.009659,Thủ tục gia hạn thời hạn hoạt động của dự án đầu tư thuộc thẩm quyền của UBND cấp tỉnh,Đầu tư tại việt nam,Sở Tài chính,Một phần,Cấp tỉnh,2,30,https://datafiles.hanoi.gov.vn/gov-hni/8123/VanBan/2026/4/22/QD%20492%20PL2.pdf,2026-04-14,False,False,PL2-0631_1_009659.md
PL2-0632,632,1.009661,Thủ tục ngừng hoạt động của dự án đầu tư thuộc thẩm quyền chấp thuận chủ trương đầu tư của UBND cấp tỉnh hoặc Sở Tài chính cấp Giấy chứng nhận đăng ký đầu tư,Đầu tư tại việt nam,Sở Tài chính,Một phần,Cấp tỉnh,2,30,https://datafiles.hanoi.gov.vn/gov-hni/8123/VanBan/2026/4/22/QD%20492%20PL2.pdf,2026-04-14,False,False,PL2-0632_1_009661.md
PL2-0633,633,1.009664,Thủ tục cấp Giấy chứng nhận đăng ký đầu tư đối với dự án không thuộc diện chấp thuận chủ trương đầu tư (Sở Tài chính thực hiện),Đầu tư tại việt nam,Sở Tài chính,Một phần,Cấp tỉnh,2,30,https://datafiles.hanoi.gov.vn/gov-hni/8123/VanBan/2026/4/22/QD%20492%20PL2.pdf,2026-04-14,False,False,PL2-0633_1_009664.md
PL2-0634,634,1.009731,Thủ tục thành lập văn phòng điều hành của nhà đầu tư nước ngoài trong hợp đồng BCC,Đầu tư tại việt nam,Sở Tài chính,Một phần,Cấp tỉnh,2,30,https://datafiles.hanoi.gov.vn/gov-hni/8123/VanBan/2026/4/22/QD%20492%20PL2.pdf,2026-04-14,False,False,PL2-0634_1_009731.md
PL2-0635,635,1.009736,Thủ tục chấm dứt hoạt động văn phòng điều hành của nhà đầu tư nước ngoài trong hợp đồng BCC,Đầu tư tại việt nam,Sở Tài chính,Một phần,Cấp tỉnh,2,30,https://datafiles.hanoi.gov.vn/gov-hni/8123/VanBan/2026/4/22/QD%20492%20PL2.pdf,2026-04-14,False,False,PL2-0635_1_009736.md
PL2-0636,636,2.002058,Xác nhận chuyên gia (cấp tỉnh),Quản lý nợ và kinh tế đối ngoại,Sở Tài chính,Một phần,Cấp tỉnh,2,31,https://datafiles.hanoi.gov.vn/gov-hni/8123/VanBan/2026/4/22/QD%20492%20PL2.pdf,2026-04-14,False,False,PL2-0636_2_002058.md
PL2-0637,637,1.009706,Lập. thẩm định. quyết định phê duyệt khoản viện trợ phi dự án sử dụng viện trợ không hoàn lại không thuộc hỗ trợ phát triển chính thức của các cơ quan. tổ chức. cá nhân nước ngoài thuộc thẩm quyền quyết định của Ủy ban nhân dân cấp tỉnh,Quản lý nợ và kinh tế đối ngoại,Sở Tài chính,Một phần,Cấp tỉnh,2,31,https://datafiles.hanoi.gov.vn/gov-hni/8123/VanBan/2026/4/22/QD%20492%20PL2.pdf,2026-04-14,False,False,PL2-0637_1_009706.md
PL2-0638,638,1.009705,Lập. thẩm định. quyết định phê duyệt khoản viện trợ là chương trình. dự án đầu tư sử dụng viện trợ không hoàn lại không thuộc hỗ trợ phát triển chính thức của các cơ quan. tổ chức. cá nhân nước ngoài thuộc thẩm quyền quyết định của Ủy ban nhân dân cấp tỉnh,Quản lý nợ và kinh tế đối ngoại,Sở Tài chính,Một phần,Cấp tỉnh,2,31,https://datafiles.hanoi.gov.vn/gov-hni/8123/VanBan/2026/4/22/QD%20492%20PL2.pdf,2026-04-14,False,False,PL2-0638_1_009705.md
PL2-0639,639,1.009704,Lập. thẩm định. quyết định phê duyệt khoản viện trợ là chương trình. dự án hỗ trợ kỹ thuật sử dụng viện trợ không hoàn lại không thuộc hỗ trợ phát triển chính thức của các cơ quan. tổ chức. cá nhân nước ngoài thuộc thẩm quyền quyết định của Ủy ban nhân dân cấp tỉnh,Quản lý nợ và kinh tế đối ngoại,Sở Tài chính,Một phần,Cấp tỉnh,2,31,https://datafiles.hanoi.gov.vn/gov-hni/8123/VanBan/2026/4/22/QD%20492%20PL2.pdf,2026-04-14,False,False,PL2-0639_1_009704.md
PL2-0640,640,1.008423,Quyết định đầu tư chương trình. dự án sử dụng vốn ODA. vốn vay ưu đãi thuộc thẩm quyền của người đứng đầu cơ quan chủ quản,Quản lý nợ và kinh tế đối ngoại,Sở Tài chính,Một phần,Cấp tỉnh,2,31,https://datafiles.hanoi.gov.vn/gov-hni/8123/VanBan/2026/4/22/QD%20492%20PL2.pdf,2026-04-14,False,False,PL2-0640_1_008423.md
PL2-0641,641,2.001991,Quyết định phê duyệt văn kiện dự án hỗ trợ kỹ thuật. phi dự án (bao gồm dự án hỗ trợ kỹ thuật sử dụng vốn ODA. vốn vay ưu đãi. để chuẩn bị dự án đầu tư),Quản lý nợ và kinh tế đối ngoại,Sở Tài chính,Một phần,Cấp tỉnh,2,31,https://datafiles.hanoi.gov.vn/gov-hni/8123/VanBan/2026/4/22/QD%20492%20PL2.pdf,2026-04-14,False,False,PL2-0641_2_001991.md
PL2-0642,642,2.002053,Kế hoạch tổng thể thực hiện chương trình. dự án sử dụng vốn ODA. vốn vay ưu đãi. vốn đối ứng,Quản lý nợ và kinh tế đối ngoại,Sở Tài chính,Một phần,Cấp tỉnh,2,31,https://datafiles.hanoi.gov.vn/gov-hni/8123/VanBan/2026/4/22/QD%20492%20PL2.pdf,2026-04-14,False,False,PL2-0642_2_002053.md
PL2-0643,643,2.002050,Kế hoạch thực hiện chương trình. dự án sử dụng vốn ODA. vốn vay ưu đãi. vốn đối ứng hằng năm,Quản lý nợ và kinh tế đối ngoại,Sở Tài chính,Một phần,Cấp tỉnh,2,31,https://datafiles.hanoi.gov.vn/gov-hni/8123/VanBan/2026/4/22/QD%20492%20PL2.pdf,2026-04-14,False,False,PL2-0643_2_002050.md
PL2-0644,644,2.002551,Quyết định chủ trương đầu tư các dự án đầu tư nhóm B. nhóm C sử dụng vốn ODA và vốn vay ưu đãi của các nhà tài trợ nước ngoài,Quản lý nợ và kinh tế đối ngoại,Sở Tài chính,Một phần,Cấp tỉnh,2,31,https://datafiles.hanoi.gov.vn/gov-hni/8123/VanBan/2026/4/22/QD%20492%20PL2.pdf,2026-04-14,False,False,PL2-0644_2_002551.md
PL2-0645,645,1.009491,Trình tự chuẩn bị dự án đầu tư do nhà đầu tư đề xuất,Đầu tư theo phương thức PPP,Sở Tài chính,Một phần,Cấp tỉnh,2,31,https://datafiles.hanoi.gov.vn/gov-hni/8123/VanBan/2026/4/22/QD%20492%20PL2.pdf,2026-04-14,False,False,PL2-0645_1_009491.md
PL2-0646,646,2.002603,Công bố dự án đầu tư kinh doanh (gồm dự án đầu tư có sử dụng đất) đối với dự án không thuộc diện chấp thuận chủ trương đầu tư do nhà đầu tư đề xuất,Đấu thầu lựa chọn nhà đầu tư,Sở Tài chính,Một phần,Cấp tỉnh,2,31,https://datafiles.hanoi.gov.vn/gov-hni/8123/VanBan/2026/4/22/QD%20492%20PL2.pdf,2026-04-14,False,False,PL2-0646_2_002603.md
PL2-0647,647,1.012735,Hiệp thương giá,Quản lý giá,Sở Tài chính,Một phần,Cấp tỉnh,2,31,https://datafiles.hanoi.gov.vn/gov-hni/8123/VanBan/2026/4/22/QD%20492%20PL2.pdf,2026-04-14,False,False,PL2-0647_1_012735.md
PL2-0648,648,1.012744,Điều chỉnh giá hàng hóa. dịch vụ do Nhà nước định giá theo yêu cầu của tổ chức. cá nhân,Quản lý giá,Sở Tài chính,Một phần,Cấp tỉnh,2,31,https://datafiles.hanoi.gov.vn/gov-hni/8123/VanBan/2026/4/22/QD%20492%20PL2.pdf,2026-04-14,False,False,PL2-0648_1_012744.md
PL2-0649,649,2.002226,Thông báo thành lập/thay đổi tổ hợp tác,Thành lập và hoạt động của tổ hợp tác (Bộ Tài chính),Sở Tài chính,Một phần,Cấp xã,2,31,https://datafiles.hanoi.gov.vn/gov-hni/8123/VanBan/2026/4/22/QD%20492%20PL2.pdf,2026-04-14,False,False,PL2-0649_2_002226.md
PL2-0650,650,2.002228,Thông báo chấm dứt hoạt động của tổ hợp tác,Thành lập và hoạt động của tổ hợp tác (Bộ Tài chính),Sở Tài chính,Một phần,Cấp xã,2,31,https://datafiles.hanoi.gov.vn/gov-hni/8123/VanBan/2026/4/22/QD%20492%20PL2.pdf,2026-04-14,False,False,PL2-0650_2_002228.md
PL2-0651,651,2.002668,Đăng ký nhu cầu hỗ trợ của tổ hợp tác. hợp tác xã. liên hiệp hợp tác xã,Hỗ trợ tổ hợp tác. hợp tác xã. liên hiệp hợp tác xã (Bộ Tài chính),Sở Tài chính,Một phần,Cấp xã,2,31,https://datafiles.hanoi.gov.vn/gov-hni/8123/VanBan/2026/4/22/QD%20492%20PL2.pdf,2026-04-14,False,False,PL2-0651_2_002668.md
PL2-0652,652,1.014371,Thủ tục cấp Giấy chứng nhận đăng ký Quỹ hỗ trợ phát triển hợp tác xã (sau đây gọi tắt là Quỹ hợp tác xã) địa phương hoạt động theo mô hình hợp tác xã,Thành lập và hoạt động của tổ hợp tác xã. hợp tác xã và liên hiệp hợp tác xã,Sở Tài chính,Một phần,Cấp xã,2,32,https://datafiles.hanoi.gov.vn/gov-hni/8123/VanBan/2026/4/22/QD%20492%20PL2.pdf,2026-04-14,False,False,PL2-0652_1_014371.md
PL2-0653,653,1.009771,Thủ tục ngừng hoạt động của dự án đối với dự án đầu tư thuộc thẩm quyền chấp thuận chủ trương đầu tư của UBND cấp tỉnh hoặc Ban Quản lý (Ban Quản lý thực hiện),Đầu tư tại Việt Nam,Sở Tài chính,Một phần,Cấp tỉnh,2,32,https://datafiles.hanoi.gov.vn/gov-hni/8123/VanBan/2026/4/22/QD%20492%20PL2.pdf,2026-04-14,False,False,PL2-0653_1_009771.md
PL2-0654,654,1.009770,Thủ tục điều chỉnh dự án đầu tư đã được cấp Giấy chứng nhận đăng ký đầu tư và không thuộc diện chấp thuận điều chỉnh chủ trương đầu tư (Ban Quản lý thực hiện),Đầu tư tại Việt Nam,Sở Tài chính,Một phần,Cấp tỉnh,2,32,https://datafiles.hanoi.gov.vn/gov-hni/8123/VanBan/2026/4/22/QD%20492%20PL2.pdf,2026-04-14,False,False,PL2-0654_1_009770.md
PL2-0655,655,1.009748,Thủ tục chấp thuận chủ trương đầu tư thuộc thẩm quyền của Ban Quản lý,Đầu tư tại Việt Nam,Sở Tài chính,Một phần,Cấp tỉnh,2,32,https://datafiles.hanoi.gov.vn/gov-hni/8123/VanBan/2026/4/22/QD%20492%20PL2.pdf,2026-04-14,False,False,PL2-0655_1_009748.md
PL2-0656,656,1.009760,Thủ tục điều chỉnh dự án đầu tư đã được cấp Giấy chứng nhận đăng ký đầu tư và không thuộc diện chấp thuận điều chỉnh chủ trương đầu tư (Ban Quản lý thực hiện),Đầu tư tại Việt Nam,Sở Tài chính,Một phần,Cấp tỉnh,2,32,https://datafiles.hanoi.gov.vn/gov-hni/8123/VanBan/2026/4/22/QD%20492%20PL2.pdf,2026-04-14,False,False,PL2-0656_1_009760.md
PL2-0657,657,1.009755,Thủ tục chấp thuận nhà đầu tư thuộc thẩm quyền của Ban Quản lý (Ban Quản lý thực hiện),Đầu tư tại Việt Nam,Sở Tài chính,Một phần,Cấp tỉnh,2,32,https://datafiles.hanoi.gov.vn/gov-hni/8123/VanBan/2026/4/22/QD%20492%20PL2.pdf,2026-04-14,False,False,PL2-0657_1_009755.md
PL2-0658,658,2.000555,Cấp lại Giấy đăng ký hoạt động của Văn phòng giám định tư pháp trong trường hợp thay đổi tên gọi. địa chỉ trụ sở. người đại diện theo pháp luật. danh sách thành viên hợp danh của Văn phòng giám định tư pháp,Giám định tư pháp,Sở Tư pháp,Một phần,Cấp tỉnh,2,32,https://datafiles.hanoi.gov.vn/gov-hni/8123/VanBan/2026/4/22/QD%20492%20PL2.pdf,2026-04-14,False,False,PL2-0658_2_000555.md
PL2-0659,659,2.000568,Thay đổi. bổ sung lĩnh vực giám định của Văn phòng giám định tư pháp,Giám định tư pháp,Sở Tư pháp,Một phần,Cấp tỉnh,2,32,https://datafiles.hanoi.gov.vn/gov-hni/8123/VanBan/2026/4/22/QD%20492%20PL2.pdf,2026-04-14,False,False,PL2-0659_2_000568.md
PL2-0660,660,2.000823,Đăng ký hoạt động văn phòng giám định tư pháp,Giám định tư pháp,Sở Tư pháp,Một phần,Cấp tỉnh,2,32,https://datafiles.hanoi.gov.vn/gov-hni/8123/VanBan/2026/4/22/QD%20492%20PL2.pdf,2026-04-14,False,False,PL2-0660_2_000823.md
PL2-0661,661,2.000890,Cấp phép thành lập văn phòng giám định tư pháp,Giám định tư pháp,Sở Tư pháp,Một phần,Cấp tỉnh,2,32,https://datafiles.hanoi.gov.vn/gov-hni/8123/VanBan/2026/4/22/QD%20492%20PL2.pdf,2026-04-14,False,False,PL2-0661_2_000890.md
PL2-0662,662,1.008910,Thay đổi tên gọi. địa chỉ trụ sở Trung tâm hòa giải thương mại sang tỉnh. thành phố trực thuộc Trung ương khác; đăng ký hoạt động Trung tâm hoà giải thương mại khi thay đổi địa chỉ trụ sở sang tỉnh. thành phố trực thuộc trung ương khác,Hòa giải thương mại,Sở Tư pháp,Một phần,Cấp tỉnh,2,32,https://datafiles.hanoi.gov.vn/gov-hni/8123/VanBan/2026/4/22/QD%20492%20PL2.pdf,2026-04-14,False,False,PL2-0662_1_008910.md
PL2-0663,663,1.008909,Bổ sung hoạt động hòa giải thương mại cho Trung tâm trọng tài,Hòa giải thương mại,Sở Tư pháp,Một phần,Cấp tỉnh,2,32,https://datafiles.hanoi.gov.vn/gov-hni/8123/VanBan/2026/4/22/QD%20492%20PL2.pdf,2026-04-14,False,False,PL2-0663_1_008909.md
PL2-0664,664,1.008907,Cấp Giấy phép thành lập Trung tâm hòa giải thương mại,Hòa giải thương mại,Sở Tư pháp,Một phần,Cấp tỉnh,2,32,https://datafiles.hanoi.gov.vn/gov-hni/8123/VanBan/2026/4/22/QD%20492%20PL2.pdf,2026-04-14,False,False,PL2-0664_1_008907.md
PL2-0665,665,1.008885,Chấm dứt hoạt động Trung tâm trọng tài theo Điều lệ của Trung tâm trọng tài,Trọng tài thương mại,Sở Tư pháp,Một phần,Cấp tỉnh,2,32,https://datafiles.hanoi.gov.vn/gov-hni/8123/VanBan/2026/4/22/QD%20492%20PL2.pdf,2026-04-14,False,False,PL2-0665_1_008885.md
PL2-0666,666,1.013804,Bổ nhiệm lại công chứng viên,Công chứng,Sở Tư pháp,Một phần,Cấp tỉnh,2,32,https://datafiles.hanoi.gov.vn/gov-hni/8123/VanBan/2026/4/22/QD%20492%20PL2.pdf,2026-04-14,False,False,PL2-0666_1_013804.md
PL2-0667,667,1.000802,Cấp lại Chứng chỉ hành nghề đấu giá,Đấu giá tài sản,Sở Tư pháp,Một phần,Cấp tỉnh,2,32,https://datafiles.hanoi.gov.vn/gov-hni/8123/VanBan/2026/4/22/QD%20492%20PL2.pdf,2026-04-14,False,False,PL2-0667_1_000802.md
PL2-0668,668,1.003915,Thủ tục cấp Chứng chỉ hành nghề đấu giá,Đấu giá tài sản,Sở Tư pháp,Một phần,Cấp tỉnh,2,32,https://datafiles.hanoi.gov.vn/gov-hni/8123/VanBan/2026/4/22/QD%20492%20PL2.pdf,2026-04-14,False,False,PL2-0668_1_003915.md
PL2-0669,669,1.013635,Cấp lại Giấy đăng ký hoạt động của chi nhánh doanh nghiệp đấu giá tài sản,Đấu giá tài sản,Sở Tư pháp,Một phần,Cấp tỉnh,2,32,https://datafiles.hanoi.gov.vn/gov-hni/8123/VanBan/2026/4/22/QD%20492%20PL2.pdf,2026-04-14,False,False,PL2-0669_1_013635.md
PL2-0670,670,2.001225,Phê duyệt Trang thông tin đấu giá trực tuyến,Đấu giá tài sản,Sở Tư pháp,Một phần,Cấp tỉnh,2,32,https://datafiles.hanoi.gov.vn/gov-hni/8123/VanBan/2026/4/22/QD%20492%20PL2.pdf,2026-04-14,False,False,PL2-0670_2_001225.md
PL2-0671,671,2.000894,Miễn nhiệm giám định viên tư pháp cấp tỉnh,Giám định tư pháp,Sở Tư pháp,Một phần,Cấp tỉnh,2,32,https://datafiles.hanoi.gov.vn/gov-hni/8123/VanBan/2026/4/22/QD%20492%20PL2.pdf,2026-04-14,False,False,PL2-0671_2_000894.md
PL2-0672,672,1.001216,Chuyển đổi loại hình Văn phòng giám định tư pháp cấp tỉnh,Giám định tư pháp,Sở Tư pháp,Một phần,Cấp tỉnh,2,32,https://datafiles.hanoi.gov.vn/gov-hni/8123/VanBan/2026/4/22/QD%20492%20PL2.pdf,2026-04-14,False,False,PL2-0672_1_001216.md
PL2-0673,673,1.001122,Bổ nhiệm và cấp thẻ giám định viên tư pháp cấp tỉnh,Giám định tư pháp,Sở Tư pháp,Một phần,Cấp tỉnh,2,32,https://datafiles.hanoi.gov.vn/gov-hni/8123/VanBan/2026/4/22/QD%20492%20PL2.pdf,2026-04-14,False,False,PL2-0673_1_001122.md
PL2-0674,674,1.008890,Đăng ký hoạt động của Chi nhánh Trung tâm trọng tài; đăng ký hoạt động của Chi nhánh Trung tâm trọng tài khi thay đổi địa điểm đặt trụ sở sang tỉnh. thành phố trực thuộc trung ương khác,Trọng tài thương mại,Sở Tư pháp,Một phần,Cấp tỉnh,2,33,https://datafiles.hanoi.gov.vn/gov-hni/8123/VanBan/2026/4/22/QD%20492%20PL2.pdf,2026-04-14,False,False,PL2-0674_1_008890.md
PL2-0675,675,1.011444,Đăng ký thông báo xử lý tài sản bảo đảm. đăng ký thay đổi. xóa đăng ký thông báo xử lý tài sản bảo đảm là quyền sử dụng đất. tài sản gắn liền với đất,Đăng ký biện pháp bảo đảm,Sở Tư pháp,Một phần,Cấp tỉnh,2,33,https://datafiles.hanoi.gov.vn/gov-hni/8123/VanBan/2026/4/22/QD%20492%20PL2.pdf,2026-04-14,False,False,PL2-0675_1_011444.md
PL2-0676,676,1.011445,Chuyển tiếp đăng ký thế chấp quyền tài sản phát sinh từ hợp đồng mua bán nhà ở hoặc từ hợp đồng mua bán tài sản khác gắn liền với đất,Đăng ký biện pháp bảo đảm,Sở Tư pháp,Một phần,Cấp tỉnh,2,33,https://datafiles.hanoi.gov.vn/gov-hni/8123/VanBan/2026/4/22/QD%20492%20PL2.pdf,2026-04-14,False,False,PL2-0676_1_011445.md
PL2-0677,677,1.011443,Xóa đăng ký biện pháp bảo đảm bằng quyền sử dụng đất. tài sản gắn liền với đất,Đăng ký biện pháp bảo đảm,Sở Tư pháp,Một phần,Cấp tỉnh,2,33,https://datafiles.hanoi.gov.vn/gov-hni/8123/VanBan/2026/4/22/QD%20492%20PL2.pdf,2026-04-14,False,False,PL2-0677_1_011443.md
PL2-0678,678,1.011441,Đăng ký biện pháp bảo đảm bằng quyền sử dụng đất. tài sản gắn liền với đất,Đăng ký biện pháp bảo đảm,Sở Tư pháp,Một phần,Cấp tỉnh,2,33,https://datafiles.hanoi.gov.vn/gov-hni/8123/VanBan/2026/4/22/QD%20492%20PL2.pdf,2026-04-14,False,False,PL2-0678_1_011441.md
PL2-0679,679,1.011442,Đăng ký thay đổi biện pháp bảo đảm bằng quyền sử dụng đất. tài sản gắn liền với đất,Đăng ký biện pháp bảo đảm,Sở Tư pháp,Một phần,Cấp tỉnh,2,33,https://datafiles.hanoi.gov.vn/gov-hni/8123/VanBan/2026/4/22/QD%20492%20PL2.pdf,2026-04-14,False,False,PL2-0679_1_011442.md
PL2-0680,680,1.008904,Thay đổi nội dung Giấy đăng ký hoạt động của Trung tâm trọng tài; thay đổi nội dung Giấy đăng ký hoạt động của Chi nhánh Tổ chức trọng tài nước ngoài tại Việt Nam,Trọng tài thương mại,Sở Tư pháp,Một phần,Cấp tỉnh,2,33,https://datafiles.hanoi.gov.vn/gov-hni/8123/VanBan/2026/4/22/QD%20492%20PL2.pdf,2026-04-14,False,False,PL2-0680_1_008904.md
PL2-0681,681,1.008905,Thay đổi nội dung Giấy đăng ký hoạt động của Chi nhánh Trung tâm trọng tài khi thay đổi Trưởng Chi nhánh. địa điểm đặt trụ sở của Chi nhánh trong phạm vi tỉnh. thành phố trực thuộc trung ương,Trọng tài thương mại,Sở Tư pháp,Một phần,Cấp tỉnh,2,33,https://datafiles.hanoi.gov.vn/gov-hni/8123/VanBan/2026/4/22/QD%20492%20PL2.pdf,2026-04-14,False,False,PL2-0681_1_008905.md
PL2-0682,682,1.009284,Đăng ký làm hòa giải viên thương mại vụ việc,Hòa giải thương mại,Sở Tư pháp,Một phần,Cấp tỉnh,2,33,https://datafiles.hanoi.gov.vn/gov-hni/8123/VanBan/2026/4/22/QD%20492%20PL2.pdf,2026-04-14,False,False,PL2-0682_1_009284.md
PL2-0683,683,2.002191,Phục hồi danh dự (cấp tỉnh),Bồi thường nhà nước,Sở Tư pháp,Một phần,Cấp tỉnh,2,33,https://datafiles.hanoi.gov.vn/gov-hni/8123/VanBan/2026/4/22/QD%20492%20PL2.pdf,2026-04-14,False,False,PL2-0683_2_002191.md
PL2-0684,684,2.002192,Giải quyết yêu cầu bồi thường tại cơ quan trực tiếp quản lý người thi hành công vụ gây thiệt hại (cấp tỉnh),Bồi thường nhà nước,Sở Tư pháp,Một phần,Cấp tỉnh,2,33,https://datafiles.hanoi.gov.vn/gov-hni/8123/VanBan/2026/4/22/QD%20492%20PL2.pdf,2026-04-14,False,False,PL2-0684_2_002192.md
PL2-0685,685,2.002193,Xác định cơ quan giải quyết bồi thường (cấp tỉnh),Bồi thường nhà nước,Sở Tư pháp,Một phần,Cấp tỉnh,2,33,https://datafiles.hanoi.gov.vn/gov-hni/8123/VanBan/2026/4/22/QD%20492%20PL2.pdf,2026-04-14,False,False,PL2-0685_2_002193.md
PL2-0686,686,2.002039,Thủ tục nhập quốc tịch Việt Nam,Quốc tịch,Sở Tư pháp,Một phần,Cấp tỉnh,2,33,https://datafiles.hanoi.gov.vn/gov-hni/8123/VanBan/2026/4/22/QD%20492%20PL2.pdf,2026-04-14,False,False,PL2-0686_2_002039.md
PL2-0687,687,2.002139,Đăng ký tham dự kiểm tra kết quả tập sự hành nghề đấu giá tài sản,Đấu giá tài sản,Sở Tư pháp,Một phần,Cấp tỉnh,2,33,https://datafiles.hanoi.gov.vn/gov-hni/8123/VanBan/2026/4/22/QD%20492%20PL2.pdf,2026-04-14,False,False,PL2-0687_2_002139.md
PL2-0688,688,2.001395,Đăng ký hoạt động của doanh nghiệp đấu giá tài sản,Đấu giá tài sản,Sở Tư pháp,Một phần,Cấp tỉnh,2,33,https://datafiles.hanoi.gov.vn/gov-hni/8123/VanBan/2026/4/22/QD%20492%20PL2.pdf,2026-04-14,False,False,PL2-0688_2_001395.md
PL2-0689,689,1.001248,Cấp lại Giấy đăng ký hoạt động của Trung tâm trọng tài. Chi nhánh Trung tâm trọng tài. Chi nhánh của Tổ chức trọng tài nước ngoài tại Việt Nam,Trọng tài thương mại,Sở Tư pháp,Một phần,Cấp tỉnh,2,33,https://datafiles.hanoi.gov.vn/gov-hni/8123/VanBan/2026/4/22/QD%20492%20PL2.pdf,2026-04-14,False,False,PL2-0689_1_001248.md
PL2-0690,690,2.002165,Giải quyết yêu cầu bồi thường tại cơ quan trực tiếp quản lý người thi hành công vụ gây thiệt hại (cấp xã),Bồi thường nhà nước,Sở Tư pháp,Một phần,Cấp xã,2,33,https://datafiles.hanoi.gov.vn/gov-hni/8123/VanBan/2026/4/22/QD%20492%20PL2.pdf,2026-04-14,False,False,PL2-0690_2_002165.md
PL2-0691,691,2.001263,Đăng ký việc nuôi con nuôi trong nước,Nuôi con nuôi,Sở Tư pháp,Một phần,Cấp xã,2,33,https://datafiles.hanoi.gov.vn/gov-hni/8123/VanBan/2026/4/22/QD%20492%20PL2.pdf,2026-04-14,False,False,PL2-0691_2_001263.md
PL2-0692,692,1.004746,Thủ tục đăng ký lại kết hôn,Hộ tịch,Sở Tư pháp,Một phần,Cấp xã,2,33,https://datafiles.hanoi.gov.vn/gov-hni/8123/VanBan/2026/4/22/QD%20492%20PL2.pdf,2026-04-14,False,False,PL2-0692_1_004746.md
PL2-0693,693,1.000419,Thủ tục đăng ký khai tử lưu động,Hộ tịch,Sở Tư pháp,Một phần,Cấp xã,2,33,https://datafiles.hanoi.gov.vn/gov-hni/8123/VanBan/2026/4/22/QD%20492%20PL2.pdf,2026-04-14,False,False,PL2-0693_1_000419.md
PL2-0694,694,1.000593,Thủ tục đăng ký kết hôn lưu động,Hộ tịch,Sở Tư pháp,Một phần,Cấp xã,2,33,https://datafiles.hanoi.gov.vn/gov-hni/8123/VanBan/2026/4/22/QD%20492%20PL2.pdf,2026-04-14,False,False,PL2-0694_1_000593.md
PL2-0695,695,1.003583,Thủ tục đăng ký khai sinh lưu động,Hộ tịch,Sở Tư pháp,Một phần,Cấp xã,2,33,https://datafiles.hanoi.gov.vn/gov-hni/8123/VanBan/2026/4/22/QD%20492%20PL2.pdf,2026-04-14,False,False,PL2-0695_1_003583.md
PL2-0696,696,2.000913,Chứng thực việc sửa đổi. bổ sung. hủy bỏ giao dịch,Chứng thực,Sở Tư pháp,Một phần,Cấp xã,2,33,https://datafiles.hanoi.gov.vn/gov-hni/8123/VanBan/2026/4/22/QD%20492%20PL2.pdf,2026-04-14,False,False,PL2-0696_2_000913.md
PL2-0697,697,2.000513,Thủ tục đăng ký lại kết hôn có yếu tố nước ngoài,Hộ tịch,Sở Tư pháp,Một phần,Cấp xã,2,33,https://datafiles.hanoi.gov.vn/gov-hni/8123/VanBan/2026/4/22/QD%20492%20PL2.pdf,2026-04-14,False,False,PL2-0697_2_000513.md
PL2-0698,698,2.000806,Thủ tục đăng ký kết hôn có yếu tố nước ngoài,Hộ tịch,Sở Tư pháp,Một phần,Cấp xã,2,33,https://datafiles.hanoi.gov.vn/gov-hni/8123/VanBan/2026/4/22/QD%20492%20PL2.pdf,2026-04-14,False,False,PL2-0698_2_000806.md
PL2-0699,699,1.000894,Thủ tục đăng ký kết hôn,Hộ tịch,Sở Tư pháp,Một phần,Cấp xã,2,33,https://datafiles.hanoi.gov.vn/gov-hni/8123/VanBan/2026/4/22/QD%20492%20PL2.pdf,2026-04-14,False,False,PL2-0699_1_000894.md
PL2-0700,700,2.001035,Chứng thực giao dịch liên quan đến tài sản là động sản. quyền sử dụng đất. nhà ở,Chứng thực,Sở Tư pháp,Một phần,Cấp xã,2,33,https://datafiles.hanoi.gov.vn/gov-hni/8123/VanBan/2026/4/22/QD%20492%20PL2.pdf,2026-04-14,False,False,PL2-0700_2_001035.md
PL2-0701,701,2.001019,Chứng thực di chúc,Chứng thực,Sở Tư pháp,Một phần,Cấp xã,2,33,https://datafiles.hanoi.gov.vn/gov-hni/8123/VanBan/2026/4/22/QD%20492%20PL2.pdf,2026-04-14,False,False,PL2-0701_2_001019.md
PL2-0702,702,2.001016,Chứng thực văn bản từ chối nhận di sản,Chứng thực,Sở Tư pháp,Một phần,Cấp xã,2,33,https://datafiles.hanoi.gov.vn/gov-hni/8123/VanBan/2026/4/22/QD%20492%20PL2.pdf,2026-04-14,False,False,PL2-0702_2_001016.md
PL2-0703,703,2.001406,Chứng thực văn bản phân chia di sản mà di sản là động sản. quyền sử dụng đất. nhà ở,Chứng thực,Sở Tư pháp,Một phần,Cấp xã,2,33,https://datafiles.hanoi.gov.vn/gov-hni/8123/VanBan/2026/4/22/QD%20492%20PL2.pdf,2026-04-14,False,False,PL2-0703_2_001406.md
PL2-0704,704,1.008913,Đăng ký hoạt động Trung tâm hòa giải thương mại sau khi được cấp Giấy phép thành lập,Hòa giải thương mại,Sở Tư pháp,Một phần,Cấp tỉnh,2,34,https://datafiles.hanoi.gov.vn/gov-hni/8123/VanBan/2026/4/22/QD%20492%20PL2.pdf,2026-04-14,False,False,PL2-0704_1_008913.md
PL2-0705,705,1.014312,Thủ tục thôi hưởng trợ cấp sinh hoạt hàng tháng. bảo hiểm y tế đối với Nghệ nhân nhân dân. Nghệ nhân ưu tú,Di sản văn hóa,Sở Văn hóa và Thể thao,Một phần,Cấp xã,2,34,https://datafiles.hanoi.gov.vn/gov-hni/8123/VanBan/2026/4/22/QD%20492%20PL2.pdf,2026-04-14,False,False,PL2-0705_1_014312.md
PL2-0706,706,1.014310,Thủ tục hưởng trợ cấp sinh hoạt hàng tháng đối với Nghệ nhân nhân dân. Nghệ nhân ưu tú,Di sản văn hóa,Sở Văn hóa và Thể thao,Một phần,Cấp xã,2,34,https://datafiles.hanoi.gov.vn/gov-hni/8123/VanBan/2026/4/22/QD%20492%20PL2.pdf,2026-04-14,False,False,PL2-0706_1_014310.md
PL2-0707,707,1.014218,Thủ tục lấy ý kiến đối với việc xây dựng nhà ở riêng lẻ nằm ngoài khu vực bảo vệ di tích. nằm ngoài vùng đệm của khu vực di sản thế giới có khả năng tác động tiêu cực đến yếu tố gốc cấu thành di tích. cảnh quan văn hóa của di tích. di sản thế giới (trường hợp không cấp giấy phép xây dựng),Di sản văn hóa,Sở Văn hóa và Thể thao,Một phần,Cấp tỉnh,2,34,https://datafiles.hanoi.gov.vn/gov-hni/8123/VanBan/2026/4/22/QD%20492%20PL2.pdf,2026-04-14,False,False,PL2-0707_1_014218.md
PL2-0708,708,1.014217,Thủ tục lấy ý kiến đối với việc sửa chữa. cải tạo. xây dựng nhà ở riêng lẻ nằm trong khu vực bảo vệ di tích. di sản thế giới (trường hợp không cấp giấy phép xây dựng),Di sản văn hóa,Sở Văn hóa và Thể thao,Một phần,Cấp tỉnh,2,34,https://datafiles.hanoi.gov.vn/gov-hni/8123/VanBan/2026/4/22/QD%20492%20PL2.pdf,2026-04-14,False,False,PL2-0708_1_014217.md
PL2-0709,709,1.013793,Thủ tục sửa đổi. bổ sung giấy chứng nhận đủ điều kiện hoạt động điểm cung cấp dịch vụ trò chơi điện tử công cộng,Phát thanh. truyền hình và thông tin điện tử,Sở Văn hóa và Thể thao,Một phần,Cấp xã,2,34,https://datafiles.hanoi.gov.vn/gov-hni/8123/VanBan/2026/4/22/QD%20492%20PL2.pdf,2026-04-14,False,False,PL2-0709_1_013793.md
PL2-0710,710,1.013794,Thủ tục gia hạn giấy chứng nhận đủ điều kiện hoạt động điểm cung cấp dịch vụ trò chơi điện tử công cộng,Phát thanh. truyền hình và thông tin điện tử,Sở Văn hóa và Thể thao,Một phần,Cấp xã,2,34,https://datafiles.hanoi.gov.vn/gov-hni/8123/VanBan/2026/4/22/QD%20492%20PL2.pdf,2026-04-14,False,False,PL2-0710_1_013794.md
PL2-0711,711,1.013795,Thủ tục cấp lại giấy chứng nhận đủ điều kiện hoạt động điểm cung cấp dịch vụ trò chơi điện tử công cộng,Phát thanh. truyền hình và thông tin điện tử,Sở Văn hóa và Thể thao,Một phần,Cấp xã,2,34,https://datafiles.hanoi.gov.vn/gov-hni/8123/VanBan/2026/4/22/QD%20492%20PL2.pdf,2026-04-14,False,False,PL2-0711_1_013795.md
PL2-0712,712,1.013792,Thủ tục cấp giấy chứng nhận đủ điều kiện hoạt động điểm cung cấp dịch vụ trò chơi điện tử công cộng,Phát thanh. truyền hình và thông tin điện tử,Sở Văn hóa và Thể thao,Một phần,Cấp xã,2,34,https://datafiles.hanoi.gov.vn/gov-hni/8123/VanBan/2026/4/22/QD%20492%20PL2.pdf,2026-04-14,False,False,PL2-0712_1_013792.md
PL2-0713,713,2.002773,Thủ tục sửa đổi. bổ sung giấy xác nhận thông báo cung cấp dịch vụ mạng xã hội,Phát thanh. truyền hình và thông tin điện tử,Sở Văn hóa và Thể thao,Một phần,Cấp tỉnh,2,34,https://datafiles.hanoi.gov.vn/gov-hni/8123/VanBan/2026/4/22/QD%20492%20PL2.pdf,2026-04-14,False,False,PL2-0713_2_002773.md
PL2-0714,714,2.002774,Thủ tục cấp lại Giấy xác nhận thông báo cung cấp dịch vụ mạng xã hội,Phát thanh. truyền hình và thông tin điện tử,Sở Văn hóa và Thể thao,Một phần,Cấp tỉnh,2,34,https://datafiles.hanoi.gov.vn/gov-hni/8123/VanBan/2026/4/22/QD%20492%20PL2.pdf,2026-04-14,False,False,PL2-0714_2_002774.md
PL2-0715,715,2.002772,Thủ tục cấp giấy xác nhận thông báo cung cấp dịch vụ mạng xã hội,Phát thanh. truyền hình và thông tin điện tử,Sở Văn hóa và Thể thao,Một phần,Cấp tỉnh,2,34,https://datafiles.hanoi.gov.vn/gov-hni/8123/VanBan/2026/4/22/QD%20492%20PL2.pdf,2026-04-14,False,False,PL2-0715_2_002772.md
PL2-0716,716,1.013789,Thủ tục chấp thuận thay đổi nội dung trong giấy phép xuất bản đặc san đối với các cơ quan. tổ chức ở địa phương,Báo chí,Sở Văn hóa và Thể thao,Một phần,Cấp tỉnh,2,34,https://datafiles.hanoi.gov.vn/gov-hni/8123/VanBan/2026/4/22/QD%20492%20PL2.pdf,2026-04-14,False,False,PL2-0716_1_013789.md
PL2-0717,717,1.013788,Thủ tục cấp giấy phép xuất bản đặc san đối với các cơ quan. tổ chức ở địa phương,Báo chí,Sở Văn hóa và Thể thao,Một phần,Cấp tỉnh,2,34,https://datafiles.hanoi.gov.vn/gov-hni/8123/VanBan/2026/4/22/QD%20492%20PL2.pdf,2026-04-14,False,False,PL2-0717_1_013788.md
PL2-0718,718,1.013700,Thủ tục gia hạn giấy phép thành lập văn phòng đại diện tại Việt Nam của Nhà xuất bản nước ngoài. tổ chức phát hành xuất bản phẩm nước ngoài,Xuất Bản. In và Phát hành,Sở Văn hóa và Thể thao,Một phần,Cấp tỉnh,2,34,https://datafiles.hanoi.gov.vn/gov-hni/8123/VanBan/2026/4/22/QD%20492%20PL2.pdf,2026-04-14,False,False,PL2-0718_1_013700.md
PL2-0719,719,1.013701,Thủ tục điều chỉnh. bổ sung thông tin trong giấy phép thành lập văn phòng đại diện tại Việt Nam của Nhà xuất bản nước ngoài. tổ chức phát hành xuất bản phẩm nước ngoài,Xuất Bản. In và Phát hành,Sở Văn hóa và Thể thao,Một phần,Cấp tỉnh,2,34,https://datafiles.hanoi.gov.vn/gov-hni/8123/VanBan/2026/4/22/QD%20492%20PL2.pdf,2026-04-14,False,False,PL2-0719_1_013701.md
PL2-0720,720,1.013699,Thủ tục cấp lại giấy phép thành lập văn phòng đại diện tại Việt Nam của Nhà xuất bản nước ngoài. tổ chức phát hành xuất bản phẩm nước ngoài,Xuất Bản. In và Phát hành,Sở Văn hóa và Thể thao,Một phần,Cấp tỉnh,2,34,https://datafiles.hanoi.gov.vn/gov-hni/8123/VanBan/2026/4/22/QD%20492%20PL2.pdf,2026-04-14,False,False,PL2-0720_1_013699.md
PL2-0721,721,1.013698,Thủ tục cấp giấy phép thành lập văn phòng đại diện tại Việt Nam của Nhà xuất bản nước ngoài. tổ chức phát hành xuất bản phẩm nước ngoài,Xuất Bản. In và Phát hành,Sở Văn hóa và Thể thao,Một phần,Cấp tỉnh,2,35,https://datafiles.hanoi.gov.vn/gov-hni/8123/VanBan/2026/4/22/QD%20492%20PL2.pdf,2026-04-14,False,False,PL2-0721_1_013698.md
PL2-0722,722,1.013784,Thủ tục chấp thuận thay đổi nội dung ghi trong giấy phép xuất bản thêm ấn phẩm báo chí đối với cơ quan báo chí của địa phương,Báo chí,Sở Văn hóa và Thể thao,Một phần,Cấp tỉnh,2,35,https://datafiles.hanoi.gov.vn/gov-hni/8123/VanBan/2026/4/22/QD%20492%20PL2.pdf,2026-04-14,False,False,PL2-0722_1_013784.md
PL2-0723,723,1.013786,Thủ tục cấp giấy phép sửa đổi. bổ sung những nội dung giấy phép xuất bản phụ trương đối với cơ quan báo chí của địa phương,Báo chí,Sở Văn hóa và Thể thao,Một phần,Cấp tỉnh,2,35,https://datafiles.hanoi.gov.vn/gov-hni/8123/VanBan/2026/4/22/QD%20492%20PL2.pdf,2026-04-14,False,False,PL2-0723_1_013786.md
PL2-0724,724,1.013785,Thủ tục cấp giấy phép xuất bản phụ trương đối với cơ quan báo chí của địa phương,Báo chí,Sở Văn hóa và Thể thao,Một phần,Cấp tỉnh,2,35,https://datafiles.hanoi.gov.vn/gov-hni/8123/VanBan/2026/4/22/QD%20492%20PL2.pdf,2026-04-14,False,False,PL2-0724_1_013785.md
PL2-0725,725,1.013787,Thủ tục chấp thuận thay đổi nội dung ghi trong giấy phép xuất bản phụ trương đối với cơ quan báo chí của địa phương,Báo chí,Sở Văn hóa và Thể thao,Một phần,Cấp tỉnh,2,35,https://datafiles.hanoi.gov.vn/gov-hni/8123/VanBan/2026/4/22/QD%20492%20PL2.pdf,2026-04-14,False,False,PL2-0725_1_013787.md
PL2-0726,726,1.013782,Thủ tục cấp giấy phép xuất bản thêm ấn phẩm đối với cơ quan báo chí của địa phương,Báo chí,Sở Văn hóa và Thể thao,Một phần,Cấp tỉnh,2,35,https://datafiles.hanoi.gov.vn/gov-hni/8123/VanBan/2026/4/22/QD%20492%20PL2.pdf,2026-04-14,False,False,PL2-0726_1_013782.md
PL2-0727,727,1.013781,Thủ tục chấp thuận thay đổi nội dung ghi trong giấy phép hoạt động báo chí đối với cơ quan báo chí của địa phương,Báo chí,Sở Văn hóa và Thể thao,Một phần,Cấp tỉnh,2,35,https://datafiles.hanoi.gov.vn/gov-hni/8123/VanBan/2026/4/22/QD%20492%20PL2.pdf,2026-04-14,False,False,PL2-0727_1_013781.md
PL2-0728,728,1.013783,Thủ tục cấp giấy phép sửa đổi. bổ sung những nội dung ghi trong giấy phép xuất bản thêm ấn phẩm đối với cơ quan báo chí của địa phương,Báo chí,Sở Văn hóa và Thể thao,Một phần,Cấp tỉnh,2,35,https://datafiles.hanoi.gov.vn/gov-hni/8123/VanBan/2026/4/22/QD%20492%20PL2.pdf,2026-04-14,False,False,PL2-0728_1_013783.md
PL2-0729,729,1.013791,Thủ tục tiếp nhận hồ sơ đăng ký lễ hội quy mô cấp xã,Văn hóa,Sở Văn hóa và Thể thao,Một phần,Cấp xã,2,35,https://datafiles.hanoi.gov.vn/gov-hni/8123/VanBan/2026/4/22/QD%20492%20PL2.pdf,2026-04-14,False,False,PL2-0729_1_013791.md
PL2-0730,730,1.012085,Thủ tục hủy bỏ Quyết định cấm tiếp xúc theo đơn đề nghị,Gia đình,Sở Văn hóa và Thể thao,Một phần,Cấp xã,2,35,https://datafiles.hanoi.gov.vn/gov-hni/8123/VanBan/2026/4/22/QD%20492%20PL2.pdf,2026-04-14,False,False,PL2-0730_1_012085.md
PL2-0731,731,1.012084,Thủ tục cấm tiếp xúc theo Quyết định của Chủ tịch Ủy ban nhân dân cấp xã theo đề nghị của cơ quan. tổ chức cá nhân,Gia đình,Sở Văn hóa và Thể thao,Một phần,Cấp xã,2,35,https://datafiles.hanoi.gov.vn/gov-hni/8123/VanBan/2026/4/22/QD%20492%20PL2.pdf,2026-04-14,False,False,PL2-0731_1_012084.md
PL2-0732,732,1.000922,Thủ tục cấp Giấy phép điều chỉnh Giấy phép đủ điều kiện kinh doanh dịch vụ vũ trường,Văn hóa,Sở Văn hóa và Thể thao,Một phần,Cấp tỉnh,2,35,https://datafiles.hanoi.gov.vn/gov-hni/8123/VanBan/2026/4/22/QD%20492%20PL2.pdf,2026-04-14,False,False,PL2-0732_1_000922.md
PL2-0733,733,1.001008,Thủ tục cấp giấy phép đủ điều kiện kinh doanh dịch vụ vũ trường,Văn hóa,Sở Văn hóa và Thể thao,Một phần,Cấp tỉnh,2,35,https://datafiles.hanoi.gov.vn/gov-hni/8123/VanBan/2026/4/22/QD%20492%20PL2.pdf,2026-04-14,False,False,PL2-0733_1_001008.md
PL2-0734,734,2.000794,Thủ tục công nhận câu lạc bộ thể dục thể thao cơ sở,Thể dục thể thao,Sở Văn hóa và Thể thao,Một phần,Cấp xã,2,35,https://datafiles.hanoi.gov.vn/gov-hni/8123/VanBan/2026/4/22/QD%20492%20PL2.pdf,2026-04-14,False,False,PL2-0734_2_000794.md
PL2-0735,735,1.003743,Thủ tục kiểm tra chuyên ngành văn hóa phẩm không nhằm mục đích kinh doanh trước khi xuất khẩu cấp tỉnh,Văn hóa,Sở Văn hóa và Thể thao,Một phần,Cấp xã,2,35,https://datafiles.hanoi.gov.vn/gov-hni/8123/VanBan/2026/4/22/QD%20492%20PL2.pdf,2026-04-14,False,False,PL2-0735_1_003743.md
PL2-0736,736,2.001765,Cấp đăng ký thu tín hiệu truyền hình nước ngoài trực tiếp từ vệ tinh,Phát thanh. truyền hình và thông tin điện tử,Sở Văn hóa và Thể thao,Một phần,Cấp tỉnh,2,35,https://datafiles.hanoi.gov.vn/gov-hni/8123/VanBan/2026/4/22/QD%20492%20PL2.pdf,2026-04-14,False,False,PL2-0736_2_001765.md
PL2-0737,737,1.003384,Sửa đổi. bổ sung Giấy chứng nhận đăng ký thu tín hiệu truyền hình nước ngoài trực tiếp từ vệ tinh,Phát thanh. truyền hình và thông tin điện tử,Sở Văn hóa và Thể thao,Một phần,Cấp tỉnh,2,35,https://datafiles.hanoi.gov.vn/gov-hni/8123/VanBan/2026/4/22/QD%20492%20PL2.pdf,2026-04-14,False,False,PL2-0737_1_003384.md
PL2-0738,738,1.001029,Thủ tục cấp giấy phép đủ điều kiện kinh doanh dịch vụ karaoke cấp tỉnh,Văn hóa,Sở Văn hóa và Thể thao,Một phần,Cấp xã,2,35,https://datafiles.hanoi.gov.vn/gov-hni/8123/VanBan/2026/4/22/QD%20492%20PL2.pdf,2026-04-14,False,False,PL2-0738_1_001029.md
PL2-0739,739,1.000963,Thủ tục cấp giấy phép điều chỉnh Giấy phép đủ điều kiện kinh doanh dịch vụ karaoke cấp tỉnh,Văn hóa,Sở Văn hóa và Thể thao,Một phần,Cấp xã,2,35,https://datafiles.hanoi.gov.vn/gov-hni/8123/VanBan/2026/4/22/QD%20492%20PL2.pdf,2026-04-14,False,False,PL2-0739_1_000963.md
PL2-0740,740,1.014608,Thủ tục cấp Giấy chứng nhận chuyên gia giám định di vật. cổ vật,Di sản văn hóa,Sở Văn hóa và Thể thao,Một phần,Cấp tỉnh,2,35,https://datafiles.hanoi.gov.vn/gov-hni/8123/VanBan/2026/4/22/QD%20492%20PL2.pdf,2026-04-14,False,False,PL2-0740_1_014608.md
PL2-0741,741,1.014609,Thủ tục cấp lại Giấy chứng nhận chuyên gia giám định di vật. cổ vật,Di sản văn hóa,Sở Văn hóa và Thể thao,Một phần,Cấp tỉnh,2,35,https://datafiles.hanoi.gov.vn/gov-hni/8123/VanBan/2026/4/22/QD%20492%20PL2.pdf,2026-04-14,False,False,PL2-0741_1_014609.md
PL2-0742,742,1.014610,Thủ tục bồi hoàn chi phí thực hiện việc đưa di vật. cổ vật. bảo vật quốc gia có nguồn gốc Việt Nam từ nước ngoài về nước (cấp tỉnh),Di sản văn hóa,Sở Văn hóa và Thể thao,Một phần,Cấp tỉnh,2,35,https://datafiles.hanoi.gov.vn/gov-hni/8123/VanBan/2026/4/22/QD%20492%20PL2.pdf,2026-04-14,False,False,PL2-0742_1_014610.md
PL2-0743,743,1.014611,Thủ tục cấp giấy phép làm bản sao di vật. cổ vật,Di sản văn hóa,Sở Văn hóa và Thể thao,Một phần,Cấp tỉnh,2,35,https://datafiles.hanoi.gov.vn/gov-hni/8123/VanBan/2026/4/22/QD%20492%20PL2.pdf,2026-04-14,False,False,PL2-0743_1_014611.md
PL2-0744,744,1.014612,Thủ tục cấp giấy phép làm bản sao di sản tư liệu được ghi vào Danh mục quốc gia về di sản tư liệu (cấp tỉnh),Di sản văn hóa,Sở Văn hóa và Thể thao,Một phần,Cấp tỉnh,2,35,https://datafiles.hanoi.gov.vn/gov-hni/8123/VanBan/2026/4/22/QD%20492%20PL2.pdf,2026-04-14,False,False,PL2-0744_1_014612.md
PL2-0745,745,1.014614,Thủ tục cấp Giấy chứng nhận đủ điều kiện đầu tư kinh doanh di vật. cổ vật,Di sản văn hóa,Sở Văn hóa và Thể thao,Một phần,Cấp tỉnh,2,35,https://datafiles.hanoi.gov.vn/gov-hni/8123/VanBan/2026/4/22/QD%20492%20PL2.pdf,2026-04-14,False,False,PL2-0745_1_014614.md
PL2-0746,746,1.014615,Thủ tục cấp lại Giấy chứng nhận đủ điều kiện đầu tư kinh doanh di vật. cổ vật,Di sản văn hóa,Sở Văn hóa và Thể thao,Một phần,Cấp tỉnh,2,35,https://datafiles.hanoi.gov.vn/gov-hni/8123/VanBan/2026/4/22/QD%20492%20PL2.pdf,2026-04-14,False,False,PL2-0746_1_014615.md
PL2-0747,747,1.014616,Thủ tục cấp lại Chứng chỉ hành nghề kinh doanh di vật. cổ vật,Di sản văn hóa,Sở Văn hóa và Thể thao,Một phần,Cấp tỉnh,2,35,https://datafiles.hanoi.gov.vn/gov-hni/8123/VanBan/2026/4/22/QD%20492%20PL2.pdf,2026-04-14,False,False,PL2-0747_1_014616.md
PL2-0748,748,2.002839,Thủ tục lựa chọn đề cương để hỗ trợ viết. sáng tác tác phẩm văn học (cấp tỉnh),Văn học,Sở Văn hóa và Thể thao,Một phần,Cấp tỉnh,2,36,https://datafiles.hanoi.gov.vn/gov-hni/8123/VanBan/2026/4/22/QD%20492%20PL2.pdf,2026-04-14,False,False,PL2-0748_2_002839.md
PL2-0749,749,2.002840,Thủ tục hỗ trợ sáng tác tác phẩm văn học (cấp tỉnh),Văn học,Sở Văn hóa và Thể thao,Một phần,Cấp tỉnh,2,36,https://datafiles.hanoi.gov.vn/gov-hni/8123/VanBan/2026/4/22/QD%20492%20PL2.pdf,2026-04-14,False,False,PL2-0749_2_002840.md
PL2-0750,750,1.014861,Thủ tục sửa đổi. bổ sung nội dung Giấy phép sản xuất kênh chương trình chuyên quảng cáo (cấp tỉnh),Quảng cáo,Sở Văn hóa và Thể thao,Một phần,Cấp tỉnh,2,36,https://datafiles.hanoi.gov.vn/gov-hni/8123/VanBan/2026/4/22/QD%20492%20PL2.pdf,2026-04-14,False,False,PL2-0750_1_014861.md
PL2-0751,751,1.000028,Cấp Giấy phép lưu hành xe quá tải trọng. xe quá khổ giới hạn. xe bánh xích. xe vận chuyển hàng siêu trường. siêu trọng trên đường bộ,Đường bộ,Sở Xây dựng,Một phần,Cấp tỉnh,2,36,https://datafiles.hanoi.gov.vn/gov-hni/8123/VanBan/2026/4/22/QD%20492%20PL2.pdf,2026-04-14,False,False,PL2-0751_1_000028.md
PL2-0752,752,1.000660,Công bố đưa bến xe khách vào khai thác,Đường bộ,Sở Xây dựng,Một phần,Cấp tỉnh,2,36,https://datafiles.hanoi.gov.vn/gov-hni/8123/VanBan/2026/4/22/QD%20492%20PL2.pdf,2026-04-14,False,False,PL2-0752_1_000660.md
PL2-0753,753,1.000672,Công bố lại bến xe khách,Đường bộ,Sở Xây dựng,Một phần,Cấp tỉnh,2,36,https://datafiles.hanoi.gov.vn/gov-hni/8123/VanBan/2026/4/22/QD%20492%20PL2.pdf,2026-04-14,False,False,PL2-0753_1_000672.md
PL2-0754,754,1.001777,Cấp Giấy phép đào tạo lái xe. cấp Giấy phép xe tập lái,Đường bộ,Sở Xây dựng,Một phần,Cấp tỉnh,2,36,https://datafiles.hanoi.gov.vn/gov-hni/8123/VanBan/2026/4/22/QD%20492%20PL2.pdf,2026-04-14,False,False,PL2-0754_1_001777.md
PL2-0755,755,1.001751,Cấp bổ sung xe tập lái. cấp lại Giấy phép xe tập lái,Đường bộ,Sở Xây dựng,Một phần,Cấp tỉnh,2,36,https://datafiles.hanoi.gov.vn/gov-hni/8123/VanBan/2026/4/22/QD%20492%20PL2.pdf,2026-04-14,False,False,PL2-0755_1_001751.md
PL2-0756,756,1.001765,Cấp Giấy chứng nhận giáo viên dạy thực hành lái xe,Đường bộ,Sở Xây dựng,Một phần,Cấp tỉnh,2,36,https://datafiles.hanoi.gov.vn/gov-hni/8123/VanBan/2026/4/22/QD%20492%20PL2.pdf,2026-04-14,False,False,PL2-0756_1_001765.md
PL2-0757,757,1.001623,Cấp lại Giấy phép đào tạo lái xe ô tô khi điều chỉnh hạng xe đào tạo. lưu lượng đào tạo và thay đổi địa điểm đào tạo,Đường bộ,Sở Xây dựng,Một phần,Cấp tỉnh,2,36,https://datafiles.hanoi.gov.vn/gov-hni/8123/VanBan/2026/4/22/QD%20492%20PL2.pdf,2026-04-14,False,False,PL2-0757_1_001623.md
PL2-0758,758,1.013259,Cấp Giấy phép vận chuyển hàng hóa nguy hiểm trên đường bộ,Đường bộ,Sở Xây dựng,Một phần,Cấp tỉnh,2,36,https://datafiles.hanoi.gov.vn/gov-hni/8123/VanBan/2026/4/22/QD%20492%20PL2.pdf,2026-04-14,False,False,PL2-0758_1_013259.md
PL2-0759,759,1.013260,Điều chỉnh thông tin trên Giấy phép vận chuyển hàng hóa nguy hiểm trên đường bộ khi có sự thay đổi liên quan đến nội dung của Giấy phép,Đường bộ,Sở Xây dựng,Một phần,Cấp tỉnh,2,36,https://datafiles.hanoi.gov.vn/gov-hni/8123/VanBan/2026/4/22/QD%20492%20PL2.pdf,2026-04-14,False,False,PL2-0759_1_013260.md
PL2-0760,760,1.013261,Cấp lại Giấy phép vận chuyển hàng hóa nguy hiểm trên đường bộ,Đường bộ,Sở Xây dựng,Một phần,Cấp tỉnh,2,36,https://datafiles.hanoi.gov.vn/gov-hni/8123/VanBan/2026/4/22/QD%20492%20PL2.pdf,2026-04-14,False,False,PL2-0760_1_013261.md
PL2-0761,761,1.013277,Chấp thuận đấu nối đối với trường hợp kết nối với đường bộ không có trong các quy hoạch,Đường bộ,Sở Xây dựng,Một phần,Cấp tỉnh,2,36,https://datafiles.hanoi.gov.vn/gov-hni/8123/VanBan/2026/4/22/QD%20492%20PL2.pdf,2026-04-14,False,False,PL2-0761_1_013277.md
PL2-0762,762,1.013274,Cấp phép sử dụng tạm thời lòng đường. vỉa hè vào mục đích khác,Đường bộ,Sở Xây dựng,Một phần,Cấp tỉnh và cấp xã,2,36,https://datafiles.hanoi.gov.vn/gov-hni/8123/VanBan/2026/4/22/QD%20492%20PL2.pdf,2026-04-14,False,False,PL2-0762_1_013274.md
PL2-0763,763,2.002615,Cấp Giấy phép vận chuyển hàng hóa nguy hiểm bằng phương tiện thủy nội địa,Hàng hải và đường thủy nội địa,Sở Xây dựng,Một phần,Cấp tỉnh,2,36,https://datafiles.hanoi.gov.vn/gov-hni/8123/VanBan/2026/4/22/QD%20492%20PL2.pdf,2026-04-14,False,False,PL2-0763_2_002615.md
PL2-0764,764,2.002616,Điều chỉnh thông tin trên Giấy phép vận chuyển hàng hóa nguy hiểm bằng phương tiện thủy nội địa khi có sự thay đổi liên quan đến nội dung của Giấy phép,Hàng hải và đường thủy nội địa,Sở Xây dựng,Một phần,Cấp tỉnh,2,36,https://datafiles.hanoi.gov.vn/gov-hni/8123/VanBan/2026/4/22/QD%20492%20PL2.pdf,2026-04-14,False,False,PL2-0764_2_002616.md
PL2-0765,765,2.002617,Cấp lại Giấy phép vận chuyển hàng hóa nguy hiểm bằng phương tiện thủy nội địa do bị mất. bị hỏng,Hàng hải và đường thủy nội địa,Sở Xây dựng,Một phần,Cấp tỉnh,2,36,https://datafiles.hanoi.gov.vn/gov-hni/8123/VanBan/2026/4/22/QD%20492%20PL2.pdf,2026-04-14,False,False,PL2-0765_2_002617.md
PL2-0766,766,1.001870,Đổi tên cảng cạn,Hàng hải và đường thủy nội địa,Sở Xây dựng,Một phần,Cấp tỉnh,2,36,https://datafiles.hanoi.gov.vn/gov-hni/8123/VanBan/2026/4/22/QD%20492%20PL2.pdf,2026-04-14,False,False,PL2-0766_1_001870.md
PL2-0767,767,2.002625,Công bố khu vực. địa điểm tiếp nhận chất nạo vét trên bờ,Hàng hải và đường thủy nội địa,Sở Xây dựng,Một phần,Cấp tỉnh,2,36,https://datafiles.hanoi.gov.vn/gov-hni/8123/VanBan/2026/4/22/QD%20492%20PL2.pdf,2026-04-14,False,False,PL2-0767_2_002625.md
PL2-0768,768,2.001711,Đăng ký lại phương tiện trong trường hợp phương tiện thay đổi tên. tính năng kỹ thuật,Hàng hải và đường thủy nội địa,Sở Xây dựng,Một phần,Cấp tỉnh và cấp xã,2,36,https://datafiles.hanoi.gov.vn/gov-hni/8123/VanBan/2026/4/22/QD%20492%20PL2.pdf,2026-04-14,False,False,PL2-0768_2_001711.md
PL2-0769,769,1.001322,Cấp mới Giấy chứng nhận đủ điều kiện hoạt động kiểm định xe cơ giới,Đăng kiểm,Sở Xây dựng,Một phần,Cấp tỉnh,2,36,https://datafiles.hanoi.gov.vn/gov-hni/8123/VanBan/2026/4/22/QD%20492%20PL2.pdf,2026-04-14,False,False,PL2-0769_1_001322.md
PL2-0770,770,1.001296,Cấp lại Giấy chứng nhận đủ điều kiện hoạt động kiểm định xe cơ giới,Đăng kiểm,Sở Xây dựng,Một phần,Cấp tỉnh,2,36,https://datafiles.hanoi.gov.vn/gov-hni/8123/VanBan/2026/4/22/QD%20492%20PL2.pdf,2026-04-14,False,False,PL2-0770_1_001296.md
PL2-0771,771,1.013105,Cấp mới Giấy chứng nhận đủ điều kiện hoạt động kiểm định khí thải xe mô tô. xe gắn máy,Đăng kiểm,Sở Xây dựng,Một phần,Cấp tỉnh,2,36,https://datafiles.hanoi.gov.vn/gov-hni/8123/VanBan/2026/4/22/QD%20492%20PL2.pdf,2026-04-14,False,False,PL2-0771_1_013105.md
PL2-0772,772,1.013110,Cấp lại Giấy chứng nhận đủ điều kiện hoạt động kiểm định khí thải xe mô tô. xe gắn máy,Đăng kiểm,Sở Xây dựng,Một phần,Cấp tỉnh,2,36,https://datafiles.hanoi.gov.vn/gov-hni/8123/VanBan/2026/4/22/QD%20492%20PL2.pdf,2026-04-14,False,False,PL2-0772_1_013110.md
PL2-0773,773,1.013089,Cấp Giấy chứng nhận kiểm định. Tem kiểm định an toàn kỹ thuật và bảo vệ môi trường cho xe cơ giới (trừ xe mô tô. xe gắn máy). xe máy chuyên dùng trong trường hợp miễn kiểm định lần đầu,Đăng kiểm,Sở Xây dựng,Một phần,Cấp tỉnh,2,36,https://datafiles.hanoi.gov.vn/gov-hni/8123/VanBan/2026/4/22/QD%20492%20PL2.pdf,2026-04-14,False,False,PL2-0773_1_013089.md
PL2-0774,774,1.013092,Cấp lại Giấy chứng nhận kiểm định. Tem kiểm định an toàn kỹ thuật và bảo vệ môi trường cho xe cơ giới (trừ xe mô tô. xe gắn máy). xe máy chuyên dùng,Đăng kiểm,Sở Xây dựng,Một phần,Cấp tỉnh,2,36,https://datafiles.hanoi.gov.vn/gov-hni/8123/VanBan/2026/4/22/QD%20492%20PL2.pdf,2026-04-14,False,False,PL2-0774_1_013092.md
PL2-0775,775,1.013097,Cấp lại giấy chứng nhận cải tạo,Đăng kiểm,Sở Xây dựng,Một phần,Cấp tỉnh,2,36,https://datafiles.hanoi.gov.vn/gov-hni/8123/VanBan/2026/4/22/QD%20492%20PL2.pdf,2026-04-14,False,False,PL2-0775_1_013097.md
PL2-0776,776,1.013101,Chứng nhận Kiểm định khí thải xe mô tô. xe gắn máy,Đăng kiểm,Sở Xây dựng,Một phần,Cấp tỉnh,2,36,https://datafiles.hanoi.gov.vn/gov-hni/8123/VanBan/2026/4/22/QD%20492%20PL2.pdf,2026-04-14,False,False,PL2-0776_1_013101.md
PL2-0777,777,1.005103,Cấp Giấy chứng nhận kiểm định. Tem kiểm định an toàn kỹ thuật và bảo vệ môi trường cho xe cơ giới (trừ xe mô tô. xe gắn máy),Đăng kiểm,Sở Xây dựng,Một phần,Cấp tỉnh,2,37,https://datafiles.hanoi.gov.vn/gov-hni/8123/VanBan/2026/4/22/QD%20492%20PL2.pdf,2026-04-14,False,False,PL2-0777_1_005103.md
PL2-0778,778,1.013205,Cấp Giấy chứng nhận kiểm định. Tem kiểm định an toàn kỹ thuật và bảo vệ môi trường cho xe máy chuyên dùng,Đăng kiểm,Sở Xây dựng,Một phần,Cấp tỉnh,2,37,https://datafiles.hanoi.gov.vn/gov-hni/8123/VanBan/2026/4/22/QD%20492%20PL2.pdf,2026-04-14,False,False,PL2-0778_1_013205.md
PL2-0779,779,1.013206,Chứng nhận an toàn kỹ thuật và bảo vệ môi trường đối với xe cơ giới cải tạo. xe máy chuyên dùng cải tạo,Đăng kiểm,Sở Xây dựng,Một phần,Cấp tỉnh,2,37,https://datafiles.hanoi.gov.vn/gov-hni/8123/VanBan/2026/4/22/QD%20492%20PL2.pdf,2026-04-14,False,False,PL2-0779_1_013206.md
PL2-0780,780,1.005071,Sát hạch cấp giấy phép lái tàu,Đường sắt,Sở Xây dựng,Một phần,Cấp tỉnh,2,37,https://datafiles.hanoi.gov.vn/gov-hni/8123/VanBan/2026/4/22/QD%20492%20PL2.pdf,2026-04-14,False,False,PL2-0780_1_005071.md
PL2-0781,781,3.000255,Thủ tục xác định xe ô tô không tham gia giao thông. không sử dụng đường dành cho giao thông công cộng,Thuế,Sở Xây dựng,Một phần,Cấp tỉnh,2,37,https://datafiles.hanoi.gov.vn/gov-hni/8123/VanBan/2026/4/22/QD%20492%20PL2.pdf,2026-04-14,False,False,PL2-0781_3_000255.md
PL2-0782,782,3.000252,Thủ tục xác định xe tạm dừng tham gia giao thông liên tục từ 30 ngày trở lên,Thuế,Sở Xây dựng,Một phần,Cấp tỉnh,2,37,https://datafiles.hanoi.gov.vn/gov-hni/8123/VanBan/2026/4/22/QD%20492%20PL2.pdf,2026-04-14,False,False,PL2-0782_3_000252.md
PL2-0783,783,3.000251,Thủ tục xác định xe thuộc trường hợp không chịu phí được trả lại hoặc bù trừ phí đã nộp,Thuế,Sở Xây dựng,Một phần,Cấp tỉnh,2,37,https://datafiles.hanoi.gov.vn/gov-hni/8123/VanBan/2026/4/22/QD%20492%20PL2.pdf,2026-04-14,False,False,PL2-0783_3_000251.md
PL2-0784,784,1.013223,Công nhận tổ chức xã hội nghề nghiệp đủ điều kiện cấp chứng chỉ hành nghề hoạt động xây dựng hạng II. hạng III/chứng chỉ năng lực hoạt động xây dựng hạng II. hạng III cho hội viên của mình,Hoạt động xây dựng,Sở Xây dựng,Một phần,Cấp tỉnh,2,37,https://datafiles.hanoi.gov.vn/gov-hni/8123/VanBan/2026/4/22/QD%20492%20PL2.pdf,2026-04-14,False,False,PL2-0784_1_013223.md
PL2-0785,785,1.013236,Cấp giấy phép xây dựng mới đối với công trình cấp đặc biệt. cấp I. cấp II (công trình Không theo tuyến/Theo tuyến trong đô thị/Tín ngưỡng. tôn giáo /Tượng đài. tranh hoành tráng/Theo giai đoạn cho công trình không theo tuyến/Theo giai đoạn cho công trình theo tuyến trong đô thị/Dự án).,Hoạt động xây dựng,Sở Xây dựng,Một phần,Cấp tỉnh,2,37,https://datafiles.hanoi.gov.vn/gov-hni/8123/VanBan/2026/4/22/QD%20492%20PL2.pdf,2026-04-14,False,False,PL2-0785_1_013236.md
PL2-0786,786,1.013238,Cấp giấy phép xây dựng sửa chữa. cải tạo đối với công trình cấp đặc biệt. cấp I. cấp II (công trình Không theo tuyến/Theo tuyến trong đô thị/Tín ngưỡng. tôn giáo/Tượng đài. tranh hoành tráng/Theo giai đoạn cho công trình không theo tuyến/Theo giai đoạn cho công trình theo tuyến trong đô thị/Dự án).,Hoạt động xây dựng,Sở Xây dựng,Một phần,Cấp tỉnh,2,37,https://datafiles.hanoi.gov.vn/gov-hni/8123/VanBan/2026/4/22/QD%20492%20PL2.pdf,2026-04-14,False,False,PL2-0786_1_013238.md
PL2-0787,787,1.013231,Cấp điều chỉnh giấy phép xây dựng đối với công trình cấp đặc biệt. cấp I. cấp II (công trình Không theo tuyến/Theo tuyến trong đô thị/Tín ngưỡng. tôn giáo/Tượng đài. tranh hoành tráng/Theo giai đoạn cho công trình không theo tuyến/Theo giai đoạn cho công trình theo tuyến trong đô thị/Dự án).,Hoạt động xây dựng,Sở Xây dựng,Một phần,Cấp tỉnh,2,37,https://datafiles.hanoi.gov.vn/gov-hni/8123/VanBan/2026/4/22/QD%20492%20PL2.pdf,2026-04-14,False,False,PL2-0787_1_013231.md
PL2-0788,788,1.013233,Gia hạn giấy phép xây dựng đối với công trình cấp đặc biệt. cấp I. cấp II (công trình Không theo tuyến/Theo tuyến trong đô thị/Tín ngưỡng. tôn giáo/Tượng đài. tranh hoành tráng/Theo giai đoạn cho công trình không theo tuyến/Theo giai đoạn cho công trình theo tuyến trong đô thị/Dự án).,Hoạt động xây dựng,Sở Xây dựng,Một phần,Cấp tỉnh,2,37,https://datafiles.hanoi.gov.vn/gov-hni/8123/VanBan/2026/4/22/QD%20492%20PL2.pdf,2026-04-14,False,False,PL2-0788_1_013233.md
PL2-0789,789,1.013235,Cấp lại giấy phép xây dựng đối với công trình cấp đặc biệt. cấp I. cấp II (công trình Không theo tuyến/Theo tuyến trong đô thị/Tín ngưỡng. tôn giáo/ Tượng đài. tranh hoành tráng/Theo giai đoạn cho công trình không theo tuyến/Theo giai đoạn cho công trình theo tuyến trong đô thị/Dự án).,Hoạt động xây dựng,Sở Xây dựng,Một phần,Cấp tỉnh,2,37,https://datafiles.hanoi.gov.vn/gov-hni/8123/VanBan/2026/4/22/QD%20492%20PL2.pdf,2026-04-14,False,False,PL2-0789_1_013235.md
PL2-0790,790,1.013222,Cấp giấy phép hoạt động xây dựng cho nhà thầu nước ngoài,Hoạt động xây dựng,Sở Xây dựng,Một phần,Cấp tỉnh,2,37,https://datafiles.hanoi.gov.vn/gov-hni/8123/VanBan/2026/4/22/QD%20492%20PL2.pdf,2026-04-14,False,False,PL2-0790_1_013222.md
PL2-0791,791,1.013224,Cấp điều chỉnh giấy phép hoạt động xây dựng cho nhà thầu nước ngoài,Hoạt động xây dựng,Sở Xây dựng,Một phần,Cấp tỉnh,2,37,https://datafiles.hanoi.gov.vn/gov-hni/8123/VanBan/2026/4/22/QD%20492%20PL2.pdf,2026-04-14,False,False,PL2-0791_1_013224.md
PL2-0792,792,1.013237,Cấp mới chứng chỉ hành nghề hoạt động xây dựng,Hoạt động xây dựng,Sở Xây dựng,Một phần,Cấp tỉnh,2,37,https://datafiles.hanoi.gov.vn/gov-hni/8123/VanBan/2026/4/22/QD%20492%20PL2.pdf,2026-04-14,False,False,PL2-0792_1_013237.md
PL2-0793,793,1.013217,Cấp lại chứng chỉ hành nghề hoạt động xây dựng,Hoạt động xây dựng,Sở Xây dựng,Một phần,Cấp tỉnh,2,37,https://datafiles.hanoi.gov.vn/gov-hni/8123/VanBan/2026/4/22/QD%20492%20PL2.pdf,2026-04-14,False,False,PL2-0793_1_013217.md
PL2-0794,794,1.013219,Cấp chuyển đổi chứng chỉ hành nghề hoạt động xây dựng,Hoạt động xây dựng,Sở Xây dựng,Một phần,Cấp tỉnh,2,37,https://datafiles.hanoi.gov.vn/gov-hni/8123/VanBan/2026/4/22/QD%20492%20PL2.pdf,2026-04-14,False,False,PL2-0794_1_013219.md
PL2-0795,795,1.013230,Cấp giấy phép di dời đối với công trình cấp đặc biệt. cấp I. cấp II (công trình Không theo tuyến/Theo tuyến trong đô thị/Tín ngưỡng. tôn giáo/Tượng đài. tranh hoành tráng/Theo giai đoạn cho công trình không theo tuyến/Theo giai đoạn cho công trình theo tuyến trong đô thị/Dự án),Hoạt động xây dựng,Sở Xây dựng,Một phần,Cấp tỉnh,2,37,https://datafiles.hanoi.gov.vn/gov-hni/8123/VanBan/2026/4/22/QD%20492%20PL2.pdf,2026-04-14,False,False,PL2-0795_1_013230.md
PL2-0796,796,1.013239,Thẩm định Báo cáo nghiên cứu khả thi đầu tư xây dựng/Báo cáo nghiên cứu khả thi đầu tư xây dựng điều chỉnh,Hoạt động xây dựng,Sở Xây dựng,Một phần,Cấp tỉnh,2,37,https://datafiles.hanoi.gov.vn/gov-hni/8123/VanBan/2026/4/22/QD%20492%20PL2.pdf,2026-04-14,False,False,PL2-0796_1_013239.md
PL2-0797,797,1.013234,Thẩm định thiết kế xây dựng triển khai sau thiết kế cơ sở/ thiết kế xây dựng triển khai sau thiết kế cơ sở,Hoạt động xây dựng,Sở Xây dựng,Một phần,Cấp tỉnh,2,38,https://datafiles.hanoi.gov.vn/gov-hni/8123/VanBan/2026/4/22/QD%20492%20PL2.pdf,2026-04-14,False,False,PL2-0797_1_013234.md
PL2-0798,798,1.013225,Cấp giấy phép xây dựng mới đối với công trình cấp III. cấp IV (công trình Không theo tuyến/Theo tuyến trong đô thị/Tín ngưỡng. tôn giáo /Tượng đài. tranh hoành tráng/Theo giai đoạn cho công trình không theo tuyến/Theo giai đoạn cho công trình theo tuyến trong đô thị/Dự án) và nhà ở riêng lẻ.,Hoạt động xây dựng,Sở Xây dựng,Một phần,Cấp xã,2,38,https://datafiles.hanoi.gov.vn/gov-hni/8123/VanBan/2026/4/22/QD%20492%20PL2.pdf,2026-04-14,False,False,PL2-0798_1_013225.md
PL2-0799,799,1.013229,Cấp giấy phép xây dựng sửa chữa. cải tạo đối với công trình cấp III. cấp IV (công trình Không theo tuyến/Theo tuyến trong đô thị/Tín ngưỡng. tôn giáo/Tượng đài. tranh hoành tráng/Theo giai đoạn cho công trình không theo tuyến/Theo giai đoạn cho công trình theo tuyến trong đô thị/Dự án) và nhà ở riêng lẻ.,Hoạt động xây dựng,Sở Xây dựng,Một phần,Cấp xã,2,38,https://datafiles.hanoi.gov.vn/gov-hni/8123/VanBan/2026/4/22/QD%20492%20PL2.pdf,2026-04-14,False,False,PL2-0799_1_013229.md
PL2-0800,800,1.013226,Cấp điều chỉnh giấy phép xây dựng đối với công trình cấp III. cấp IV (công trình Không theo tuyến/Theo tuyến trong đô thị/Tín ngưỡng. tôn giáo/Tượng đài. tranh hoành tráng/Theo giai đoạn cho công trình không theo tuyến/Theo giai đoạn cho công trình theo tuyến trong đô thị/Dự án) và nhà ở riêng lẻ.,Hoạt động xây dựng,Sở Xây dựng,Một phần,Cấp xã,2,38,https://datafiles.hanoi.gov.vn/gov-hni/8123/VanBan/2026/4/22/QD%20492%20PL2.pdf,2026-04-14,False,False,PL2-0800_1_013226.md
PL2-0801,801,1.013232,Cấp giấy phép di dời đối với công trình cấp cấp III. cấp IV (công trình Không theo tuyến/Theo tuyến trong đô thị/Tín ngưỡng. tôn giáo/Tượng đài. tranh hoành tráng/Theo giai đoạn cho công trình không theo tuyến/Theo giai đoạn cho công trình theo tuyến trong đô thị/Dự án) và nhà ở riêng lẻ.,Hoạt động xây dựng,Sở Xây dựng,Một phần,Cấp xã,2,38,https://datafiles.hanoi.gov.vn/gov-hni/8123/VanBan/2026/4/22/QD%20492%20PL2.pdf,2026-04-14,False,False,PL2-0801_1_013232.md
PL2-0802,802,1.013227,Gia hạn giấy phép xây dựng đối với công trình cấp III. cấp IV (công trình Không theo tuyến/Theo tuyến trong đô thị/Tín ngưỡng. tôn giáo/Tượng đài. tranh hoành tráng/Theo giai đoạn cho công trình không theo tuyến/Theo giai đoạn cho công trình theo tuyến trong đô thị/Dự án) và nhà ở riêng lẻ.,Hoạt động xây dựng,Sở Xây dựng,Một phần,Cấp xã,2,38,https://datafiles.hanoi.gov.vn/gov-hni/8123/VanBan/2026/4/22/QD%20492%20PL2.pdf,2026-04-14,False,False,PL2-0802_1_013227.md
PL2-0803,803,1.013228,Cấp lại giấy phép xây dựng đối với công trình cấp III. cấp IV (công trình Không theo tuyến/Theo tuyến trong đô thị/Tín ngưỡng. tôn giáo/ Tượng đài. tranh hoành tráng/Theo giai đoạn cho công trình không theo tuyến/Theo giai đoạn cho công trình theo tuyến trong đô thị/Dự án) và nhà ở riêng lẻ.,Hoạt động xây dựng,Sở Xây dựng,Một phần,Cấp xã,2,38,https://datafiles.hanoi.gov.vn/gov-hni/8123/VanBan/2026/4/22/QD%20492%20PL2.pdf,2026-04-14,False,False,PL2-0803_1_013228.md
PL2-0804,804,1.012906,Cấp mới chứng chỉ hành nghề môi giới bất động sản.,Kinh doanh bất động sản,Sở Xây dựng,Một phần,Cấp tỉnh,2,38,https://datafiles.hanoi.gov.vn/gov-hni/8123/VanBan/2026/4/22/QD%20492%20PL2.pdf,2026-04-14,False,False,PL2-0804_1_012906.md
PL2-0805,805,1.012897,Thủ tục cho thuê nhà ở cũ thuộc tài sản công đối với trường hợp nhận chuyển quyền thuê nhà ở,Kinh doanh bất động sản,Sở Xây dựng,Một phần,Cấp tỉnh,2,38,https://datafiles.hanoi.gov.vn/gov-hni/8123/VanBan/2026/4/22/QD%20492%20PL2.pdf,2026-04-14,False,False,PL2-0805_1_012897.md
PL2-0806,806,1.013777,Cho phép chuyển nhượng toàn bộ hoặc một phần dự án bất động sản,Kinh doanh bất động sản,Sở Xây dựng,Một phần,Cấp tỉnh,2,38,https://datafiles.hanoi.gov.vn/gov-hni/8123/VanBan/2026/4/22/QD%20492%20PL2.pdf,2026-04-14,False,False,PL2-0806_1_013777.md
PL2-0807,807,1.012893,Thủ tục bán nhà ở cũ thuộc tài sản công,Nhà ở công sở,Sở Xây dựng,Một phần,Cấp tỉnh,2,38,https://datafiles.hanoi.gov.vn/gov-hni/8123/VanBan/2026/4/22/QD%20492%20PL2.pdf,2026-04-14,False,False,PL2-0807_1_012893.md
PL2-0808,808,1.012894,Thủ tục giải quyết bán phần diện tích nhà đất sử dụng chung của nhà ở cũ thuộc tài sản công,Nhà ở công sở,Sở Xây dựng,Một phần,Cấp tỉnh,2,38,https://datafiles.hanoi.gov.vn/gov-hni/8123/VanBan/2026/4/22/QD%20492%20PL2.pdf,2026-04-14,False,False,PL2-0808_1_012894.md
PL2-0809,809,1.012903,Thông báo quyền sử dụng đất đã có hạ tầng kỹ thuật trong dự án bất động sản đủ điều kiện chuyển nhượng cho cá nhân tự xây dựng nhà ở,Kinh doanh bất động sản,Sở Xây dựng,Một phần,Cấp tỉnh,2,38,https://datafiles.hanoi.gov.vn/gov-hni/8123/VanBan/2026/4/22/QD%20492%20PL2.pdf,2026-04-14,False,False,PL2-0809_1_012903.md
PL2-0810,810,1.012895,Thủ tục thẩm định giá bán. giá thuê mua nhà ở xã hội/nhà ở cho lực lượng vũ trang nhân dân,Nhà ở công sở,Sở Xây dựng,Một phần,Cấp tỉnh,2,38,https://datafiles.hanoi.gov.vn/gov-hni/8123/VanBan/2026/4/22/QD%20492%20PL2.pdf,2026-04-14,False,False,PL2-0810_1_012895.md
PL2-0811,811,1.012896,Thủ tục cho thuê. cho thuê mua nhà ở xã hội do Nhà nước đầu tư xây dựng bằng vốn đầu tư công,Nhà ở công sở,Sở Xây dựng,Một phần,Cấp tỉnh,2,38,https://datafiles.hanoi.gov.vn/gov-hni/8123/VanBan/2026/4/22/QD%20492%20PL2.pdf,2026-04-14,False,False,PL2-0811_1_012896.md
PL2-0812,812,1.012905,Thông báo nhà ở hình thành trong tương lai đủ điều kiện được bán. cho thuê mua,Kinh doanh bất động sản,Sở Xây dựng,Một phần,Cấp tỉnh,2,38,https://datafiles.hanoi.gov.vn/gov-hni/8123/VanBan/2026/4/22/QD%20492%20PL2.pdf,2026-04-14,False,False,PL2-0812_1_012905.md
PL2-0813,813,1.012885,Thủ tục chấp thuận chủ trương đầu tư đồng thời với chấp thuận nhà đầu tư dự án cải tạo. xây dựng lại nhà chung cư không bằng nguồn vốn đầu tư công,Nhà ở công sở,Sở Xây dựng,Một phần,Cấp tỉnh,2,38,https://datafiles.hanoi.gov.vn/gov-hni/8123/VanBan/2026/4/22/QD%20492%20PL2.pdf,2026-04-14,False,False,PL2-0813_1_012885.md
PL2-0814,814,1.014535,Quyết định miễn. giảm tiền thuê nhà cho tổ chức. cá nhân thuê nhà,Quản lý công sản,Sở Xây dựng,Một phần,Cấp tỉnh,2,38,https://datafiles.hanoi.gov.vn/gov-hni/8123/VanBan/2026/4/22/QD%20492%20PL2.pdf,2026-04-14,False,False,PL2-0814_1_014535.md
PL2-0815,815,1.002693,Cấp phép chặt hạ. dịch chuyển cây xanh,Hạ tầng kỹ thuật,Sở Xây dựng,Một phần,Cấp tỉnh và cấp xã,2,39,https://datafiles.hanoi.gov.vn/gov-hni/8123/VanBan/2026/4/22/QD%20492%20PL2.pdf,2026-04-14,False,False,PL2-0815_1_002693.md
PL2-0816,816,1.009794,Kiểm tra công tác nghiệm thu hoàn thành công trình của cơ quan chuyên môn về xây dựng tại địa phương,Quản lý chất lượng công trình,Sở Xây dựng,Một phần,Cấp tỉnh,2,39,https://datafiles.hanoi.gov.vn/gov-hni/8123/VanBan/2026/4/22/QD%20492%20PL2.pdf,2026-04-14,False,False,PL2-0816_1_009794.md
PL2-0817,817,1.009788,Cho ý kiến về kết quả đánh giá an toàn công trình đối với công trình xây dựng nằm trên địa bàn tỉnh.,Quản lý chất lượng công trình,Sở Xây dựng,Một phần,Cấp tỉnh,2,39,https://datafiles.hanoi.gov.vn/gov-hni/8123/VanBan/2026/4/22/QD%20492%20PL2.pdf,2026-04-14,False,False,PL2-0817_1_009788.md
PL2-0818,818,1.009791,Cho ý kiến về việc các công trình hết thời hạn sử dụng nhưng có nhu cầu sử dụng tiếp (trừ trường hợp nhà ở riêng lẻ),Quản lý chất lượng công trình,Sở Xây dựng,Một phần,Cấp tỉnh,2,39,https://datafiles.hanoi.gov.vn/gov-hni/8123/VanBan/2026/4/22/QD%20492%20PL2.pdf,2026-04-14,False,False,PL2-0818_1_009791.md
PL2-0819,819,1.014190,Thủ tục cấp biển hiệu phương tiện vận tải khách du lịch bằng đường thủy nội địa,Du lịch,Sở Xây dựng,Một phần,Cấp tỉnh,2,39,https://datafiles.hanoi.gov.vn/gov-hni/8123/VanBan/2026/4/22/QD%20492%20PL2.pdf,2026-04-14,False,False,PL2-0819_1_014190.md
PL2-0820,820,1.014191,Thủ tục cấp đổi biển hiệu phương tiện vận tải khách du lịch bằng đường thủy nội địa,Du lịch,Sở Xây dựng,Một phần,Cấp tỉnh,2,39,https://datafiles.hanoi.gov.vn/gov-hni/8123/VanBan/2026/4/22/QD%20492%20PL2.pdf,2026-04-14,False,False,PL2-0820_1_014191.md
PL2-0821,821,1.014192,Thủ tục cấp lại biển hiệu phương tiện vận tải khách du lịch bằng đường thủy nội địa,Du lịch,Sở Xây dựng,Một phần,Cấp tỉnh,2,39,https://datafiles.hanoi.gov.vn/gov-hni/8123/VanBan/2026/4/22/QD%20492%20PL2.pdf,2026-04-14,False,False,PL2-0821_1_014192.md
PL2-0822,822,3.000161,Hỗ trợ lãi suất vay vốn tại tổ chức tín dụng để đầu tư phương tiện. đầu tư kết cấu hạ tầng phụ vụ vận tải hành khách công cộng bằng xe buýt theo quy định tại Khoản 3 Điều 4. Khoản 3 Điều 5 Quyết định số 13/2015/QĐ-TTg ngày 05/5/2015 của Thủ tướng Chính phủ về cơ chế. chính sách khuyến khích phát triển vận tải hành khách công cộng bằng xe buýt,Tài chính ngân hàng,Sở Xây dựng,Một phần,Cấp tỉnh,2,39,https://datafiles.hanoi.gov.vn/gov-hni/8123/VanBan/2026/4/22/QD%20492%20PL2.pdf,2026-04-14,False,False,PL2-0822_3_000161.md
PL2-0823,823,3.000424,Chuyển từ hình thức giao tài sản kết cấu hạ tầng đường sắt quốc gia/đô thị không tính thành phần vốn nhà nước tại doanh nghiệp sang hình thức tính thành phần vốn nhà nước tại doanh nghiệp,Quản lý công sản,Sở Xây dựng,Một phần,Cấp tỉnh,2,39,https://datafiles.hanoi.gov.vn/gov-hni/8123/VanBan/2026/4/22/QD%20492%20PL2.pdf,2026-04-14,False,False,PL2-0823_3_000424.md
PL2-0824,824,3.000429,Điều chuyển tài sản kết cấu hạ tầng đường sắt đô thị,Quản lý công sản,Sở Xây dựng,Một phần,Cấp tỉnh,2,39,https://datafiles.hanoi.gov.vn/gov-hni/8123/VanBan/2026/4/22/QD%20492%20PL2.pdf,2026-04-14,False,False,PL2-0824_3_000429.md
PL2-0825,825,3.000434,Sử dụng tài sản kết cấu hạ tầng đường sắt đô thị để tham gia dự án đầu tư theo phương thức đối tác công tư,Quản lý công sản,Sở Xây dựng,Một phần,Cấp tỉnh,2,39,https://datafiles.hanoi.gov.vn/gov-hni/8123/VanBan/2026/4/22/QD%20492%20PL2.pdf,2026-04-14,False,False,PL2-0825_3_000434.md
PL2-0826,826,3.000432,Xử lý tài sản kết cấu hạ tầng đường sắt đô thị trong trường hợp bị mất. bị hủy hoại,Quản lý công sản,Sở Xây dựng,Một phần,Cấp tỉnh,2,39,https://datafiles.hanoi.gov.vn/gov-hni/8123/VanBan/2026/4/22/QD%20492%20PL2.pdf,2026-04-14,False,False,PL2-0826_3_000432.md
PL2-0827,827,3.000430,Chuyển giao tài sản kết cấu hạ tầng đường sắt đô thị về địa phương quản lý. xử lý,Quản lý công sản,Sở Xây dựng,Một phần,Cấp tỉnh,2,39,https://datafiles.hanoi.gov.vn/gov-hni/8123/VanBan/2026/4/22/QD%20492%20PL2.pdf,2026-04-14,False,False,PL2-0827_3_000430.md
PL2-0828,828,3.000428,Thu hồi tài sản kết cấu hạ tầng đường sắt đô thị,Quản lý công sản,Sở Xây dựng,Một phần,Cấp tỉnh,2,39,https://datafiles.hanoi.gov.vn/gov-hni/8123/VanBan/2026/4/22/QD%20492%20PL2.pdf,2026-04-14,False,False,PL2-0828_3_000428.md
PL2-0829,829,3.000431,Thanh lý tài sản kết cấu hạ tầng đường sắt đô thị.,Quản lý công sản,Sở Xây dựng,Một phần,Cấp tỉnh,2,39,https://datafiles.hanoi.gov.vn/gov-hni/8123/VanBan/2026/4/22/QD%20492%20PL2.pdf,2026-04-14,False,False,PL2-0829_3_000431.md
PL2-0830,830,3.000433,Thanh toán chi phí từ việc xử lý tài sản kết cấu hạ tầng đường sắt đô thị,Quản lý công sản,Sở Xây dựng,Một phần,Cấp tỉnh,2,39,https://datafiles.hanoi.gov.vn/gov-hni/8123/VanBan/2026/4/22/QD%20492%20PL2.pdf,2026-04-14,False,False,PL2-0830_3_000433.md
PL2-0831,831,3.000426,Cho thuê quyền khai thác tài sản kết cấu hạ tầng đường sắt đô thị,Quản lý công sản,Sở Xây dựng,Một phần,Cấp tỉnh,2,39,https://datafiles.hanoi.gov.vn/gov-hni/8123/VanBan/2026/4/22/QD%20492%20PL2.pdf,2026-04-14,False,False,PL2-0831_3_000426.md
PL2-0832,832,3.000425,Khai thác tài sản KCHT đường sắt quốc gia/đô thị theo phương thức cơ quan quản lý tài sản trực tiếp tổ chức khai thác (đối với tài sản liên quan đến quốc phòng. an ninh quốc gia),Quản lý công sản,Sở Xây dựng,Một phần,Cấp tỉnh,2,39,https://datafiles.hanoi.gov.vn/gov-hni/8123/VanBan/2026/4/22/QD%20492%20PL2.pdf,2026-04-14,False,False,PL2-0832_3_000425.md
PL2-0833,833,1.011769,Giao tài sản kết cấu hạ tầng cấp nước sạch cho doanh nghiệp đang quản lý. sử dụng,Quản lý công sản,Sở Xây dựng,Một phần,Cấp tỉnh,2,39,https://datafiles.hanoi.gov.vn/gov-hni/8123/VanBan/2026/4/22/QD%20492%20PL2.pdf,2026-04-14,False,False,PL2-0833_1_011769.md
PL2-0834,834,1.011729,Xác nhận vật tư. thiết bị là hàng hóa nhập khẩu phục vụ dự án chế tạo thiết bị sản xuất vật liệu xây không nung nhẹ và sản xuất gạch xi măng - cốt liệu công suất từ 10 triệu viên quy tiêu chuẩn/năm trở lên thuộc Nhóm 98.22,Chính sách thuế,Sở Xây dựng,Một phần,Cấp tỉnh,2,39,https://datafiles.hanoi.gov.vn/gov-hni/8123/VanBan/2026/4/22/QD%20492%20PL2.pdf,2026-04-14,False,False,PL2-0834_1_011729.md
PL2-0835,835,1.014632,Đăng ký mua. thuê mua. thuê nhà ở xã hội. vay vốn để hộ gia đình. cá nhân tự xây dựng hoặc cải tạo. sửa chữa nhà ở,Nhà ở,Sở Xây dựng,Một phần,Cấp tỉnh và cấp xã,2,39,https://datafiles.hanoi.gov.vn/gov-hni/8123/VanBan/2026/4/22/QD%20492%20PL2.pdf,2026-04-14,False,False,PL2-0835_1_014632.md
PL2-0836,836,1.013868,Đăng ký lưu hành bổ sung do thay đổi tác dụng. liều lượng sử dụng. phương pháp sử dụng. hàm lượng hoạt chất. hàm lượng phụ gia cộng hưởng. dạng chế phẩm. hạn sử dụng. nguồn hoạt chất.,Phòng bệnh,Sở Y tế,Một phần,Cấp tỉnh,2,39,https://datafiles.hanoi.gov.vn/gov-hni/8123/VanBan/2026/4/22/QD%20492%20PL2.pdf,2026-04-14,False,False,PL2-0836_1_013868.md
PL2-0837,837,1.013867,Đăng ký lưu hành bổ sung do thay đổi tên. địa chỉ liên lạc của đơn vị đăng ký. đơn vị sản xuất chế phẩm diệt côn trùng. diệt khuẩn dùng trong lĩnh vực gia dụng và y tế .,Phòng bệnh,Sở Y tế,Một phần,Cấp tỉnh,2,40,https://datafiles.hanoi.gov.vn/gov-hni/8123/VanBan/2026/4/22/QD%20492%20PL2.pdf,2026-04-14,False,False,PL2-0837_1_013867.md
PL2-0838,838,1.013883,Cấp giấy phép nhập khẩu chế phẩm diệt côn trùng. diệt khuẩn dùng trong lĩnh vực gia dụng và y tế do trên thị trường không có sản phẩm hoặc phương pháp sử dụng phù hợp với nhu cầu của tổ chức. cá nhân xin nhập khẩu .,Phòng bệnh,Sở Y tế,Một phần,Cấp tỉnh,2,40,https://datafiles.hanoi.gov.vn/gov-hni/8123/VanBan/2026/4/22/QD%20492%20PL2.pdf,2026-04-14,False,False,PL2-0838_1_013883.md
PL2-0839,839,1.013881,Cấp giấy phép nhập khẩu chế phẩm diệt côn trùng. diệt khuẩn dùng trong lĩnh vực gia dụng và y tế là quà biếu. cho. tặng .,Phòng bệnh,Sở Y tế,Một phần,Cấp tỉnh,2,40,https://datafiles.hanoi.gov.vn/gov-hni/8123/VanBan/2026/4/22/QD%20492%20PL2.pdf,2026-04-14,False,False,PL2-0839_1_013881.md
PL2-0840,840,1.013880,Cấp giấy phép nhập khẩu chế phẩm diệt côn trùng. diệt khuẩn dùng trong lĩnh vực gia dụng và y tế phục vụ mục đích viện trợ .,Phòng bệnh,Sở Y tế,Một phần,Cấp tỉnh,2,40,https://datafiles.hanoi.gov.vn/gov-hni/8123/VanBan/2026/4/22/QD%20492%20PL2.pdf,2026-04-14,False,False,PL2-0840_1_013880.md
PL2-0841,841,1.013875,Cấp giấy phép nhập khẩu chế phẩm diệt côn trùng. diệt khuẩn dùng trong lĩnh vực gia dụng và y tế để nghiên cứu .,Phòng bệnh,Sở Y tế,Một phần,Cấp tỉnh,2,40,https://datafiles.hanoi.gov.vn/gov-hni/8123/VanBan/2026/4/22/QD%20492%20PL2.pdf,2026-04-14,False,False,PL2-0841_1_013875.md
PL2-0842,842,1.013872,Thông báo thay đổi nội dung. hình thức nhãn chế phẩm diệt côn trùng. diệt khuẩn dùng trong lĩnh vực gia dụng và y tế .,Phòng bệnh,Sở Y tế,Một phần,Cấp tỉnh,2,40,https://datafiles.hanoi.gov.vn/gov-hni/8123/VanBan/2026/4/22/QD%20492%20PL2.pdf,2026-04-14,False,False,PL2-0842_1_013872.md
PL2-0843,843,1.013870,Đăng ký cấp lại Giấy chứng nhận đăng ký lưu hành chế phẩm diệt côn trùng. diệt khuẩn dùng trong lĩnh vực gia dụng và y tế .,Phòng bệnh,Sở Y tế,Một phần,Cấp tỉnh,2,40,https://datafiles.hanoi.gov.vn/gov-hni/8123/VanBan/2026/4/22/QD%20492%20PL2.pdf,2026-04-14,False,False,PL2-0843_1_013870.md
PL2-0844,844,1.013895,Đăng ký lưu hành bổ sung do thay đổi địa điểm cơ sở sản xuất. thay đổi cơ sở sản xuất chế phẩm diệt côn trùng. diệt khuẩn dùng trong lĩnh vực gia dụng và y tế .,Phòng bệnh,Sở Y tế,Một phần,Cấp tỉnh,2,40,https://datafiles.hanoi.gov.vn/gov-hni/8123/VanBan/2026/4/22/QD%20492%20PL2.pdf,2026-04-14,False,False,PL2-0844_1_013895.md
PL2-0845,845,1.013891,Đăng ký lưu hành bổ sung do đổi tên chế phẩm diệt côn trùng. diệt khuẩn dùng trong lĩnh vực gia dụng và y tế .,Phòng bệnh,Sở Y tế,Một phần,Cấp tỉnh,2,40,https://datafiles.hanoi.gov.vn/gov-hni/8123/VanBan/2026/4/22/QD%20492%20PL2.pdf,2026-04-14,False,False,PL2-0845_1_013891.md
PL2-0846,846,1.009249,Xét tặng giải thưởng Hải Thượng Lãn Ông về công tác y dược cổ truyền,Thi đua. khen thưởng,Sở Y tế,Một phần,Cấp tỉnh,2,40,https://datafiles.hanoi.gov.vn/gov-hni/8123/VanBan/2026/4/22/QD%20492%20PL2.pdf,2026-04-14,False,False,PL2-0846_1_009249.md
PL2-0847,847,1.012415,Cấp giấy chứng nhận lương y theo quy định cho các đối tượng quy định tại khoản 1. 2 và khoản 3 Điều 1 Thông tư số 02/2024/TT-BYT,Y Dược cổ truyền,Sở Y tế,Một phần,Cấp tỉnh,2,40,https://datafiles.hanoi.gov.vn/gov-hni/8123/VanBan/2026/4/22/QD%20492%20PL2.pdf,2026-04-14,False,False,PL2-0847_1_012415.md
PL2-0848,848,1.013887,Đăng ký lưu hành bổ sung do thay đổi quyền sở hữu số đăng ký lưu hành chế phẩm diệt côn trùng. diệt khuẩn dùng trong lĩnh vực gia dụng và y tế .,Phòng bệnh,Sở Y tế,Một phần,Cấp tỉnh,2,40,https://datafiles.hanoi.gov.vn/gov-hni/8123/VanBan/2026/4/22/QD%20492%20PL2.pdf,2026-04-14,False,False,PL2-0848_1_013887.md
PL2-0849,849,1.013874,Gia hạn số đăng ký lưu hành chế phẩm diệt côn trùng. diệt khuẩn dùng trong lĩnh vực gia dụng và y tế .,Phòng bệnh,Sở Y tế,Một phần,Cấp tỉnh,2,40,https://datafiles.hanoi.gov.vn/gov-hni/8123/VanBan/2026/4/22/QD%20492%20PL2.pdf,2026-04-14,False,False,PL2-0849_1_013874.md
PL2-0850,850,1.013866,Đăng ký lưu hành mới chế phẩm diệt côn trùng. diệt khuẩn dùng trong lĩnh vực gia dụng và y tế..,Phòng bệnh,Sở Y tế,Một phần,Cấp tỉnh,2,40,https://datafiles.hanoi.gov.vn/gov-hni/8123/VanBan/2026/4/22/QD%20492%20PL2.pdf,2026-04-14,False,False,PL2-0850_1_013866.md
PL2-0851,851,1.013879,Điều chỉnh giấy chứng nhận cơ sở đủ điều kiện xét nghiệm khẳng định HIV dương tính.,Phòng bệnh,Sở Y tế,Một phần,Cấp tỉnh,2,40,https://datafiles.hanoi.gov.vn/gov-hni/8123/VanBan/2026/4/22/QD%20492%20PL2.pdf,2026-04-14,False,False,PL2-0851_1_013879.md
PL2-0852,852,1.014128,Cấp bản tóm tắt hồ sơ bệnh án,Khám bệnh. chữa bệnh,Sở Y tế,Một phần,Cấp tỉnh,2,40,https://datafiles.hanoi.gov.vn/gov-hni/8123/VanBan/2026/4/22/QD%20492%20PL2.pdf,2026-04-14,False,False,PL2-0852_1_014128.md
PL2-0853,853,1.012262,Xếp cấp chuyên môn kỹ thuật,Khám bệnh. chữa bệnh,Sở Y tế,Một phần,Cấp tỉnh,2,40,https://datafiles.hanoi.gov.vn/gov-hni/8123/VanBan/2026/4/22/QD%20492%20PL2.pdf,2026-04-14,False,False,PL2-0853_1_012262.md
PL2-0854,854,1.012261,Đề nghị thực hiện thí điểm khám bệnh. chữa bệnh từ xa,Khám bệnh. chữa bệnh,Sở Y tế,Một phần,Cấp tỉnh,2,40,https://datafiles.hanoi.gov.vn/gov-hni/8123/VanBan/2026/4/22/QD%20492%20PL2.pdf,2026-04-14,False,False,PL2-0854_1_012261.md
PL2-0855,855,1.012260,Công bố đủ điều kiện thực hiện khám bệnh. chữa bệnh từ xa,Khám bệnh. chữa bệnh,Sở Y tế,Một phần,Cấp tỉnh,2,40,https://datafiles.hanoi.gov.vn/gov-hni/8123/VanBan/2026/4/22/QD%20492%20PL2.pdf,2026-04-14,False,False,PL2-0855_1_012260.md
PL2-0856,856,1.012258,Cho phép người nước ngoài vào Việt Nam chuyển giao kỹ thuật chuyên môn về khám bệnh. chữa bệnh hoặc hợp tác đào tạo về y khoa có thực hành khám bệnh. chữa bệnh,Khám bệnh. chữa bệnh,Sở Y tế,Một phần,Cấp tỉnh,2,40,https://datafiles.hanoi.gov.vn/gov-hni/8123/VanBan/2026/4/22/QD%20492%20PL2.pdf,2026-04-14,False,False,PL2-0856_1_012258.md
PL2-0857,857,1.012279,Cấp lại giấy phép hoạt động khám bệnh. chữa bệnh,Khám bệnh. chữa bệnh,Sở Y tế,Một phần,Cấp tỉnh,2,40,https://datafiles.hanoi.gov.vn/gov-hni/8123/VanBan/2026/4/22/QD%20492%20PL2.pdf,2026-04-14,False,False,PL2-0857_1_012279.md
PL2-0858,858,1.012276,Thu hồi giấy phép hành nghề đối với trường hợp quy định tại điểm i khoản 1 Điều 35 của Luật Khám bệnh. chữa bệnh,Khám bệnh. chữa bệnh,Sở Y tế,Một phần,Cấp tỉnh,2,40,https://datafiles.hanoi.gov.vn/gov-hni/8123/VanBan/2026/4/22/QD%20492%20PL2.pdf,2026-04-14,False,False,PL2-0858_1_012276.md
PL2-0859,859,1.012273,Gia hạn giấy phép hành nghề đối với chức danh chuyên môn là lương y. người có bài thuốc gia truyền hoặc có phương pháp chữa bệnh gia truyền,Khám bệnh. chữa bệnh,Sở Y tế,Một phần,Cấp tỉnh,2,41,https://datafiles.hanoi.gov.vn/gov-hni/8123/VanBan/2026/4/22/QD%20492%20PL2.pdf,2026-04-14,False,False,PL2-0859_1_012273.md
PL2-0860,860,1.012271,Cấp mới giấy phép hành nghề đối với chức danh chuyên môn là lương y. người có bài thuốc gia truyền hoặc có phương pháp chữa bệnh gia truyền,Khám bệnh. chữa bệnh,Sở Y tế,Một phần,Cấp tỉnh,2,41,https://datafiles.hanoi.gov.vn/gov-hni/8123/VanBan/2026/4/22/QD%20492%20PL2.pdf,2026-04-14,False,False,PL2-0860_1_012271.md
PL2-0861,861,1.012272,Cấp lại giấy phép hành nghề đối với chức danh chuyên môn là lương y. người có bài thuốc gia truyền hoặc có phương pháp chữa bệnh gia truyền,Khám bệnh. chữa bệnh,Sở Y tế,Một phần,Cấp tỉnh,2,41,https://datafiles.hanoi.gov.vn/gov-hni/8123/VanBan/2026/4/22/QD%20492%20PL2.pdf,2026-04-14,False,False,PL2-0861_1_012272.md
PL2-0862,862,1.009346,Xét tặng giải thưởng Đặng Văn Ngữ trong lĩnh vực Y tế dự phòng,Thi đua. khen thưởng,Sở Y tế,Một phần,Cấp tỉnh,2,41,https://datafiles.hanoi.gov.vn/gov-hni/8123/VanBan/2026/4/22/QD%20492%20PL2.pdf,2026-04-14,False,False,PL2-0862_1_009346.md
PL2-0863,863,1.013873,Cấp lại giấy chứng nhận cơ sở đủ điều kiện xét nghiệm khẳng định HIV dương tính.,Phòng bệnh,Sở Y tế,Một phần,Cấp tỉnh,2,41,https://datafiles.hanoi.gov.vn/gov-hni/8123/VanBan/2026/4/22/QD%20492%20PL2.pdf,2026-04-14,False,False,PL2-0863_1_013873.md
PL2-0864,864,1.013869,Cấp mới giấy chứng nhận cơ sở đủ điều kiện xét nghiệm khẳng định HIV dương tính.,Phòng bệnh,Sở Y tế,Một phần,Cấp tỉnh,2,41,https://datafiles.hanoi.gov.vn/gov-hni/8123/VanBan/2026/4/22/QD%20492%20PL2.pdf,2026-04-14,False,False,PL2-0864_1_013869.md
PL2-0865,865,1.004539,Công bố đáp ứng yêu cầu là cơ sở thực hành trong đào tạo khối ngành sức khỏe đối với các cơ sở khám. chữa bệnh thuộc Sở Y tế và cơ sở khám bệnh. chữa bệnh tư nhân trên địa bàn tỉnh. thành phố,Đào tạo và Nghiên cứu khoa học,Sở Y tế,Một phần,Cấp tỉnh,2,41,https://datafiles.hanoi.gov.vn/gov-hni/8123/VanBan/2026/4/22/QD%20492%20PL2.pdf,2026-04-14,False,False,PL2-0865_1_004539.md
PL2-0866,866,1.013820,Thành lập. tổ chức lại. giải thể cơ sở trợ giúp xã hội công lập thuộc Ủy ban nhân dân cấp tỉnh. cơ quan chuyên môn thuộc Ủy ban nhân dân cấp tỉnh,Bảo trợ xã hội,Sở Y tế,Một phần,Cấp tỉnh,2,41,https://datafiles.hanoi.gov.vn/gov-hni/8123/VanBan/2026/4/22/QD%20492%20PL2.pdf,2026-04-14,False,False,PL2-0866_1_013820.md
PL2-0867,867,1.013815,Cấp. cấp lại. điều chỉnh giấy phép hoạt động đối với cơ sở trợ giúp xã hội,Bảo trợ xã hội,Sở Y tế,Một phần,Cấp tỉnh,2,41,https://datafiles.hanoi.gov.vn/gov-hni/8123/VanBan/2026/4/22/QD%20492%20PL2.pdf,2026-04-14,False,False,PL2-0867_1_013815.md
PL2-0868,868,1.014011,Cấp lại. sửa đổi. bổ sung Giấy phép hoạt động hỗ trợ nạn nhân,Phòng. chống tệ nạn xã hội,Sở Y tế,Một phần,Cấp tỉnh,2,41,https://datafiles.hanoi.gov.vn/gov-hni/8123/VanBan/2026/4/22/QD%20492%20PL2.pdf,2026-04-14,False,False,PL2-0868_1_014011.md
PL2-0869,869,1.014010,Cấp Giấy phép hoạt động hỗ trợ nạn nhân,Phòng. chống tệ nạn xã hội,Sở Y tế,Một phần,Cấp tỉnh,2,41,https://datafiles.hanoi.gov.vn/gov-hni/8123/VanBan/2026/4/22/QD%20492%20PL2.pdf,2026-04-14,False,False,PL2-0869_1_014010.md
PL2-0870,870,1.003055,Cấp Giấy chứng nhận đủ điều kiện sản xuất mỹ phẩm,Mỹ phẩm,Sở Y tế,Một phần,Cấp tỉnh,2,41,https://datafiles.hanoi.gov.vn/gov-hni/8123/VanBan/2026/4/22/QD%20492%20PL2.pdf,2026-04-14,False,False,PL2-0870_1_003055.md
PL2-0871,871,1.013841,Miễn kiểm tra giám sát đối với cơ sở kiểm nghiệm thực phẩm đã được tổ chức công nhận hợp pháp của Việt Nam hoặc tổ chức công nhận nước ngoài là thành viên tham gia thỏa thuận lẫn nhau của Hiệp hội công nhận phòng thí nhiệm Quốc tế. Hiệp hội công nhận phòng thí nghiệm Châu Á- Thái Bình Dương đánh giá và cấp chứng chỉ công nhận theo Tiêu chuẩn quốc gia TCVN ISO/IEC 17025 hoặc Tiêu chuẩn quốc tế ISO/IEC 17025.,An toàn thực phẩm,Sở Y tế,Một phần,Cấp tỉnh,2,41,https://datafiles.hanoi.gov.vn/gov-hni/8123/VanBan/2026/4/22/QD%20492%20PL2.pdf,2026-04-14,False,False,PL2-0871_1_013841.md
PL2-0872,872,1.013844,Đăng ký chỉ định cơ sở kiểm nghiệm thực phẩm đã được tổ chức công nhận hợp pháp của Việt Nam hoặc tổ chức công nhận nước ngoài là thành viên tham gia thỏa thuận lẫn nhau của Hiệp hội công nhận phòng thí nhiệm Quốc tế. Hiệp hội công nhận phòng thí nghiệm Châu Á- Thái Bình Dương đánh giá và cấp chứng chỉ công nhận theo Tiêu chuẩn quốc gia TCVN ISO/IEC 17025 hoặc Tiêu chuẩn quốc tế ISO/IEC 17025,An toàn thực phẩm,Sở Y tế,Một phần,Cấp tỉnh,2,41,https://datafiles.hanoi.gov.vn/gov-hni/8123/VanBan/2026/4/22/QD%20492%20PL2.pdf,2026-04-14,False,False,PL2-0872_1_013844.md
PL2-0873,873,1.013850,Đăng ký thay đổi. bổ sung phạm vi chỉ định cơ sở kiểm nghiệm thực phẩm phục vụ quản lý nhà nước.,An toàn thực phẩm,Sở Y tế,Một phần,Cấp tỉnh,2,41,https://datafiles.hanoi.gov.vn/gov-hni/8123/VanBan/2026/4/22/QD%20492%20PL2.pdf,2026-04-14,False,False,PL2-0873_1_013850.md
PL2-0874,874,1.013884,Cấp lại giấy chứng nhận cơ sở xét nghiệm đạt tiêu chuẩn an toàn sinh học cấp III do hết hạn.,Phòng bệnh,Sở Y tế,Một phần,Cấp tỉnh,2,41,https://datafiles.hanoi.gov.vn/gov-hni/8123/VanBan/2026/4/22/QD%20492%20PL2.pdf,2026-04-14,False,False,PL2-0874_1_013884.md
PL2-0875,875,1.013878,Cấp mới giấy chứng nhận cơ sở xét nghiệm đạt tiêu chuẩn an toàn sinh học cấp III.,Phòng bệnh,Sở Y tế,Một phần,Cấp tỉnh,2,41,https://datafiles.hanoi.gov.vn/gov-hni/8123/VanBan/2026/4/22/QD%20492%20PL2.pdf,2026-04-14,False,False,PL2-0875_1_013878.md
PL2-0876,876,1.013864,Cấp giấy chứng nhận bị nhiễm HIV do tai nạn rủi ro nghề nghiệp,Phòng bệnh,Sở Y tế,Một phần,Cấp tỉnh,2,41,https://datafiles.hanoi.gov.vn/gov-hni/8123/VanBan/2026/4/22/QD%20492%20PL2.pdf,2026-04-14,False,False,PL2-0876_1_013864.md
PL2-0877,877,1.013860,Cấp giấy chứng nhận bị phơi nhiễm với HIV do tai nạn rủi ro nghề nghiệp,Phòng bệnh,Sở Y tế,Một phần,Cấp tỉnh,2,41,https://datafiles.hanoi.gov.vn/gov-hni/8123/VanBan/2026/4/22/QD%20492%20PL2.pdf,2026-04-14,False,False,PL2-0877_1_013860.md
PL2-0878,878,1.013894,Cấp lại Giấy Tiếp nhận bản công bố hợp quy đối với thuốc lá,Phòng bệnh,Sở Y tế,Một phần,Cấp tỉnh,2,41,https://datafiles.hanoi.gov.vn/gov-hni/8123/VanBan/2026/4/22/QD%20492%20PL2.pdf,2026-04-14,False,False,PL2-0878_1_013894.md
PL2-0879,879,1.013876,Miễn nhiệm giám định viên pháp y và pháp y tâm thần,Giám định,Sở Y tế,Một phần,Cấp tỉnh,2,41,https://datafiles.hanoi.gov.vn/gov-hni/8123/VanBan/2026/4/22/QD%20492%20PL2.pdf,2026-04-14,False,False,PL2-0879_1_013876.md
PL2-0880,880,1.013871,Bổ nhiệm giám định viên pháp y và pháp y tâm thần,Giám định,Sở Y tế,Một phần,Cấp tỉnh,2,41,https://datafiles.hanoi.gov.vn/gov-hni/8123/VanBan/2026/4/22/QD%20492%20PL2.pdf,2026-04-14,False,False,PL2-0880_1_013871.md
PL2-0881,881,1.013898,Cấp Giấy Tiếp nhận bản công bố hợp quy dựa trên kết quả tự đánh giá của tổ chức. cá nhân sản xuất. kinh doanh thuốc lá (bên thứ nhất) .,Phòng bệnh,Sở Y tế,Một phần,Cấp tỉnh,2,42,https://datafiles.hanoi.gov.vn/gov-hni/8123/VanBan/2026/4/22/QD%20492%20PL2.pdf,2026-04-14,False,False,PL2-0881_1_013898.md
PL2-0882,882,1.013896,Cấp Giấy Tiếp nhận bản công bố hợp quy dựa trên kết quả chứng nhận hợp quy của tổ chức chứng nhận hợp quy được chỉ định (bên thứ ba) đối với thuốc lá.,Phòng bệnh,Sở Y tế,Một phần,Cấp tỉnh,2,42,https://datafiles.hanoi.gov.vn/gov-hni/8123/VanBan/2026/4/22/QD%20492%20PL2.pdf,2026-04-14,False,False,PL2-0882_1_013896.md
PL2-0883,883,1.006780,Cấp lại Giấy phép hoạt động đối với trạm. điểm sơ cấp cứu chữ thập đỏ do mất. rách. hỏng,Khám bệnh. chữa bệnh,Sở Y tế,Một phần,Cấp tỉnh,2,42,https://datafiles.hanoi.gov.vn/gov-hni/8123/VanBan/2026/4/22/QD%20492%20PL2.pdf,2026-04-14,False,False,PL2-0883_1_006780.md
PL2-0884,884,1.001138,Cấp Giấy phép hoạt động đối với trạm sơ cấp cứu chữ thập đỏ,Khám bệnh. chữa bệnh,Sở Y tế,Một phần,Cấp tỉnh,2,42,https://datafiles.hanoi.gov.vn/gov-hni/8123/VanBan/2026/4/22/QD%20492%20PL2.pdf,2026-04-14,False,False,PL2-0884_1_001138.md
PL2-0885,885,2.000559,Cấp Giấy phép hoạt động đối với điểm sơ cấp cứu chữ thập đỏ,Khám bệnh. chữa bệnh,Sở Y tế,Một phần,Cấp tỉnh,2,42,https://datafiles.hanoi.gov.vn/gov-hni/8123/VanBan/2026/4/22/QD%20492%20PL2.pdf,2026-04-14,False,False,PL2-0885_2_000559.md
PL2-0886,886,2.001944,Thông báo nhận chăm sóc thay thế cho trẻ em đối với cá nhân. người đại diện gia đình nhận chăm sóc thay thế là người thân thích của trẻ em,Trẻ em,Sở Y tế,Một phần,Cấp xã,2,42,https://datafiles.hanoi.gov.vn/gov-hni/8123/VanBan/2026/4/22/QD%20492%20PL2.pdf,2026-04-14,False,False,PL2-0886_2_001944.md
PL2-0887,887,1.004941,Đăng ký nhận chăm sóc thay thế cho trẻ em đối với cá nhân. người đại diện gia đình nhận chăm sóc thay thế không phải là người thân thích của trẻ em,Trẻ em,Sở Y tế,Một phần,Cấp xã,2,42,https://datafiles.hanoi.gov.vn/gov-hni/8123/VanBan/2026/4/22/QD%20492%20PL2.pdf,2026-04-14,False,False,PL2-0887_1_004941.md
PL2-0888,888,2.001947,Phê duyệt kế hoạch hỗ trợ. can thiệp đối với trẻ em bị xâm hại hoặc có nguy cơ bị bạo lực. bóc lột. bỏ rơi và trẻ em có hoàn cảnh đặc biệt,Trẻ em,Sở Y tế,Một phần,Cấp xã,2,42,https://datafiles.hanoi.gov.vn/gov-hni/8123/VanBan/2026/4/22/QD%20492%20PL2.pdf,2026-04-14,False,False,PL2-0888_2_001947.md
PL2-0889,889,1.004944,Chấm dứt việc chăm sóc thay thế cho trẻ em,Trẻ em,Sở Y tế,Một phần,Cấp tỉnh và cấp xã,2,42,https://datafiles.hanoi.gov.vn/gov-hni/8123/VanBan/2026/4/22/QD%20492%20PL2.pdf,2026-04-14,False,False,PL2-0889_1_004944.md
PL2-0890,890,1.004946,Áp dụng các biện pháp can thiệp khẩn cấp hoặc tạm thời cách ly trẻ em khỏi môi trường hoặc người gây tổn hại cho trẻ em,Trẻ em,Sở Y tế,Một phần,Cấp tỉnh và cấp xã,2,42,https://datafiles.hanoi.gov.vn/gov-hni/8123/VanBan/2026/4/22/QD%20492%20PL2.pdf,2026-04-14,False,False,PL2-0890_1_004946.md
PL2-0891,891,3.000447,Tiếp tục cho lưu hành thiết bị y tế trong trường hợp chủ sở hữu thiết bị y tế không tiếp tục sản xuất hoặc phá sản. giải thể đối với thiết bị y tế loại A. B,thiết bị y tế,Sở Y tế,Một phần,Cấp tỉnh,2,42,https://datafiles.hanoi.gov.vn/gov-hni/8123/VanBan/2026/4/22/QD%20492%20PL2.pdf,2026-04-14,False,False,PL2-0891_3_000447.md
PL2-0892,892,3.000448,Cấp giấy chứng nhận lưu hành tự do (CFS) đối với thiết bị y tế loại A. B,thiết bị y tế,Sở Y tế,Một phần,Cấp tỉnh,2,42,https://datafiles.hanoi.gov.vn/gov-hni/8123/VanBan/2026/4/22/QD%20492%20PL2.pdf,2026-04-14,False,False,PL2-0892_3_000448.md
PL2-0893,893,3.000449,Công bố đối với nguyên liệu sản xuất thiết bị y tế. chất ngoại kiểm chứa chất mà túy và tiền chất,thiết bị y tế,Sở Y tế,Một phần,Cấp tỉnh,2,42,https://datafiles.hanoi.gov.vn/gov-hni/8123/VanBan/2026/4/22/QD%20492%20PL2.pdf,2026-04-14,False,False,PL2-0893_3_000449.md
PL2-0894,894,1.013824,Cấp giấy chứng nhận cơ sở giáo dục đủ điều kiện kiểm tra và công nhận biết tiếng Việt thành thạo hoặc sử dụng thành thạo ngôn ngữ khác hoặc đủ trình độ phiên dịch trong khám bệnh. chữa bệnh,Đào tạo và Nghiên cứu khoa học,Sở Y tế,Một phần,Cấp tỉnh,2,42,https://datafiles.hanoi.gov.vn/gov-hni/8123/VanBan/2026/4/22/QD%20492%20PL2.pdf,2026-04-14,False,False,PL2-0894_1_013824.md
PL2-0895,895,1.013854,Gia hạn chỉ định cơ sở kiểm nghiệm thực phẩm phục vụ quản lý nhà nước,An toàn thực phẩm,Sở Y tế,Một phần,Cấp tỉnh,2,42,https://datafiles.hanoi.gov.vn/gov-hni/8123/VanBan/2026/4/22/QD%20492%20PL2.pdf,2026-04-14,False,False,PL2-0895_1_013854.md
PL2-0896,896,1.013857,Chỉ định cơ sở kiểm nghiệm thực phẩm phục vụ quản lý nhà nước,An toàn thực phẩm,Sở Y tế,Một phần,Cấp tỉnh,2,42,https://datafiles.hanoi.gov.vn/gov-hni/8123/VanBan/2026/4/22/QD%20492%20PL2.pdf,2026-04-14,False,False,PL2-0896_1_013857.md
PL2-0897,897,1.013892,Đình chỉ lưu hành. thu hồi số đăng ký lưu hành chế phẩm diệt côn trùng. diệt khuẩn dùng trong lĩnh vực gia dụng và y tế,Phòng bệnh,Sở Y tế,Một phần,Cấp tỉnh,2,42,https://datafiles.hanoi.gov.vn/gov-hni/8123/VanBan/2026/4/22/QD%20492%20PL2.pdf,2026-04-14,False,False,PL2-0897_1_013892.md
PL2-0898,898,1.013889,Sửa đổi. bổ sung. cấp lại giấy chứng nhận lưu hành tự do (CFS) đối với chế phẩm diệt côn trùng. diệt khuẩn dùng trong lĩnh vực gia dụng và y tế xuất khẩu,Phòng bệnh,Sở Y tế,Một phần,Cấp tỉnh,2,42,https://datafiles.hanoi.gov.vn/gov-hni/8123/VanBan/2026/4/22/QD%20492%20PL2.pdf,2026-04-14,False,False,PL2-0898_1_013889.md
PL2-0899,899,1.013886,Cấp giấy chứng nhận lưu hành tự do (CFS) đối với chế phẩm diệt côn trùng. diệt khuẩn dùng trong lĩnh vực gia dụng và y tế xuất khẩu,Phòng bệnh,Sở Y tế,Một phần,Cấp tỉnh,2,42,https://datafiles.hanoi.gov.vn/gov-hni/8123/VanBan/2026/4/22/QD%20492%20PL2.pdf,2026-04-14,False,False,PL2-0899_1_013886.md
PL2-0900,900,1.013037,Hủy hồ sơ công bố đủ điều kiện điều trị nghiện các chất dạng thuốc phiện bằng thuốc thay thế,Phòng bệnh,Sở Y tế,Một phần,Cấp tỉnh,2,42,https://datafiles.hanoi.gov.vn/gov-hni/8123/VanBan/2026/4/22/QD%20492%20PL2.pdf,2026-04-14,False,False,PL2-0900_1_013037.md
PL2-0901,901,1.013034,Cấp thẻ nhân viên tiếp cận cộng đồng,Phòng bệnh,Sở Y tế,Một phần,Cấp tỉnh,2,42,https://datafiles.hanoi.gov.vn/gov-hni/8123/VanBan/2026/4/22/QD%20492%20PL2.pdf,2026-04-14,False,False,PL2-0901_1_013034.md
PL2-0902,902,1.013035,Thu hồi Thẻ nhân viên tiếp cận cộng đồng đối với trường hợp nhân viên tiếp cận cộng đồng không tiếp tục tham gia thực hiện các biện pháp can thiệp giảm tác hại trong dự phòng lây nhiễm HIV,Phòng bệnh,Sở Y tế,Một phần,Cấp tỉnh,2,42,https://datafiles.hanoi.gov.vn/gov-hni/8123/VanBan/2026/4/22/QD%20492%20PL2.pdf,2026-04-14,False,False,PL2-0902_1_013035.md
PL2-0903,903,2.000997,Cấp giấy chứng nhận tiêm chủng quốc tế hoặc áp dụng biện pháp dự phòng,Phòng bệnh,Sở Y tế,Một phần,Cấp tỉnh,2,42,https://datafiles.hanoi.gov.vn/gov-hni/8123/VanBan/2026/4/22/QD%20492%20PL2.pdf,2026-04-14,False,False,PL2-0903_2_000997.md
PL2-0904,904,1.001386,Xác định trường hợp được bồi thường do xảy ra tai biến trong tiêm chủng,Phòng bệnh,Sở Y tế,Một phần,Cấp tỉnh,2,42,https://datafiles.hanoi.gov.vn/gov-hni/8123/VanBan/2026/4/22/QD%20492%20PL2.pdf,2026-04-14,False,False,PL2-0904_1_001386.md
PL2-0905,905,2.000552,Cấp lại Giấy phép hoạt động đối với trạm. điểm sơ cấp cứu chữ thập đỏ khi thay đổi địa điểm,Khám bệnh. chữa bệnh,Sở Y tế,Một phần,Cấp tỉnh,2,43,https://datafiles.hanoi.gov.vn/gov-hni/8123/VanBan/2026/4/22/QD%20492%20PL2.pdf,2026-04-14,False,False,PL2-0905_2_000552.md
PL2-0906,906,1.014078,Cho phép nhập khẩu thuốc. nguyên liệu làm thuốc có hạn dùng còn lại tại thời điểm thông quan ngắn hơn quy định,Dược phẩm,Sở Y tế,Một phần,Cấp tỉnh,2,43,https://datafiles.hanoi.gov.vn/gov-hni/8123/VanBan/2026/4/22/QD%20492%20PL2.pdf,2026-04-14,False,False,PL2-0906_1_014078.md
PL2-0907,907,2.001661,Hỗ trợ học văn hóa. học nghề. trợ cấp khó khăn ban đầu cho nạn nhân,Phòng. chống tệ nạn xã hội,Sở Y tế,Một phần,Cấp xã,2,43,https://datafiles.hanoi.gov.vn/gov-hni/8123/VanBan/2026/4/22/QD%20492%20PL2.pdf,2026-04-14,False,False,PL2-0907_2_001661.md
PL2-0908,908,1.000091,Đề nghị chấm dứt hoạt động của cơ sở hỗ trợ nạn nhân,Phòng. chống tệ nạn xã hội,Sở Y tế,Một phần,Cấp tỉnh,2,43,https://datafiles.hanoi.gov.vn/gov-hni/8123/VanBan/2026/4/22/QD%20492%20PL2.pdf,2026-04-14,False,False,PL2-0908_1_000091.md
PL2-0909,909,2.000027,Cấp lại. sửa đổi. bổ sung Giấy phép thành lập cơ sở hỗ trợ nạn nhân,Phòng. chống tệ nạn xã hội,Sở Y tế,Một phần,Cấp tỉnh,2,43,https://datafiles.hanoi.gov.vn/gov-hni/8123/VanBan/2026/4/22/QD%20492%20PL2.pdf,2026-04-14,False,False,PL2-0909_2_000027.md
PL2-0910,910,2.000025,Cấp Giấy phép thành lập cơ sở hỗ trợ nạn nhân,Phòng. chống tệ nạn xã hội,Sở Y tế,Một phần,Cấp tỉnh,2,43,https://datafiles.hanoi.gov.vn/gov-hni/8123/VanBan/2026/4/22/QD%20492%20PL2.pdf,2026-04-14,False,False,PL2-0910_2_000025.md
PL2-0911,911,1.002238,Xác nhận Đơn hàng nhập khẩu mỹ phẩm dùng cho nghiên cứu. kiểm nghiệm,Mỹ phẩm,Sở Y tế,Một phần,Cấp tỉnh,2,43,https://datafiles.hanoi.gov.vn/gov-hni/8123/VanBan/2026/4/22/QD%20492%20PL2.pdf,2026-04-14,False,False,PL2-0911_1_002238.md
PL2-0912,912,1.014037,Công bố tiêu chuẩn chất lượng vị thuốc cổ truyền. dược liệu,Y Dược cổ truyền,Sở Y tế,Một phần,Cấp tỉnh,2,43,https://datafiles.hanoi.gov.vn/gov-hni/8123/VanBan/2026/4/22/QD%20492%20PL2.pdf,2026-04-14,False,False,PL2-0912_1_014037.md
PL2-0913,913,1.012416,Cấp giấy chứng nhận lương y theo quy định cho các đối tượng quy định tại khoản 4. 5 và khoản 6 Điều 1 Thông tư số 02/2024/TT -BYT,Y Dược cổ truyền,Sở Y tế,Một phần,Cấp tỉnh,2,43,https://datafiles.hanoi.gov.vn/gov-hni/8123/VanBan/2026/4/22/QD%20492%20PL2.pdf,2026-04-14,False,False,PL2-0913_1_012416.md
PL2-0914,914,1.012417,Cấp lại giấy chứng nhận lương y,Y Dược cổ truyền,Sở Y tế,Một phần,Cấp tỉnh,2,43,https://datafiles.hanoi.gov.vn/gov-hni/8123/VanBan/2026/4/22/QD%20492%20PL2.pdf,2026-04-14,False,False,PL2-0914_1_012417.md
PL2-0915,915,1.012418,Cấp giấy chứng nhận người có bài thuốc gia truyền. giấy chứng nhận người có phương pháp chữa bệnh gia truyền,Y Dược cổ truyền,Sở Y tế,Một phần,Cấp tỉnh,2,43,https://datafiles.hanoi.gov.vn/gov-hni/8123/VanBan/2026/4/22/QD%20492%20PL2.pdf,2026-04-14,False,False,PL2-0915_1_012418.md
PL2-0916,916,1.012419,Cấp lại giấy chứng nhận người có bài thuốc gia truyền. giấy chứng nhận người có phương pháp chữa bệnh gia truyền,Y Dược cổ truyền,Sở Y tế,Một phần,Cấp tỉnh,2,43,https://datafiles.hanoi.gov.vn/gov-hni/8123/VanBan/2026/4/22/QD%20492%20PL2.pdf,2026-04-14,False,False,PL2-0916_1_012419.md
PL2-0917,917,1.013313,Xác nhận nơi thường xuyên đậu. đỗ; sử dụng phương tiện vào mục đích để ở,"Đăng ký, quản lý cư trú (Bộ Công an)",Công an Thành phố,Một phần,Cấp xã,2,43,https://datafiles.hanoi.gov.vn/gov-hni/8123/VanBan/2026/4/22/QD%20492%20PL2.pdf,2026-04-14,False,False,PL2-0917_1_013313.md
PL2-0918,918,1.013314,Xác nhận về điều kiện diện tích bình quân nhà ở để đăng ký thường trú vào chỗ ở do thuê. mượn. ở nhờ; nhà ở. đất ở không có tranh chấp quyền sở hữu nhà ở. quyền sử dụng đất ở. không thuộc địa điểm không được đăng ký thường trú mới,"Đăng ký, quản lý cư trú (Bộ Công an)",Công an Thành phố,Một phần,Cấp xã,2,43,https://datafiles.hanoi.gov.vn/gov-hni/8123/VanBan/2026/4/22/QD%20492%20PL2.pdf,2026-04-14,False,False,PL2-0918_1_013314.md
PL2-0919,919,3.000494,Phục hồi hoạt động của cơ sở. phương tiện giao thông cơ giới. hộ gia đình và cá nhân,"Phòng cháy, chữa cháy (Bộ Công an)",Công an Thành phố,Một phần,Cấp xã,2,43,https://datafiles.hanoi.gov.vn/gov-hni/8123/VanBan/2026/4/22/QD%20492%20PL2.pdf,2026-04-14,False,False,PL2-0919_3_000494.md
PL2-0920,920,3.000509,Chế độ. chính sách đối với người được huy động. người tham gia phòng cháy. chữa cháy. cứu nạn. cứu hộ chưa tham gia bảo hiểm y tế. bảo hiểm xã hội mà bị tai nạn. bị thương,"Phòng cháy, chữa cháy (Bộ Công an)",Công an Thành phố,Một phần,Cấp xã,2,43,https://datafiles.hanoi.gov.vn/gov-hni/8123/VanBan/2026/4/22/QD%20492%20PL2.pdf,2026-04-14,False,False,PL2-0920_3_000509.md
PL2-0921,921,3.000510,Chế độ. chính sách đối với người được huy động. người tham gia phòng cháy. chữa cháy. cứu nạn. cứu hộ chưa tham gia bảo hiểm xã hội. bị chết,"Phòng cháy, chữa cháy (Bộ Công an)",Công an Thành phố,Một phần,Cấp xã,2,43,https://datafiles.hanoi.gov.vn/gov-hni/8123/VanBan/2026/4/22/QD%20492%20PL2.pdf,2026-04-14,False,False,PL2-0921_3_000510.md
PL3-0001,1,"1,012,427",Thành lập/mở rộng cụm công nghiệp,Cụm công nghiệp,Sở Công Thương,Cung cấp thông tin,Cấp tỉnh và cấp xã,3,1,https://datafiles.hanoi.gov.vn/gov-hni/8123/VanBan/2026/4/22/QD%20492%20PL3.pdf,2026-04-14,False,True,"PL3-0001_1,012,427.md"
PL3-0002,2,"2,002,478",Chuyển trường đối với học sinh trung học phổ thông,Giáo dục trung học,Sở Giáo dục và Đào tạo,Cung cấp thông tin,Cấp tỉnh,3,1,https://datafiles.hanoi.gov.vn/gov-hni/8123/VanBan/2026/4/22/QD%20492%20PL3.pdf,2026-04-14,False,True,"PL3-0002_2,002,478.md"
PL3-0003,3,"1,001,088",Xin học lại tại trường khác đối với học sinh trung học,Giáo dục trung học,Sở Giáo dục và Đào tạo,Cung cấp thông tin,Cấp tỉnh,3,1,https://datafiles.hanoi.gov.vn/gov-hni/8123/VanBan/2026/4/22/QD%20492%20PL3.pdf,2026-04-14,False,True,"PL3-0003_1,001,088.md"
PL3-0004,4,"2,002,481",Chuyển trường đối với học sinh trung học cơ sở,Giáo dục trung học,Sở Giáo dục và Đào tạo,Cung cấp thông tin,Cấp xã,3,1,https://datafiles.hanoi.gov.vn/gov-hni/8123/VanBan/2026/4/22/QD%20492%20PL3.pdf,2026-04-14,False,True,"PL3-0004_2,002,481.md"
PL3-0005,5,"2,002,482",Tiếp nhận học sinh trung học cơ sở Việt Nam về nước,Giáo dục trung học,Sở Giáo dục và Đào tạo,Cung cấp thông tin,Cấp xã,3,1,https://datafiles.hanoi.gov.vn/gov-hni/8123/VanBan/2026/4/22/QD%20492%20PL3.pdf,2026-04-14,False,True,"PL3-0005_2,002,482.md"
PL3-0006,6,"1,003,976",Giải quyết việc nuôi con nuôi có yếu tố nước ngoài đối với trẻ em sống ở cơ sở nuôi dưỡng,Nuôi con nuôi,Sở Tư pháp,Cung cấp thông tin,Cấp tỉnh,3,1,https://datafiles.hanoi.gov.vn/gov-hni/8123/VanBan/2026/4/22/QD%20492%20PL3.pdf,2026-04-14,False,True,"PL3-0006_1,003,976.md"
PL3-0007,7,"1,004,878",Giải quyết việc nuôi con nuôi có yếu tố nước ngoài đối với trường hợp cha dượng. mẹ kế nhận con riêng của vợ hoặc chồng; cô. cậu. dì. chú. bác ruột nhận cháu làm con nuôi,Nuôi con nuôi,Sở Tư pháp,Cung cấp thông tin,Cấp tỉnh,3,1,https://datafiles.hanoi.gov.vn/gov-hni/8123/VanBan/2026/4/22/QD%20492%20PL3.pdf,2026-04-14,False,True,"PL3-0007_1,004,878.md"
PL3-0008,8,1.003160,Giải quyết việc người nước ngoài thường trú ở Việt Nam nhận trẻ em Việt Nam làm con nuôi,Nuôi con nuôi,Sở Tư pháp,Cung cấp thông tin,Cấp tỉnh,3,1,https://datafiles.hanoi.gov.vn/gov-hni/8123/VanBan/2026/4/22/QD%20492%20PL3.pdf,2026-04-14,False,False,PL3-0008_1_003160.md
PL3-0009,9,"2,000,884",Chứng thực chữ ký trong các giấy tờ. văn bản (áp dụng cho cả trường hợp chứng thực điểm chỉ và trường hợp người yêu cầu chứng thực không ký. không điểm chỉ được),Chứng thực,Sở Tư pháp,Cung cấp thông tin,Cấp xã,3,1,https://datafiles.hanoi.gov.vn/gov-hni/8123/VanBan/2026/4/22/QD%20492%20PL3.pdf,2026-04-14,False,True,"PL3-0009_2,000,884.md"
PL3-0010,10,"2,000,815",Chứng thực bản sao từ bản chính giấy tờ. văn bản do cơ quan. tổ chức có thẩm quyền của Việt Nam; cơ quan. tổ chức có thẩm quyền của nước ngoài; cơ quan. tổ chức có thẩm quyền của Việt Nam liên kết với cơ quan. tổ chức có thẩm quyền của nước ngoài cấp hoặc chứng nhận,Chứng thực,Sở Tư pháp,Cung cấp thông tin,Cấp xã,3,1,https://datafiles.hanoi.gov.vn/gov-hni/8123/VanBan/2026/4/22/QD%20492%20PL3.pdf,2026-04-14,False,True,"PL3-0010_2,000,815.md"
PL3-0011,11,"2,001,008",Chứng thực chữ ký người dịch mà người dịch không phải là cộng tác viên dịch thuật của Ủy ban nhân dân cấp xã. tổ chức hành nghề công chứng,Chứng thực,Sở Tư pháp,Cung cấp thông tin,Cấp xã,3,1,https://datafiles.hanoi.gov.vn/gov-hni/8123/VanBan/2026/4/22/QD%20492%20PL3.pdf,2026-04-14,False,True,"PL3-0011_2,001,008.md"
PL3-0012,12,"2,000,992",Chứng thực chữ ký người dịch mà người dịch là cộng tác viên dịch thuật của Ủy ban nhân dân cấp,Chứng thực,Sở Tư pháp,Cung cấp thông tin,Cấp xã,3,1,https://datafiles.hanoi.gov.vn/gov-hni/8123/VanBan/2026/4/22/QD%20492%20PL3.pdf,2026-04-14,False,True,"PL3-0012_2,000,992.md"
PL3-0013,13,"2,000,942",Cấp bản sao có chứng thực từ bản chính giao dịch đã được chứng thực,Chứng thực,Sở Tư pháp,Cung cấp thông tin,Cấp xã,3,1,https://datafiles.hanoi.gov.vn/gov-hni/8123/VanBan/2026/4/22/QD%20492%20PL3.pdf,2026-04-14,False,True,"PL3-0013_2,000,942.md"
PL3-0014,14,1.014193,Thủ tục khám bệnh. chữa bệnh bảo hiểm y tế,Bảo hiểm y tế,Sở Y tế,Cung cấp thông tin,Cấp tỉnh và cấp xã,3,1,https://datafiles.hanoi.gov.vn/gov-hni/8123/VanBan/2026/4/22/QD%20492%20PL3.pdf,2026-04-14,False,False,PL3-0014_1_014193.md
PL3-0015,15,1.002204,Cấp giấy chứng nhận kiểm dịch y tế mẫu vi sinh y học. sản phẩm sinh học. mô. bộ phận cơ thể người,Phòng bệnh,Sở Y tế,Cung cấp thông tin,Cấp tỉnh,3,1,https://datafiles.hanoi.gov.vn/gov-hni/8123/VanBan/2026/4/22/QD%20492%20PL3.pdf,2026-04-14,False,False,PL3-0015_1_002204.md
PL3-0016,16,2.000972,Cấp giấy chứng nhận kiểm dịch y tế thi thể. hài cốt,Phòng bệnh,Sở Y tế,Cung cấp thông tin,Cấp tỉnh,3,1,https://datafiles.hanoi.gov.vn/gov-hni/8123/VanBan/2026/4/22/QD%20492%20PL3.pdf,2026-04-14,False,False,PL3-0016_2_000972.md
PL3-0017,17,2.000981,Kiểm dịch y tế đối với hàng hóa,Phòng bệnh,Sở Y tế,Cung cấp thông tin,Cấp tỉnh,3,1,https://datafiles.hanoi.gov.vn/gov-hni/8123/VanBan/2026/4/22/QD%20492%20PL3.pdf,2026-04-14,False,False,PL3-0017_2_000981.md
PL3-0018,18,2.000993,Kiểm dịch y tế đối với phương tiện vận tải,Phòng bệnh,Sở Y tế,Cung cấp thông tin,Cấp tỉnh,3,1,https://datafiles.hanoi.gov.vn/gov-hni/8123/VanBan/2026/4/22/QD%20492%20PL3.pdf,2026-04-14,False,False,PL3-0018_2_000993.md
PL3-0019,19,1.014331,Cấp Giấy chứng sinh,"Dân số, Bà mẹ - Trẻ em",Sở Y tế,Cung cấp thông tin,Cấp tỉnh và cấp xã,3,1,https://datafiles.hanoi.gov.vn/gov-hni/8123/VanBan/2026/4/22/QD%20492%20PL3.pdf,2026-04-14,False,False,PL3-0019_1_014331.md
PL3-0020,20,1.014332,Cấp lại Giấy chứng sinh,"Dân số, Bà mẹ - Trẻ em",Sở Y tế,Cung cấp thông tin,Cấp tỉnh và cấp xã,3,1,https://datafiles.hanoi.gov.vn/gov-hni/8123/VanBan/2026/4/22/QD%20492%20PL3.pdf,2026-04-14,False,False,PL3-0020_1_014332.md
PL3-0021,21,1.014527,Đề nghị mang thai hộ vì mục đích nhân đạo,Dân số. Bà mẹ - Trẻ em,Sở Y tế,Cung cấp thông tin,Cấp tỉnh,3,1,https://datafiles.hanoi.gov.vn/gov-hni/8123/VanBan/2026/4/22/QD%20492%20PL3.pdf,2026-04-14,False,False,PL3-0021_1_014527.md
PL3-0022,22,2.002499,Thủ tục xử lý đơn tại cấp tỉnh,Tiếp công dân và xử lý đơn,Thanh tra Thành phố,Cung cấp thông tin,Cấp tỉnh,3,2,https://datafiles.hanoi.gov.vn/gov-hni/8123/VanBan/2026/4/22/QD%20492%20PL3.pdf,2026-04-14,False,False,PL3-0022_2_002499.md
PL3-0023,23,2.002394,Thủ tục giải quyết tố cáo tại cấp tỉnh,Giải quyết tố cáo,Thanh tra Thành phố,Cung cấp thông tin,Cấp tỉnh,3,2,https://datafiles.hanoi.gov.vn/gov-hni/8123/VanBan/2026/4/22/QD%20492%20PL3.pdf,2026-04-14,False,False,PL3-0023_2_002394.md
PL3-0024,24,2.002411,Thủ tục giải quyết khiếu nại lần hai tại cấp tỉnh,Giải quyết khiếu nại,Thanh tra Thành phố,Cung cấp thông tin,Cấp tỉnh,3,2,https://datafiles.hanoi.gov.vn/gov-hni/8123/VanBan/2026/4/22/QD%20492%20PL3.pdf,2026-04-14,False,False,PL3-0024_2_002411.md
PL3-0025,25,2.002407,Thủ tục giải quyết khiếu nại lần đầu tại cấp tỉnh,Giải quyết khiếu nại,Thanh tra Thành phố,Cung cấp thông tin,Cấp tỉnh,3,2,https://datafiles.hanoi.gov.vn/gov-hni/8123/VanBan/2026/4/22/QD%20492%20PL3.pdf,2026-04-14,False,False,PL3-0025_2_002407.md
PL3-0026,26,1.010943,Thủ tục tiếp công dân cấp tỉnh,Tiếp công dân và xử lý đơn,Thanh tra Thành phố,Cung cấp thông tin,Cấp tỉnh,3,2,https://datafiles.hanoi.gov.vn/gov-hni/8123/VanBan/2026/4/22/QD%20492%20PL3.pdf,2026-04-14,False,False,PL3-0026_1_010943.md
PL3-0027,27,2.002501,Thủ tục xử lý đơn tại cấp xã,Tiếp công dân và xử lý đơn,Thanh tra Thành phố,Cung cấp thông tin,Cấp xã,3,2,https://datafiles.hanoi.gov.vn/gov-hni/8123/VanBan/2026/4/22/QD%20492%20PL3.pdf,2026-04-14,False,False,PL3-0027_2_002501.md
PL3-0028,28,1.010945,Thủ tục tiếp công dân tại cấp xã,Tiếp công dân và xử lý đơn,Thanh tra Thành phố,Cung cấp thông tin,Cấp xã,3,2,https://datafiles.hanoi.gov.vn/gov-hni/8123/VanBan/2026/4/22/QD%20492%20PL3.pdf,2026-04-14,False,False,PL3-0028_1_010945.md
PL3-0029,29,2.002396,Thủ tục giải quyết tố cáo tại cấp xã,Giải quyết tố cáo,Thanh tra Thành phố,Cung cấp thông tin,Cấp xã,3,2,https://datafiles.hanoi.gov.vn/gov-hni/8123/VanBan/2026/4/22/QD%20492%20PL3.pdf,2026-04-14,False,False,PL3-0029_2_002396.md
PL3-0030,30,2.002409,Thủ tục giải quyết khiếu nại lần đầu tại cấp xã,Giải quyết khiếu nại,Thanh tra Thành phố,Cung cấp thông tin,Cấp xã,3,2,https://datafiles.hanoi.gov.vn/gov-hni/8123/VanBan/2026/4/22/QD%20492%20PL3.pdf,2026-04-14,False,False,PL3-0030_2_002409.md
PL3-0031,31,2.002401,Thủ tục xác minh tài sản. thu nhập,Phòng chống tham nhũng,Thanh tra Thành phố,Cung cấp thông tin,Cấp tỉnh và cấp xã,3,2,https://datafiles.hanoi.gov.vn/gov-hni/8123/VanBan/2026/4/22/QD%20492%20PL3.pdf,2026-04-14,False,False,PL3-0031_2_002401.md
PL3-0032,32,2.002402,Thủ tục tiếp nhận yêu cầu giải trình,Phòng chống tham nhũng,Thanh tra Thành phố,Cung cấp thông tin,Cấp tỉnh và cấp xã,3,2,https://datafiles.hanoi.gov.vn/gov-hni/8123/VanBan/2026/4/22/QD%20492%20PL3.pdf,2026-04-14,False,False,PL3-0032_2_002402.md
PL3-0033,33,2.002403,Thủ tục thực hiện việc giải trình,Phòng chống tham nhũng,Thanh tra Thành phố,Cung cấp thông tin,Cấp tỉnh và cấp xã,3,2,https://datafiles.hanoi.gov.vn/gov-hni/8123/VanBan/2026/4/22/QD%20492%20PL3.pdf,2026-04-14,False,False,PL3-0033_2_002403.md
PL3-0034,34,2.002400,Thủ tục kê khai tài sản. thu nhập,Phòng chống tham nhũng,Thanh tra Thành phố,Cung cấp thông tin,Cấp tỉnh và cấp xã,3,2,https://datafiles.hanoi.gov.vn/gov-hni/8123/VanBan/2026/4/22/QD%20492%20PL3.pdf,2026-04-14,False,False,PL3-0034_2_002400.md
